,movie_title,closeness
0,Warrior,0.2929114569477698
1,Vantage Point,0.28966110963317665
2,Zero Dark Thirty,0.28639228813809825
3,Zombieland,0.2848526499364488
4,You Kill Me,0.2830994502083888
5,War,0.28223818391416156
6,Virtuosity,0.2806615973515413
7,Wanderlust,0.2763763264461588
8,Whatever Works,0.26869328426591
9,White Chicks,0.2686906978806421
10,U2 3D,0.2664176347137241
11,War of the Worlds,0.2650720985683742
12,Zero Effect,0.26434150631078
13,Young Frankenstein,0.2640451804557949
14,Underworld: Rise of the Lycans,0.26369232360852474
15,Whiplash,0.26345548461470253
16,Zathura: A Space Adventure,0.2623721586710413
17,This Is the End,0.2620115426679673
18,The Warrior's Way,0.262007232025854
19,Tropic Thunder,0.26101652330702624
20,Unfriended,0.26093412846206143
21,The Wraith,0.26007175371700514
22,Wall Street: Money Never Sleeps,0.25993541426502326
23,The Proposal,0.2593715822766104
24,Woman in Gold,0.25895037096154416
25,What's Your Number?,0.25894667612544703
26,Wrath of the Titans,0.25886908456740854
27,Walking Tall,0.25829564600514315
28,The Siege,0.25811829387248386
29,Valkyrie,0.25781494782891423
30,Young Guns,0.2570719162897934
31,Wild Wild West,0.2567951730661226
32,Titanic,0.25634920634920627
33,Waterloo,0.25620991102834684
34,Videodrome,0.2557853743607934
35,What Happens in Vegas,0.25516907569980185
36,Wish I Was Here,0.2546163282196802
37,Valiant,0.2544689042594071
38,WarGames,0.25440276669326944
39,Winter's Tale,0.25386369010670673
40,Vertical Limit,0.25372919807277344
41,xXx: State of the Union,0.25370444267092307
42,Wag the Dog,0.2535584966450889
43,You Only Live Twice,0.25343545860305633
44,Two Lovers,0.25343508911944673
45,Whiteout,0.2532847092902958
46,What Lies Beneath,0.25311659424787913
47,The Shawshank Redemption,0.25303937217345035
48,Warcraft,0.25290340220507823
49,The Notebook,0.25269870828530056
50,Zookeeper,0.2525438946528332
51,Wild Target,0.2522107435980805
52,Wyatt Earp,0.2520103603204161
53,The Karate Kid,0.251593213325057
54,The Whole Nine Yards,0.2514494842008809
55,Twilight,0.2512669592976857
56,Untraceable,0.25122446868256926
57,There's Something About Mary,0.2511616564689189
58,When the Game Stands Tall,0.250809908072478
59,Supernova,0.2507034967928823
60,Wanted,0.2501592474357839
61,Stormbreaker,0.24966598681682486
62,Without a Paddle,0.24946609618397347
63,"You, Me and Dupree",0.24930093701043415
64,Woman Thou Art Loosed,0.2492795069610711
65,Walk Hard: The Dewey Cox Story,0.2492703930320318
66,When Harry Met Sally...,0.24922864138413486
67,Whatever It Takes,0.24886790221985755
68,The Shadow,0.2488642073837605
69,Up in the Air,0.24879843930123258
70,The Skeleton Key,0.2485209571103426
71,The Monkey King 2,0.24849435429044361
72,Wonderland,0.24849213738878548
73,The Martian,0.2484492772900595
74,Vacation,0.24843794645936176
75,Y Tu Mamá También,0.24836097070733945
76,Zack and Miri Make a Porno,0.24820837397653042
77,"War, Inc.",0.24805319086045344
78,Winter's Bone,0.2480092223108981
79,Whip It,0.2479549082202713
80,The Rage: Carrie 2,0.24789061807218232
81,The Hobbit: The Desolation of Smaug,0.24776019035795563
82,Walking With Dinosaurs,0.24774701210920952
83,Warm Bodies,0.24774023824303157
84,The Thief and the Cobbler,0.2474856640359434
85,War Horse,0.24740548609263696
86,The Sweet Hereafter,0.2473796222399575
87,Vanity Fair,0.24722739499275806
88,R.I.P.D.,0.24654692934488093
89,The Verdict,0.24648399397002752
90,Veer-Zaara,0.24642943355699395
91,White House Down,0.24610539643128101
92,Troll Hunter,0.24607793148295934
93,Transformers: Age of Extinction,0.24600994649877342
94,Twins,0.2459936892199462
95,Victor Frankenstein,0.24596671691643762
96,X-Men: Days of Future Past,0.24581264225118957
97,Water for Elephants,0.24580673051343446
98,Mean Streets,0.2457272915373475
99,The Saint,0.2456031450444857
100,The Deep End of the Ocean,0.24556028494575977
101,Winter in Wartime,0.24552641561486993
102,Special,0.24551927226508233
103,Tucker and Dale vs Evil,0.24546089385474867
104,X-Men: Apocalypse,0.24536815346871213
105,Tora! Tora! Tora!,0.24517983998896473
106,World War Z,0.24508365108923774
107,Triple 9,0.24503857408885343
108,Winter Passing,0.24472672992226072
109,The Craft,0.24469680174987438
110,Willy Wonka & the Chocolate Factory,0.24466588828786215
111,The Covenant,0.24465320268392873
112,Why Did I Get Married Too?,0.24451279891224023
113,Sliding Doors,0.24450356182199756
114,The Sentinel,0.2444544205019066
115,The Woman in Black,0.24440343176376692
116,Tomorrow Never Dies,0.24436389701752828
117,The Big Year,0.24431032189412083
118,They Live,0.2441846974668203
119,Nighthawks,0.24398185096509115
120,The Losers,0.24394675002216903
121,Pitch Perfect,0.24366113919186547
122,The Road to El Dorado,0.243590937306021
123,Tsotsi,0.24356113229483806
124,Zoom,0.24349277782704232
125,Wild Things,0.2434723330673051
126,Trainwreck,0.24342627077729495
127,The Twilight Saga: Eclipse,0.24336074901717347
128,TRON: Legacy,0.24326172740977203
129,St. Vincent,0.2430870848235839
130,The Sweeney,0.24308400579350303
131,The Birth of a Nation,0.24308326682628353
132,The Haunted Mansion,0.24306368419496907
133,Waterworld,0.24306011252007528
134,Welcome to the Sticks,0.24302193254707213
135,Whale Rider,0.24294778950272447
136,Transcendence,0.2429378134452622
137,Righteous Kill,0.24282758416836633
138,The Wizard of Oz,0.24266661247573723
139,We Need to Talk About Kevin,0.24233284561496848
140,Why Did I Get Married?,0.242229020720641
141,Young Adult,0.24218591429950828
142,Thunderball,0.24201927719153055
143,The Heat,0.24186594149350196
144,The Prince,0.2418007892169903
145,The Specialist,0.24176679672489723
146,The Signal,0.24174943099524104
147,The Remains of the Day,0.2416965948390528
148,The Hateful Eight,0.2416810765274454
149,The Curious Case of Benjamin Button,0.24162158966628236
150,The Lawnmower Man,0.24160015961691936
151,The Little Prince,0.2415561910673642
152,Treasure Planet,0.24155508261653505
153,The Ninth Gate,0.24149337885371414
154,The Shining,0.2414896840176171
155,Tower Heist,0.24146936241908293
156,The Wind That Shakes the Barley,0.24140187007970992
157,The Passion of the Christ,0.2413300670982236
158,Winnie the Pooh,0.24131122343412842
159,Vampires Suck,0.24130210950508918
160,To Die For,0.24118892435931538
161,Waitress,0.24113621136433055
162,The Visit,0.2411151507985774
163,V for Vendetta,0.2410640388992345
164,The Prestige,0.24070933463391542
165,The Barbarian Invasions,0.2405186810913068
166,The Ugly Truth,0.2404988521375859
167,Tupac: Resurrection,0.24048702866207508
168,The Homesman,0.2403935493088193
169,Valentine's Day,0.24033849625097295
170,Star Wars: Episode I - The Phantom Menace,0.2403158345895777
171,Undiscovered,0.2403040111140669
172,The Shallows,0.2402563477284147
173,The Adventures of Ford Fairlane,0.24018996383987073
174,Sparkle,0.24012111672726202
175,Saving Silverman,0.240107568994906
176,Sense and Sensibility,0.239981082439183
177,The Lazarus Effect,0.23988772624713017
178,The Return of the Pink Panther,0.2398377227986166
179,The Cell,0.23946860867251937
180,The Village,0.23945752416422797
181,Toy Story,0.23943904998374263
182,The Mechanic,0.23941774309558295
183,Rumble in the Bronx,0.2393359640566345
184,The Purge: Anarchy,0.2392857142857142
185,The To Do List,0.23928349738405602
186,Under Siege 2: Dark Territory,0.23924765747391447
187,This Is Where I Leave You,0.23918312100341885
188,State of Play,0.2391541781206585
189,The Spanish Prisoner,0.2391224025302238
190,The Monuments Men,0.23910097248086093
191,The Railway Man,0.23908249830037542
192,Slackers,0.23900022661661396
193,Serendipity,0.23893913865980917
194,Yogi Bear,0.2389366754357443
195,Under the Rainbow,0.2388986186239446
196,Unbreakable,0.238823120806361
197,Nightcrawler,0.23881462268333778
198,Serenity,0.23871707901037506
199,The Smurfs,0.23870020592553168
200,This Means War,0.23853603204161866
201,Philomena,0.2384743282787975
202,The Extra Man,0.23814622683337763
203,X2,0.23814179303006114
204,The Dark Knight,0.2380069315125183
205,The Shaggy Dog,0.2377889361827909
206,Hannah Montana: The Movie,0.2377283408707991
207,The Virgin Suicides,0.23760973663208296
208,Unleashed,0.23751404037716886
209,Speed Racer,0.23740245632703721
210,Sky Captain and the World of Tomorrow,0.2373991309745498
211,We're the Millers,0.23738410530775522
212,The Island of Dr. Moreau,0.2372849605391504
213,The Fountain,0.2371970234400402
214,The Untouchables,0.23714135457617777
215,Zodiac,0.23706622624220386
216,The Great Gatsby,0.23705378696067705
217,Turbulence,0.2370449193540441
218,Tomorrowland,0.23700341402855374
219,"The Good, the Bad and the Ugly",0.23698826520055574
220,The Man from Snowy River,0.2369254529869054
221,Torque,0.23691289054417536
222,The Sea Inside,0.23690402293754234
223,Herbie Fully Loaded,0.2368681830274009
224,The Valley of Decision,0.23686756722138477
225,The In Crowd,0.23682569241228477
226,The Phantom of the Opera,0.23681793325648076
227,We Bought a Zoo,0.23680290758968586
228,Swordfish,0.23675290414117237
229,Two Girls and a Guy,0.23668615076901858
230,The Amazing Spider-Man,0.23661385514271924
231,Virgin Territory,0.23655523040997897
232,Skyfall,0.23655412195914988
233,Tumbleweeds,0.23642997546628808
234,The Princess Diaries,0.2363901943976431
235,The Day After Tomorrow,0.23636174415969566
236,The Game Plan,0.2362899411782093
237,The Terminator,0.23626998906328509
238,The Age of Innocence,0.23617293803513542
239,The Abyss,0.236153355403821
240,West Side Story,0.23601319795453876
241,The Right Stuff,0.23597218527386124
242,The Midnight Meat Train,0.23589557900544864
243,The Messenger: The Story of Joan of Arc,0.23580382390903815
244,The Insider,0.2357841181165204
245,The Time Machine,0.2357827633432847
246,Zoolander 2,0.2357809159252362
247,Stomp the Yard,0.23575862374745057
248,Toy Story 2,0.23563755628466979
249,The Way Way Back,0.23558459696727857
250,The Simpsons Movie,0.23557277349176786
251,The Happening,0.23555245189323407
252,What to Expect When You're Expecting,0.23551574985466966
253,Unforgiven,0.23548754593912868
254,Unknown,0.23548077207295087
255,The Hangover Part II,0.23547079601548876
256,The Ring Two,0.2354251032090884
257,Set It Off,0.23528913324071604
258,The Golden Child,0.2352797729892702
259,Ray,0.2352672105465401
260,The Story of Us,0.23516572571507405
261,Skyline,0.2350681820421112
262,The Water Diviner,0.23505771333983635
263,The Time Traveler's Wife,0.2350318494871567
264,Two Brothers,0.2349724857871972
265,Panic Room,0.2349562285083699
266,The Lizzie McGuire Movie,0.23492519188515465
267,The Avengers,0.23488368655966405
268,Swingers,0.23483121988708575
269,While We're Young,0.23481582473668136
270,"Surfer, Dude",0.23479993694146403
271,The International,0.2347961189441636
272,The Diving Bell and the Butterfly,0.23477210250953268
273,The Boat That Rocked,0.23471224616476005
274,You Don't Mess with the Zohan,0.23469561940232328
275,Modern Times,0.2346857665060645
276,Wreck-It Ralph,0.2346025095326771
277,Rounders,0.2345411752534657
278,World Trade Center,0.234538712029401
279,The Pianist,0.23446838698235342
280,The Red Violin,0.23443020700935047
281,The Hangover,0.2344288522361148
282,Mad Max: Fury Road,0.2344171519218075
283,Wild,0.2343915343915344
284,The Skulls,0.23428623156276804
285,Random Hearts,0.2342819209206545
286,True Lies,0.23426480151340487
287,The Firm,0.2342399229503511
288,Meet the Deedles,0.23423967662794484
289,No End in Sight,0.2341947227887636
290,The Station Agent,0.23417501699624607
291,The 40 Year Old Virgin,0.23414213295498215
292,Ghost,0.23408831150916823
293,Where the Heart Is,0.23408375454464833
294,Parental Guidance,0.23406281714009833
295,The Cookout,0.2340528410826362
296,The Sessions,0.23405062418097802
297,Training Day,0.2340146611096331
298,Source Code,0.23401035046751995
299,The Final Destination,0.23398879725695368
300,The November Man,0.23397894436069488
301,Underworld: Evolution,0.2338695772122216
302,"O Brother, Where Art Thou?",0.23386354231326306
303,The Marine,0.23386329599085637
304,Up,0.23385578315745903
305,The Thirteenth Floor,0.23381477047678176
306,The Crow,0.2336972746888949
307,Raising Victor Vargas,0.23359566669622545
308,To Rome with Love,0.23359492772900592
309,The Boondock Saints,0.23359123289290895
310,Paul,0.2335731281960333
311,Patch Adams,0.23347632349029007
312,The Fugitive,0.23343802035608377
313,Metallica: Through the Never,0.23343802035608371
314,Movie 43,0.2333743460140108
315,Trading Places,0.2333223719862452
316,Witness,0.23331079483314127
317,Sideways,0.23330205038771148
318,Tusk,0.23328677839851023
319,Transamerica,0.2332458888790359
320,Watchmen,0.23323061688983476
321,Stuck on You,0.23322248825042136
322,Solitary Man,0.23321596070664963
323,Transformers,0.23320413723113922
324,The Cabin in the Woods,0.23318824943592179
325,Wall Street,0.23318406195501162
326,The History Boys,0.23313048683160412
327,The Lost World: Jurassic Park,0.23306287133102796
328,Shark Night,0.23305548165883366
329,The Raven,0.2329739489422915
330,Nebraska,0.23291914220685164
331,Trust,0.2328300966569122
332,Scooby-Doo,0.23282344595193763
333,Scream 4,0.23281950479343394
334,The Interpreter,0.2327842806893085
335,The Big Hit,0.2327240548609264
336,The Spiderwick Chronicles,0.23271962105760977
337,The Express,0.2327107534509769
338,The Curse of the Were-Rabbit,0.23270274797276652
339,Year One,0.23269424984974335
340,The Girl with the Dragon Tattoo,0.2326714650271445
341,Sky High,0.2326560698767403
342,Midnight in Paris,0.23262022996659873
343,The Wolverine,0.23261764358133066
344,Torn Curtain,0.2326128402944045
345,Phenomenon,0.23257564561102725
346,Shopgirl,0.23257342870936898
347,The Blind Side,0.23254202260254384
348,The Frozen Ground,0.2325389435724629
349,The Call,0.23250876907767049
350,The Pelican Brief,0.2324994088262244
351,The Lost Boys,0.2324747765855774
352,The Mask,0.2324462031864266
353,Woodstock,0.2324223099129988
354,That's My Boy,0.2323593745381456
355,Return of the Living Dead 3,0.23235900505453572
356,The Conjuring 2,0.23234508783857025
357,The Hills Have Eyes,0.23233437281388858
358,The Work and the Glory II: American Zion,0.23226109189796332
359,The 5th Wave,0.2322575202230696
360,Novocaine,0.23217845073059243
361,The Italian Job,0.2320427270846266
362,Office Space,0.23196784507305915
363,Takers,0.23195860798281662
364,This Is England,0.23193890219029886
365,Now You See Me 2,0.23191266885400963
366,Underworld,0.23188545022809448
367,The Santa Clause,0.23187313410777108
368,Moneyball,0.23182731814016724
369,What Dreams May Come,0.2318202979515828
370,The World Is Not Enough,0.2318072428640398
371,Take the Lead,0.23178507384745753
372,Unstoppable,0.23175933315598127
373,The Broken Hearts Club: A Romantic Comedy,0.23167361295852912
374,Steve Jobs,0.23165193658675978
375,Killer Joe,0.23158542953701244
376,The Incredible Hulk,0.23158235050693157
377,Rubber,0.23157840934842808
378,Night of the Living Dead,0.23155217601213884
379,The Messenger,0.23155205285093539
380,The Mask of Zorro,0.23149921669474743
381,Silent Hill: Revelation 3D,0.2314941670854148
382,Woo,0.23147027381198707
383,The Funeral,0.23143283280620344
384,Two Weeks Notice,0.23137654813632477
385,White Fang,0.23137371542865035
386,Twilight Zone: The Movie,0.23136386253239127
387,Your Highness,0.23132297301291713
388,Volver,0.2313194013380232
389,W.,0.23128294562186555
390,The Transporter,0.23128245297705244
391,The Bourne Supremacy,0.23125794389760865
392,The Hunt,0.2312557269959504
393,Very Bad Things,0.23123281901214882
394,The Fog,0.23121508379888273
395,No Country for Old Men,0.2312144679928665
396,How to Train Your Dragon,0.231212127930005
397,My Big Fat Greek Wedding,0.23119784123042963
398,Khumba,0.23114500507424157
399,The Invasion,0.23112825515060148
400,Over the Hedge,0.23110510084439326
401,In Bruges,0.23109537110933748
402,Syriana,0.23105066359256307
403,This Is 40,0.2310461066280433
404,The Legend of Zorro,0.23104191914713335
405,Safety Not Guaranteed,0.2309983200811879
406,Win a Date with Tad Hamilton!,0.23097541209738598
407,The Finest Hours,0.23096802242519182
408,Street Fighter: The Legend of Chun-Li,0.23096174120382704
409,Mamma Mia!,0.23095114934034852
410,Undisputed,0.230933044643473
411,The Mummy: Tomb of the Dragon Emperor,0.23091333885095533
412,The Infiltrator,0.2308867360310564
413,White Squall,0.230805572798124
414,The Score,0.2307987989319459
415,Tootsie,0.23079473461223918
416,The House Bunny,0.2306856137861725
417,The Hurt Locker,0.2306688638625324
418,Sicko,0.23063696511089443
419,The Last Samurai,0.2306231710561319
420,Spy Kids 3-D: Game Over,0.23061849093040895
421,I'm Not There.,0.23059779984826542
422,Philadelphia,0.23058080360221894
423,The Stewardesses,0.23055666400638478
424,Super,0.23055383129871018
425,The Thing,0.23045727291537343
426,The Good Girl,0.23042808371020654
427,Monster House,0.2304229109396708
428,Mud,0.23042155616643514
429,Stop-Loss,0.2304193392647769
430,Mystery Men,0.23038460780546433
431,Now You See Me,0.23035788182436223
432,The Thin Red Line,0.23026809730720338
433,Marci X,0.23023558274954922
434,The Lunchbox,0.2301791749184673
435,Twister,0.23017252421349252
436,Superman Returns,0.23015577428985254
437,The Lone Ranger,0.23012289024858854
438,Sleeper,0.23008852827288573
439,Soul Plane,0.2300177105810253
440,Kabhi Alvida Naa Kehna,0.2300125378104895
441,Thirteen,0.2299994827229463
442,Red Sonja,0.22995526785098472
443,The Pirate,0.22988235641866916
444,Unbroken,0.2298733656508329
445,The Chronicles of Narnia: The Voyage of the Dawn Treader,0.22987090242676833
446,Muppets from Space,0.229816957819751
447,The League of Extraordinary Gentlemen,0.22974884967436177
448,The Women,0.22968813120116655
449,Killer Elite,0.2296591883184062
450,Time Bandits,0.22960130255288544
451,Rambo: First Blood Part II,0.22958824746534237
452,The Raid,0.22958418314563556
453,The Next Three Days,0.22957063541327974
454,Your Sister's Sister,0.22956016671100474
455,San Andreas,0.22954538736661645
456,Ponyo,0.22953775137201585
457,Yes Man,0.2295325786014799
458,Slow Burn,0.22949452178967988
459,Vanilla Sky,0.22946348516646484
460,What's Eating Gilbert Grape,0.22943786763619173
461,The Naked Gun 33⅓: The Final Insult,0.22942678312790069
462,The Debt,0.22942567467707128
463,Men with Brooms,0.2294124964283252
464,The Constant Gardener,0.229394638053856
465,Just Married,0.22937554806735438
466,Straight Outta Compton,0.22936569517109556
467,Smokin' Aces,0.22929204477156062
468,The Wave,0.2291958558718335
469,Police Academy,0.22915385790153017
470,Winged Migration,0.22910570187106497
471,X-Men,0.22907762111672725
472,The Queen,0.2290488013951701
473,Meet the Parents,0.2289905461460397
474,Shattered Glass,0.22898007744376447
475,National Lampoon’s Van Wilder,0.2289660370665958
476,The Pacifier,0.2289515040446139
477,Stone,0.22894965662656538
478,When a Stranger Calls,0.22894941030415894
479,The Gambler,0.22894546914565542
480,The Object of My Affection,0.2289405426975261
481,Tarnation,0.2289191126481629
482,The Jungle Book,0.22887883893470484
483,Repo Men,0.22884496960381495
484,The Walk,0.2288058043411861
485,The Men Who Stare at Goats,0.2288049422127634
486,It's All Gone Pete Tong,0.22879964628102437
487,Paper Towns,0.22878683751588774
488,The Bucket List,0.22878030997211624
489,Rush Hour 2,0.22876799385179275
490,May,0.22871084705349135
491,The Lucky One,0.22868966332653473
492,The Bad News Bears,0.22864175361847627
493,The Boy Next Door,0.2285928586207916
494,Stigmata,0.22854113091543254
495,The SpongeBob Movie: Sponge Out of Water,0.2285104637758269
496,Michael Clayton,0.22848102824825353
497,The Terminal,0.22847807237937595
498,The Purge,0.22845479491196438
499,The Switch,0.22841624545535158
500,The Order,0.22838976579665585
501,The Host,0.2283841003813071
502,Split Second,0.22833409693279338
503,Vampire in Brooklyn,0.22831315952824335
504,Red State,0.22828175342141827
505,The Wiz,0.22824677563969922
506,Punisher: War Zone,0.22820342289616044
507,The Forest,0.22808272491698936
508,The Cave,0.22799638891352123
509,The Conspirator,0.22795586887765665
510,Pulse,0.2279399810824393
511,The Way of the Gun,0.2279388726316101
512,The Three Stooges,0.22791855103307615
513,Thor,0.22788505118579616
514,Spawn,0.2278663306829043
515,Paul Blart: Mall Cop,0.22785056604888995
516,Pulp Fiction,0.22784391534391535
517,Reign Over Me,0.2278210073601134
518,Teenage Mutant Ninja Turtles II: The Secret of the Ooze,0.22780918388460292
519,The Polar Express,0.22779526666863723
520,Veronica Guerin,0.22778553693358153
521,The Mighty Ducks,0.22777408294168072
522,Subway,0.22775647088961798
523,The Game,0.22765597134777757
524,The SpongeBob SquarePants Movie,0.22762050092124575
525,You Again,0.2276197619540264
526,Stardust,0.2276138502162711
527,Raising Cain,0.22759710029263103
528,Out of the Furnace,0.2275801040465844
529,Selena,0.22753342595055803
530,P.S. I Love You,0.22751729183293426
531,Janky Promoters,0.22749253643108397
532,The Machinist,0.22746950528607884
533,The Guilt Trip,0.2274548491028939
534,Love the Coopers,0.22745275536243886
535,The Visual Bible: The Gospel of John,0.2274379760180504
536,"Paris, je t'aime",0.22743231060270175
537,The Darkest Hour,0.2273999192062507
538,The Flowers of War,0.22739166740563374
539,[REC],0.22723168100263066
540,Inside Job,0.2272316810026306
541,Transporter 2,0.22723155784142737
542,Killers,0.22721665533583585
543,The Hobbit: The Battle of the Five Armies,0.2271463302887884
544,Space Jam,0.22712490023942536
545,Seabiscuit,0.22709460258342948
546,United 93,0.22708573497679646
547,The Jackal,0.22702747972766593
548,Without Limits,0.22700851290236768
549,The Long Riders,0.22697316563703898
550,You've Got Mail,0.22697279615342925
551,Tango & Cash,0.2268848590543191
552,The Other Guys,0.2267828815780398
553,Sex Drive,0.22677943306434917
554,Town & Country,0.22674433212142703
555,The Artist,0.22673546451479418
556,The Green Inferno,0.22669777718660408
557,There Will Be Blood,0.22668053461815107
558,The Best Exotic Marigold Hotel,0.22666501630654343
559,The Apartment,0.22660725370222576
560,The Runaways,0.22660528312297404
561,The Big Lebowski,0.22660011035243804
562,Rambo III,0.2265850846856435
563,Losin' It,0.22656550205432896
564,The Grey,0.22654936793670497
565,The Corruptor,0.22652202614958683
566,The Other Woman,0.22651254273693755
567,The Break-Up,0.22651168060851487
568,Sin City,0.22649640861931367
569,The Horse Whisperer,0.2264122895175038
570,The Apparition,0.22640514616771604
571,The One,0.2263975101731153
572,The Wood,0.22637263161006166
573,Talk Radio,0.22630981939641162
574,Spy Kids: All the Time in the World,0.22630575507670486
575,The Sixth Sense,0.22625267259811027
576,Yeh Jawaani Hai Deewani,0.22622865616347915
577,The Kids Are All Right,0.22622409919895956
578,Only the Strong,0.22618185490624979
579,Moulin Rouge!,0.22616473549899996
580,Grown Ups 2,0.22616387337057733
581,Top Gun,0.22613800951789775
582,The Lovely Bones,0.2261232301735096
583,True Romance,0.22604206694057735
584,Road House,0.22603319933394433
585,The Full Monty,0.2259809789837722
586,World's Greatest Dad,0.2259240785078774
587,Quills,0.22590129368527875
588,The Rose,0.22588749963051644
589,My Stepmother is an Alien,0.22587345925334743
590,Still Alice,0.2258634831958854
591,Stake Land,0.2258531376548138
592,We Were Soldiers,0.22584944281871647
593,Iron Man 2,0.22580929226646185
594,What Women Want,0.22576199836441913
595,Titan A.E.,0.22571027065906013
596,Shaft,0.22563107800537968
597,Shark Tale,0.22556617205127447
598,Stand by Me,0.2255246667257842
599,Ruby in Paradise,0.2255228193077355
600,The Brothers Bloom,0.22550533041687593
601,Simply Irresistible,0.225478604435774
602,Rush Hour 3,0.2254622239957435
603,Three Kings,0.22545902180445934
604,The Vow,0.22544559723330662
605,We Are Marshall,0.22542687673041492
606,Sheena,0.22541862492979817
607,The Innkeepers,0.22540778674391346
608,The Godfather: Part III,0.2253321657651267
609,Sex Tape,0.22532440660932287
610,New in Town,0.22531048939335738
611,Sausage Party,0.22530445449439884
612,The Fall of the Roman Empire,0.2253012523031144
613,The Fast and the Furious: Tokyo Drift,0.22528425605706812
614,Lone Wolf McQuade,0.22528376341225514
615,Old School,0.22523646951021262
616,The Ballad of Cable Hogue,0.22523437576975758
617,The Gunman,0.22521368468761394
618,WALL·E,0.22520370863015185
619,The Nun's Story,0.2251736572965624
620,The Postman,0.22517304149054607
621,The Smurfs 2,0.22517254884573323
622,Sands of Iwo Jima,0.22516626762436828
623,Meet Dave,0.2251381868700304
624,Pete's Dragon,0.22513670893559162
625,The Matrix Revolutions,0.22512599391091007
626,The Gallows,0.22511380095178973
627,Last Holiday,0.2250902771619718
628,The Social Network,0.2250681081453893
629,The Big Parade,0.2250631816972599
630,The Spectacular Now,0.22502635649749236
631,Wicker Park,0.22502413959583406
632,The Great Debaters,0.22498706807366015
633,The Proposition,0.22498226478673403
634,Sherlock Holmes: A Game of Shadows,0.22497118027844284
635,Meet Joe Black,0.22495566196683514
636,Total Recall,0.22493176869340736
637,Six-String Samurai,0.22492671908407474
638,Tombstone,0.2249055353571182
639,Never Say Never Again,0.22490442690628915
640,The Hours,0.2248783167312033
641,The Conjuring,0.22483447134285123
642,Memento,0.224806513749717
643,The Patriot,0.2247119259456317
644,The Texas Chainsaw Massacre 2,0.22469308228153675
645,Silver Linings Playbook,0.22468064300000995
646,Traffic,0.22467830293714836
647,The Manchurian Candidate,0.22462682155419594
648,Kicking & Screaming,0.22459947976707756
649,The Unborn,0.22455920605361943
650,Pretty Woman,0.22455859024760327
651,The Andromeda Strain,0.22455218586503495
652,The Four Feathers,0.22453457381297234
653,The Cable Guy,0.22450132028809855
654,Shooter,0.22449208319785585
655,The Fourth Kind,0.2244819839791906
656,London Has Fallen,0.22446769727961535
657,The Last Temptation of Christ,0.22443555220557074
658,The Phantom,0.2244186791207274
659,Out of Africa,0.2244154769294434
660,Sunshine Cleaning,0.22439651010414516
661,The Quiet,0.22437495689357906
662,The Other Side of Heaven,0.22428184702393267
663,The Sum of All Fears,0.2242322130590287
664,The Mummy Returns,0.22423196673662213
665,The 51st State,0.22423011931857376
666,The Informers,0.22418368754495385
667,The New World,0.22416201117318435
668,Maleficent,0.22415400569497404
669,The Man Who Shot Liberty Valance,0.2241520351157223
670,U-571,0.22414661602277977
671,TMNT,0.22412912713192037
672,Raiders of the Lost Ark,0.2241149635935483
673,Soul Surfer,0.22410511069728953
674,Glory,0.22408380380912976
675,The Relic,0.2240294897185028
676,Who Killed the Electric Car?,0.2240216074014957
677,We Own the Night,0.22396249002394256
678,Prom,0.2239591646714553
679,Under the Skin,0.22393748829968566
680,The Last Airbender,0.22392221631048437
681,Memoirs of a Geisha,0.2239167972175421
682,The Neon Demon,0.22389783039224384
683,The Wackness,0.22388194259702646
684,The Tale of Despereaux,0.22387159705595466
685,Monkeybone,0.22386938015429655
686,The Secret in Their Eyes,0.22384979752298195
687,Wrong Turn,0.22383822036987783
688,Rise of the Guardians,0.2238345255337806
689,North Country,0.22381592819209203
690,The Black Stallion,0.22372577419132358
691,Soldier,0.22370089562826986
692,Million Dollar Baby,0.2236500300513336
693,Red Riding Hood,0.22363229483806768
694,Shutter Island,0.2236295852915965
695,The Rainmaker,0.22361800813849222
696,Idle Hands,0.22360187402086842
697,The Departed,0.22358647887046407
698,Patriot Games,0.2235782270698473
699,Old Dogs,0.22347218527386117
700,Ready to Rumble,0.22346664301971553
701,The Musketeer,0.2234401633610201
702,The Tailor of Panama,0.22342944833633852
703,The Tempest,0.2234179943444374
704,The Sting,0.22337759746977623
705,Stir of Echoes,0.22337722798616652
706,The Last Castle,0.2233731636664596
707,Pineapple Express,0.22336429605982686
708,The Blues Brothers,0.2233518567782999
709,Monster's Ball,0.2233465608465609
710,Jay and Silent Bob Strike Back,0.2233341215650339
711,The Possession,0.2233291951169046
712,Gremlins,0.2233133073216871
713,The Princess Diaries 2: Royal Engagement,0.22328756663021107
714,The Rocker,0.2232730336082292
715,Hidalgo,0.22326342703437682
716,Mao's Last Dancer,0.22325948587587308
717,The Haunting,0.22321773422797625
718,Osmosis Jones,0.22311871262057487
719,Lawrence of Arabia,0.22310270166415416
720,Shin Godzilla,0.2230842274836688
721,The Words,0.2230754830382392
722,Pompeii,0.2230699407840936
723,The Big Bounce,0.22304444641502377
724,The Whole Ten Yards,0.22299665986816827
725,Things to Do in Denver When You're Dead,0.22299050180800645
726,Sweet November,0.22298003310573156
727,He's Just Not That Into You,0.22296328318209135
728,Jurassic Park III,0.22292929068999823
729,The Young and Prodigious T.S. Spivet,0.22284307784773333
730,Sex and the City 2,0.2227263210270659
731,Ultraviolet,0.22272114825652994
732,From Paris with Love,0.22271893135487192
733,The Devil's Double,0.22268395357315282
734,The Transporter Refueled,0.22268309144473022
735,Turbo,0.222643803020898
736,Maid in Manhattan,0.22261756968460875
737,The Good Night,0.2225813602908576
738,Jane Got a Gun,0.22254564354191927
739,The Assassin,0.22248788093760158
740,The Limey,0.2224735942380262
741,Man on the Moon,0.22246349501936102
742,Gentleman's Agreement,0.2224535189618989
743,Lord of War,0.22240696402707572
744,The Evil Dead,0.22239156887667114
745,The Hunger Games: Mockingjay - Part 2,0.2223133615126164
746,The Three Musketeers,0.22230547919560967
747,Seven Samurai,0.22225301252303112
748,The Man with the Iron Fists,0.22224291330436577
749,The Devil Wears Prada,0.22224217433714633
750,Session 9,0.22223367621412302
751,Moby Dick,0.22218231799237384
752,The Taking of Pelham 1 2 3,0.2221430295685417
753,The Pledge,0.22210300217748996
754,Oculus,0.22204881124806633
755,Rushmore,0.2220276275211098
756,The Wrestler,0.22202282423418376
757,My Name Is Bruce,0.22199067916013906
758,Trainspotting,0.22196924911077612
759,The Living Daylights,0.22194547899855152
760,Recess: School's Out,0.22194104519523514
761,The Guard,0.22192109308031097
762,The Good German,0.22190114096538668
763,The Intern,0.22189350497078614
764,Last Action Hero,0.22188414471934026
765,The Ladies Man,0.22188081936685297
766,The Emperor's New Groove,0.22186640950607436
767,The Green Mile,0.22186111357433522
768,Percy Jackson: Sea of Monsters,0.22185409338575066
769,The Adventures of Pluto Nash,0.22185163016168602
770,The Adjustment Bureau,0.22184584158513398
771,Mars Needs Moms,0.2218297074675102
772,Thor: The Dark World,0.221819238765235
773,The Bank Job,0.22179842452188814
774,Secret Window,0.22179780871587204
775,Shadow Conspiracy,0.22178820214201964
776,The Young Victoria,0.22177748711733805
777,Public Enemies,0.22177108273476995
778,Planet of the Apes,0.22176898899431466
779,The BFG,0.22175396332752
780,Riding in Cars with Boys,0.22174706630013896
781,Underworld: Awakening,0.22173241011695388
782,"Dude, Where’s My Car?",0.22171381277526525
783,Team America: World Police,0.2216672578404423
784,The Usual Suspects,0.2216617155862966
785,What Just Happened,0.22165703546057364
786,Non-Stop,0.22158473983427443
787,The Lost City,0.2215550579842944
788,The Amityville Horror,0.22153362793493167
789,The Adventures of Sharkboy and Lavagirl,0.22152463716709522
790,Madea's Family Reunion,0.2215093651778941
791,Murder by Numbers,0.22146859881962294
792,Hanna,0.22146847565841982
793,Mortal Kombat,0.22145147941237317
794,The Man with the Golden Gun,0.22144421290138247
795,In the Land of Blood and Honey,0.22143559161715587
796,Redacted,0.22142155123998689
797,Marie Antoinette,0.22141797956509315
798,The Last of the Mohicans,0.22141625530824802
799,Quest for Camelot,0.22141502369621544
800,Spaced Invaders,0.22137795217404158
801,The Girl Next Door,0.22135849270393027
802,The Kid,0.22133336781847018
803,The Roommate,0.2212785610830303
804,The Awakening,0.22127720630979478
805,Pan,0.22127572837535603
806,The Ballad of Jack and Rose,0.22126833870316173
807,Queen of the Damned,0.22125860896810629
808,The Bridges of Madison County,0.22123865685318186
809,Something's Gotta Give,0.22119099346752982
810,Urban Legends: Final Cut,0.2211829879893195
811,Toy Story 3,0.2211615579399564
812,Robot & Frank,0.22112731912545702
813,Poltergeist III,0.2211118008138494
814,Pokémon: Spell of the Unknown,0.22099664508882394
815,The Rite,0.22096413053116964
816,Think Like a Man,0.22095821879341426
817,Enemy at the Gates,0.22094085306375813
818,Reno 911!: Miami,0.22090735321647803
819,Waiting...,0.22089183490487022
820,Puss in Boots,0.22088887903599264
821,Jupiter Ascending,0.22086597105219083
822,The Scorpion King,0.22085353177066383
823,The Grudge,0.22083789029785295
824,Space Chimps,0.22081633708728687
825,We Are Your Friends,0.22081399702442528
826,The Yellow Handkerchief,0.22080796212546686
827,Out of Sight,0.22080241987132115
828,Romeo Must Die,0.22073160217946075
829,The Vatican Tapes,0.22070056555624518
830,Shortbus,0.2206945306572867
831,Transsiberian,0.22069280640044137
832,Ronin,0.2206503157853252
833,Tales from the Hood,0.22064662094922802
834,The Lost Weekend,0.2206436650803504
835,The Return of the Living Dead,0.22059279950341398
836,The Last House on the Left,0.22053959386361627
837,The Man Who Knew Too Little,0.22046816036573946
838,Max,0.220437616387337
839,Think Like a Man Too,0.22042948774792356
840,Quantum of Solace,0.22040916614938955
841,The Next Best Thing,0.2203697545643542
842,Love & Basketball,0.2203522656734947
843,Pirates of the Caribbean: At World's End,0.2203500487718367
844,The Inhabited Island,0.22032849556127024
845,Prometheus,0.2203186426650115
846,Kids,0.22031174563763006
847,Kill Bill: Vol. 1,0.22031174563763006
848,Shadow of the Vampire,0.22030201590257462
849,License to Wed,0.22027516676026906
850,Music and Lyrics,0.22024905658518323
851,The Expendables 3,0.22024671652232175
852,The Man from U.N.C.L.E.,0.22022504015055222
853,The Art of War,0.22021777363956133
854,Oliver!,0.22018378114746825
855,Moonraker,0.22017602199166453
856,"Pink Ribbons, Inc.",0.22015151291222051
857,Undercover Brother,0.22011924467697283
858,Space Cowboys,0.2201114855211688
859,Striptease,0.2201024947533328
860,Mortal Kombat: Annihilation,0.22005938833220035
861,Southpaw,0.22003044544943984
862,The Rundown,0.2199891864463558
863,Scary Movie 5,0.21992957642398966
864,Universal Soldier: The Return,0.21985691131408075
865,Nick and Norah's Infinite Playlist,0.21984693525661855
866,Romeo + Juliet,0.21978486201018801
867,The Running Man,0.21976712679692198
868,The Outsiders,0.21975333274215947
869,Lords of Dogtown,0.21971786231562757
870,The Informant!,0.21969532381543572
871,"Monsters, Inc.",0.2196934763973869
872,Red Lights,0.21968066763225044
873,Donnie Darko,0.21963337373020791
874,The Newton Boys,0.21962820095967192
875,In Time,0.2196036918802283
876,Pride and Glory,0.21959925807691177
877,Just Like Heaven,0.2195955632408147
878,Trance,0.21958115338003611
879,Kingdom of Heaven,0.21957425635265487
880,Mr. Peabody & Sherman,0.21956378765037993
881,Where the Wild Things Are,0.21954001753815539
882,Hustle & Flow,0.21950713349689133
883,Spanglish,0.21947929906496016
884,The Wash,0.21946919984629473
885,Seed of Chucky,0.21946846087907543
886,The Alamo,0.21945072566580942
887,Michael Collins,0.2194257239415526
888,The King's Speech,0.21942486181312995
889,The 6th Day,0.2193879134521593
890,The Empire Strikes Back,0.219375227848226
891,Gran Torino,0.2193620495994797
892,Quo Vadis,0.21932965820302877
893,Mirrormask,0.21931894317834744
894,[REC]²,0.21930514912358479
895,Safe,0.2192954193885292
896,No Escape,0.2192803937217346
897,Saint John of Las Vegas,0.21927312721074346
898,The English Patient,0.21925465303025837
899,Splash,0.2192532982570228
900,Sling Blade,0.21925169716138065
901,Mr. 3000,0.21922989762840778
902,The Sound of Music,0.2192280502103593
903,Unfaithful,0.21920575803257372
904,Super Mario Bros.,0.21918987023735634
905,The Day the Earth Stood Still,0.21918149527553632
906,Showdown in Little Tokyo,0.21916917915521253
907,Timeline,0.21915255239277592
908,Maniac,0.21914134472328126
909,The Muppets,0.21908678431024808
910,Miss Potter,0.21907631560797303
911,Memoirs of an Invisible Man,0.21906005832914588
912,The Grand Budapest Hotel,0.2190457716295706
913,Mission to Mars,0.21904490950114788
914,Hitch,0.21901547397357443
915,Shanghai Noon,0.2189703969731902
916,Rebecca,0.218951922792705
917,The Work and the Glory,0.21894428679810432
918,Poltergeist,0.2188851694205511
919,The Iron Lady,0.21888024297242187
920,Point Break,0.2188732227838374
921,The Perez Family,0.21886361620998496
922,The Butterfly Effect,0.21886041401870082
923,The Soloist,0.21885795079463585
924,The Tourist,0.21880486831604154
925,Psycho,0.2187992029006927
926,Hook,0.218793168001734
927,Mr. Deeds,0.2187888573596209
928,The Negotiator,0.21877469382124876
929,The Help,0.21876779679386768
930,Spaceballs,0.2187663188594287
931,Justin Bieber: Never Say Never,0.21876508724739638
932,Prince of Persia: The Sands of Time,0.2187638556353641
933,The Bodyguard,0.21871372902564698
934,L.I.E.,0.21866187815908483
935,Pat Garrett & Billy the Kid,0.21865756751697152
936,The Perfect Storm,0.2186445124294286
937,The Naked Gun 2½: The Smell of Fear,0.21861840225434256
938,The Chronicles of Riddick,0.21861433793463578
939,The Incredible Burt Wonderstone,0.2186058398116125
940,The Scarlet Letter,0.21858884356556596
941,Walk the Line,0.21858638034150152
942,Hollow Man,0.21857886750810399
943,Timecrimes,0.21853071147763883
944,The Longest Ride,0.21852541554589974
945,Stargate: The Ark of Truth,0.21850768033263368
946,The NeverEnding Story,0.21849511788990367
947,Thunderbirds,0.21847750583784098
948,Mambo Italiano,0.21847639738701194
949,Weekend,0.21846543603992394
950,Napoleon Dynamite,0.21842922664617265
951,Flirting with Disaster,0.21842848767895326
952,Space Pirate Captain Harlock,0.21842393071443342
953,The Perks of Being a Wallflower,0.21841210723892304
954,Let's Go to Prison,0.2183741735883264
955,Poseidon,0.218372449331481
956,The Crazies,0.21834954134767912
957,Renaissance,0.21834596967278533
958,The Young Messiah,0.21834092006345246
959,Swimfan,0.2182691170819661
960,The Master,0.21826037263653658
961,Rio,0.21823844994236055
962,The Mexican,0.21823709516912498
963,The Jacket,0.21823081394775998
964,The Maze Runner,0.21817132708659717
965,The DUFF,0.21816640063846773
966,Rock of Ages,0.2181485422639984
967,The Hurricane,0.21811701299597017
968,You Can't Take It With You,0.21807353709122793
969,The Replacement Killers,0.21805666400638468
970,Saving Mr. Banks,0.2180491511729872
971,The Conversation,0.21804065304996398
972,Prisoners,0.21803868247071218
973,True Grit,0.21803153912092454
974,Step Up Revolution,0.21801848403338164
975,Southland Tales,0.2179943444375474
976,Tomcats,0.2179620762022997
977,Project Almanac,0.21794631156828534
978,The Net,0.21791946242598015
979,Straw Dogs,0.21791638339589914
980,The Ice Storm,0.217879681357335
981,Zoolander,0.21786194614406906
982,The Robe,0.2178330032613085
983,Niagara,0.21782265772023685
984,Jackie Brown,0.21780430670095488
985,Only God Forgives,0.21780098134846745
986,Sicario,0.2177570127989122
987,Master and Commander: The Far Side of the World,0.21775233267318916
988,The Croods,0.21774863783709225
989,xXx,0.21769370794044918
990,The Core,0.21769136787758747
991,The Twilight Saga: New Moon,0.21767474111515078
992,Spotlight,0.21762030386332065
993,Interstellar,0.21758434079197575
994,The Faculty,0.2175746110569201
995,The Kite Runner,0.21755564423162183
996,Promised Land,0.21753975643640436
997,The Grudge 2,0.2175177105810253
998,Shooting Fish,0.2174802695752416
999,Super Troopers,0.2174725104194377
1000,High Fidelity,0.2174585932034722
1001,The Doors,0.21742977348191508
1002,The Mudge Boy,0.2174148709763235
1003,National Lampoon's Vacation,0.2174016927275773
1004,Little Boy,0.2173977515690738
1005,The Grandmaster,0.21732890445646494
1006,The Holiday,0.21728592119653578
1007,The Spirit,0.21727274294778937
1008,Urban Legend,0.2172620279231079
1009,Troy,0.21725722463618174
1010,Red Dawn,0.21723677987644466
1011,The Ides of March,0.21721547298828475
1012,Mean Creek,0.2171583261899835
1013,The Dictator,0.2171511828401959
1014,One for the Money,0.21711940724976106
1015,Open Season,0.21711743667050928
1016,The Descendants,0.2170966224271625
1017,Windtalkers,0.21706989644606034
1018,Save the Last Dance,0.21704994433113606
1019,The Internship,0.21702543525169224
1020,The Love Guru,0.21702481944567598
1021,The Longest Yard,0.21698417624860838
1022,Martin Lawrence Live: Runteldat,0.21697087483865887
1023,The Book of Life,0.216969889549033
1024,Sweet Sweetback's Baadasssss Song,0.21696077561999347
1025,The Dead Zone,0.216940577182663
1026,Men of Honor,0.21690830894741508
1027,Sinister 2,0.21690646152936655
1028,Hart's War,0.2168957465046851
1029,Of Gods and Men,0.21689192850738467
1030,Get Shorty,0.21688737154286516
1031,My Favorite Martian,0.21688687889805194
1032,Paint Your Wagon,0.21687554806735448
1033,The Wedding Date,0.216873208004493
1034,Stay Alive,0.21686951316839595
1035,Hotel Transylvania 2,0.21686668046072152
1036,High Crimes,0.21686039923935632
1037,Peggy Sue Got Married,0.21682714571448283
1038,Remember the Titans,0.21682431300680835
1039,Intolerance,0.21681926339747576
1040,The Brothers Grimm,0.21681322849851714
1041,Live Free or Die Hard,0.21681027262963945
1042,The Invention of Lying,0.21679463115682857
1043,Roger & Me,0.21678514774417937
1044,Talladega Nights: The Ballad of Ricky Bobby,0.21678403929335027
1045,The Protector,0.2167344053284464
1046,Conversations with Other Women,0.2167305873311462
1047,Original Sin,0.21672726197865863
1048,Joy,0.21671519218074164
1049,Seven Years in Tibet,0.21670595509049878
1050,Notes on a Scandal,0.21670361502763733
1051,Mission: Impossible III,0.21670164444838547
1052,Joyeux Noël,0.2166892051668587
1053,The Legend of the Lone Ranger,0.2166718394372026
1054,Shakespeare in Love,0.21666592769944726
1055,The Talented Mr. Ripley,0.2166586611884564
1056,The Assassination of Jesse James by the Coward Robert Ford,0.21664954725941696
1057,Sleepers,0.21664412816647455
1058,The Misfits,0.21663365946419957
1059,The Land Before Time,0.21662405289034703
1060,Maximum Risk,0.21659905116609046
1061,The Interview,0.2165962184584159
1062,The Fifth Estate,0.21659461736277386
1063,The Color of Money,0.21658710452937635
1064,"The Chronicles of Narnia: The Lion, the Witch and the Wardrobe",0.21658599607854712
1065,Legend,0.21657922221236928
1066,The Nutcracker,0.2165683840264845
1067,The Grace Card,0.21653586946883047
1068,Wayne's World,0.21651480890307698
1069,Escobar: Paradise Lost,0.2164835259574552
1070,The Wild Bunch,0.21647318041638333
1071,Keanu,0.21646061797365343
1072,Rendition,0.21645211985063015
1073,The Boy in the Striped Pyjamas,0.21639053924901225
1074,Yentl,0.21636258165587777
1075,Sunshine,0.2163523592760092
1076,Road Trip,0.2163400431556856
1077,The Three Burials of Melquiades Estrada,0.21630925285487657
1078,The Devil's Own,0.2163019863438857
1079,The Sorcerer's Apprentice,0.21629693673455325
1080,Monster,0.21629570512252083
1081,Mrs. Doubtfire,0.2162896702235622
1082,Jason Bourne,0.2162891775787493
1083,Midnight Special,0.21628067945572585
1084,The Santa Clause 2,0.2162795710048969
1085,Never Back Down,0.21625543140906273
1086,The Boxtrolls,0.21624212999911335
1087,Indiana Jones and the Temple of Doom,0.21621565034041765
1088,Life of Pi,0.2162152808568079
1089,Nine,0.21619803828835477
1090,The 33,0.21616663218152993
1091,The Last Witch Hunter,0.21615887302572592
1092,The Triplets of Belleville,0.2161532076103771
1093,The Five-Year Engagement,0.21613719665395656
1094,Saw: The Final Chapter,0.21609445971643354
1095,Take Shelter,0.2160748770851191
1096,The Legend of Tarzan,0.2160582503226824
1097,The Twilight Saga: Breaking Dawn - Part 2,0.21602487363660544
1098,Night Watch,0.216017853448021
1099,Mystic River,0.2159977781718937
1100,The Beaver,0.215980289281034
1101,The Second Best Exotic Marigold Hotel,0.215980289281034
1102,Space Battleship Yamato,0.21595541071798058
1103,Quartet,0.2159440798872828
1104,Milk,0.21582227345728283
1105,Men in Black 3,0.2158152532686983
1106,Homefront,0.2158121742386174
1107,No Strings Attached,0.21580724779048796
1108,Speed 2: Cruise Control,0.21575145576542215
1109,"It's a Mad, Mad, Mad, Mad World",0.21573495216418864
1110,The Mist,0.2157101967623382
1111,The Greatest Story Ever Told,0.21569898909284385
1112,She Done Him Wrong,0.21569455528952744
1113,Texas Chainsaw 3D,0.2156860571665041
1114,Machete Kills,0.21567361788497733
1115,Dr. Strangelove or: How I Learned to Stop Worrying and Love the Bomb,0.21567090833850616
1116,Primer,0.21565428157606917
1117,Margaret,0.21564664558146857
1118,The Ghost and the Darkness,0.21563666952400667
1119,Pocketful of Miracles,0.21557398047155954
1120,The Spy Who Loved Me,0.2155685613786172
1121,Love in the Time of Cholera,0.21553481520893072
1122,Freedom Writers,0.2155279181815494
1123,Shame,0.21551868109130679
1124,Inglourious Basterds,0.21550045323322783
1125,Race,0.21549835949277288
1126,Once,0.21547101770565452
1127,Mulan,0.21546633757993158
1128,Mortdecai,0.21545402145960807
1129,Surf's Up,0.21544687810982044
1130,The Best Man,0.21535105869370305
1131,Haywire,0.21532482535741385
1132,Silent House,0.21531681987920337
1133,Meet the Fockers,0.21531361768791926
1134,Savages,0.21531250923709022
1135,There Goes My Baby,0.21528085680785866
1136,Things We Lost in the Fire,0.2152700186219741
1137,"Mystery, Alaska",0.2152463716709528
1138,Silent Trigger,0.21524353896327822
1139,She's All That,0.21521459608051788
1140,Stuart Little 2,0.21519291970874838
1141,Ondine,0.21517727823593757
1142,Secretariat,0.215171243336979
1143,Magic Mike XXL,0.21516200624673618
1144,The Eye,0.2151451331618929
1145,The Adventurer: The Curse of the Midas Box,0.21513035381750464
1146,Get on the Bus,0.21510683002768652
1147,The Box,0.2150645857349768
1148,Moonrise Kingdom,0.21504943690697884
1149,Rush,0.21503822923748436
1150,Sea Rex 3D: Journey to a Prehistoric World,0.21503515020740346
1151,Snow Flower and the Secret Fan,0.21503194801611933
1152,X-Men Origins: Wolverine,0.21502542047234774
1153,The Rookie,0.21502443518272207
1154,The East,0.2150166760269181
1155,The Big Short,0.21498871843378364
1156,The Client,0.21498674785453192
1157,Sarah's Key,0.21498108243918304
1158,Idiocracy,0.21494856788152872
1159,Sweet Home Alabama,0.2149390844688797
1160,The Ant Bully,0.21493403485954699
1161,Revolutionary Road,0.214917284935907
1162,Thirteen Days,0.21488797256953673
1163,Quarantine,0.21486999103386442
1164,Legally Blonde,0.21486912890544174
1165,Spider-Man 2,0.2148512705309725
1166,The Watch,0.21474904673228692
1167,Hudson Hawk,0.21474214970490577
1168,Schindler's List,0.21473439054910184
1169,Some Like It Hot,0.21471357630575508
1170,Hope Springs,0.21471037411447103
1171,Glitter,0.21468364813336885
1172,The Little Vampire,0.21467157833545175
1173,Sholem Aleichem: Laughing In The Darkness,0.2146400490674233
1174,Heaven's Gate,0.21463044249357108
1175,Selma,0.21461578631038591
1176,Lethal Weapon 4,0.2146108598622565
1177,The Age of Adaline,0.21458093168987022
1178,Gulliver's Travels,0.21437475983565374
1179,Live and Let Die,0.21436601539022393
1180,Muppets Most Wanted,0.21436182790931405
1181,Legends of the Fall,0.21436010365246874
1182,Labor Day,0.21433362399377306
1183,J. Edgar,0.21432721961120457
1184,Lovely & Amazing,0.21431872148818165
1185,The Boondock Saints II: All Saints Day,0.21431379504005194
1186,The Boss,0.21431379504005194
1187,Seven Pounds,0.21429150286226636
1188,Max Payne,0.21428399002886891
1189,Tom Jones,0.2142784477747234
1190,Snowpiercer,0.21427438345501673
1191,The Angry Birds Movie,0.2142685948784646
1192,Mo' Better Blues,0.21426551584838371
1193,Little Children,0.21426219049589626
1194,Snake Eyes,0.21425664824175072
1195,The Black Dahlia,0.21417868720010258
1196,Monty Python and the Holy Grail,0.21417191333392455
1197,The Giver,0.21415824244036538
1198,Pontypool,0.21415676450592672
1199,Reservoir Dogs,0.2141155055028425
1200,Side Effects,0.2140929670026505
1201,Love Me Tender,0.21406377779748356
1202,The Cold Light of Day,0.21404825948587602
1203,The Jungle Book 2,0.2140395150404461
1204,S.W.A.T.,0.21403889923442984
1205,Footloose,0.21403791394480406
1206,Eat Pray Love,0.21403089375621961
1207,The Spanish Apartment,0.21401796182987995
1208,Noah,0.21401709970145738
1209,Doom,0.2140127890593441
1210,Signs,0.2140081089336211
1211,Planet 51,0.21400429093632067
1212,The Counselor,0.21399246746081008
1213,Disclosure,0.21397756495521855
1214,Hell's Angels,0.21395933709713977
1215,Shaun of the Dead,0.2139468978156129
1216,Elizabeth,0.21393667543574443
1217,Soul Kitchen,0.2139353206625088
1218,The Canyons,0.2139345816952894
1219,Robots,0.2138895046949051
1220,Of Horses and Men,0.21388938153370185
1221,Riddick,0.21388100657188192
1222,Love Actually,0.21386524193786763
1223,Red River,0.21386314819741273
1224,The Blair Witch Project,0.2138615471017706
1225,The Royal Tenenbaums,0.21384873833663423
1226,Vicky Cristina Barcelona,0.21383580641029426
1227,The Immigrant,0.21379023676509712
1228,Mr. Nice Guy,0.21378641876779692
1229,The Good Dinosaur,0.2137773048387573
1230,High Plains Drifter,0.2137763195491315
1231,Tangled,0.2137720089070184
1232,The Iron Giant,0.2137495935680294
1233,Let's Be Cops,0.21373887854334783
1234,Sahara,0.21371523159232658
1235,Jimmy Neutron: Boy Genius,0.21371042830540046
1236,In the Valley of Elah,0.21369835850748337
1237,Malcolm X,0.21366719872306472
1238,The Adventures of Tintin,0.2136584542776348
1239,The Producers,0.21363357571458133
1240,Never Let Me Go,0.21362729449321619
1241,Dances with Wolves,0.21359822844925264
1242,Lake Placid,0.21357556678785725
1243,Orphan,0.21356325066753368
1244,Inside Out,0.21349809839102202
1245,Topaz,0.21345314455184106
1246,Sleep Dealer,0.2134469864916792
1247,The Lives of Others,0.2134293744396165
1248,Love Happens,0.2134024021361079
1249,The House of Mirth,0.2134000620732464
1250,JFK,0.21339390401308472
1251,Speed,0.21336582325874703
1252,eXistenZ,0.21336065048821107
1253,Party Monster,0.21335436926684606
1254,The Back-Up Plan,0.2133458711438227
1255,Hugo,0.21330732168721006
1256,Salton Sea,0.21328219680174995
1257,Inside Man,0.2132490664380794
1258,Jurassic World,0.2132422925719015
1259,Snatch,0.21323945986422704
1260,Star Wars: Episode III - Revenge of the Sith,0.21323330180406527
1261,Minions,0.2132292374843586
1262,Journey 2: The Mysterious Island,0.21321470446237664
1263,Meet the Spartans,0.21315805030888835
1264,Forrest Gump,0.21314696580059708
1265,Jurassic Park,0.21312578207364055
1266,Looper,0.21312147143152732
1267,The Punisher,0.21311321963091048
1268,My Bloody Valentine,0.2130746701742977
1269,Open Range,0.21307183746662317
1270,Hot Tub Time Machine,0.21307085217699742
1271,Jennifer's Body,0.21306112244194178
1272,Melancholia,0.21305693496103187
1273,Stolen,0.21301136531583464
1274,Gangster Squad,0.21297404747125429
1275,The Wolf of Wall Street,0.21294362665405506
1276,The Witch,0.21292736937522785
1277,Hellraiser,0.21291049629038453
1278,She Wore a Yellow Ribbon,0.21289202210989924
1279,The Truman Show,0.21286123180909036
1280,Red Planet,0.21282785512301342
1281,Get Him to the Greek,0.21280716404086972
1282,The Diary of a Teenage Girl,0.21280543978402458
1283,Grown Ups,0.212797926950627
1284,Wimbledon,0.21278216231661295
1285,Fifty Shades of Grey,0.21277144729193148
1286,Margin Call,0.21274718453489405
1287,The Sisterhood of the Traveling Pants,0.21273659267141584
1288,The Rugrats Movie,0.21273240519050576
1289,Underdogs,0.21272661661395376
1290,Johnson Family Vacation,0.21271072881873626
1291,Swimming Pool,0.21268572709447942
1292,Maze Runner: The Scorch Trials,0.21267858374469176
1293,Stealth,0.21266466652872618
1294,The Pursuit of Happyness,0.2126635580778971
1295,Thank You for Smoking,0.2126501335067443
1296,Requiem for a Dream,0.21262894977978783
1297,Endless Love,0.21260949030967644
1298,Layer Cake,0.21260394805553087
1299,The Perfect Game,0.21259508044889794
1300,Salt,0.21259138561280083
1301,Men in Black II,0.2125828874897776
1302,Mr. Bean's Holiday,0.21257377356073814
1303,Into the Wild,0.21257204930389292
1304,Forgetting Sarah Marshall,0.21255222035017188
1305,Prison,0.21253842629540964
1306,The Road,0.21251194663671383
1307,Serial Mom,0.21249199452178955
1308,Morning Glory,0.21247204240686557
1309,Hobo with a Shotgun,0.21246046525376122
1310,The Gift,0.2124413752672598
1311,Rango,0.2124120629008898
1312,The Big Wedding,0.21231279497108183
1313,The Green Hornet,0.21231180968145577
1314,Horrible Bosses,0.21227362970845276
1315,Outbreak,0.21225367759352837
1316,Pay It Forward,0.21224985959622839
1317,Lilo & Stitch,0.21222177884189067
1318,Rapa Nui,0.2121988708580888
1319,The Dilemma,0.21219332860394313
1320,Timecop,0.21218162828963577
1321,The Nutcracker: The Untold Story,0.2121185697535792
1322,Isn't She Great,0.21208482358389244
1323,My Sister's Keeper,0.2120201639521937
1324,Waltz with Bashir,0.21201659227729988
1325,John Q,0.21201277427999962
1326,Ouija,0.21200920260510572
1327,The Rocket: The Legend of Rocket Richard,0.21199540855034335
1328,Latter Days,0.21195439586966602
1329,Punch-Drunk Love,0.21195107051717843
1330,Suicide Squad,0.21193653749519678
1331,Head Over Heels,0.2119176938311017
1332,The Blue Lagoon,0.21190931886928163
1333,Swept Away,0.21190426925994904
1334,Se7en,0.21187926753569214
1335,Immortals,0.2118456445272089
1336,"Jeff, Who Lives at Home",0.2118428118195344
1337,My Big Fat Greek Wedding 2,0.2118221207373908
1338,"I Love You, Man",0.21181251416353844
1339,K-19: The Widowmaker,0.2117744573517385
1340,White Noise,0.2117405880208488
1341,I Spy,0.21173984905362922
1342,Major League,0.211732336220232
1343,Prophecy,0.21172063590592446
1344,Rock Star,0.211692185667977
1345,Independence Day: Resurgence,0.21167112510222397
1346,The Dark Knight Rises,0.2116706324574108
1347,Drumline,0.2116500645364705
1348,Horrible Bosses 2,0.2116476013124057
1349,Kiss the Girls,0.21164735498999931
1350,Jack the Giant Slayer,0.2116469855063898
1351,Last Vegas,0.21164575389435739
1352,Pride & Prejudice,0.21163159035598514
1353,Enter the Void,0.21159685889667268
1354,One Flew Over the Cuckoo's Nest,0.2115794931670164
1355,Get Smart,0.2115645906614249
1356,Snakes on a Plane,0.21155720098923075
1357,Parker,0.21149180239031254
1358,E.T. the Extra-Terrestrial,0.21149057077828032
1359,Tin Cup,0.21148909284384146
1360,Good Luck Chuck,0.21146507640921053
1361,Gone with the Wind,0.21145399190091924
1362,Tank Girl,0.21145029706482218
1363,Extremely Loud & Incredibly Close,0.21144586326150575
1364,Heaven is for Real,0.2114429073926281
1365,Out Cold,0.2114314534007271
1366,Fur: An Imaginary Portrait of Diane Arbus,0.21135189126343684
1367,The Theory of Everything,0.21135176810223352
1368,The Death and Life of Bobby Z,0.21134548688086868
1369,Pain & Gain,0.21134068359394256
1370,Date Night,0.21126789532283002
1371,On Her Majesty's Secret Service,0.21124929798114142
1372,The Broadway Melody,0.21124547998384133
1373,Law Abiding Citizen,0.21124264727616685
1374,One Night with the King,0.21121850768033254
1375,Rise of the Planet of the Apes,0.21121173381415465
1376,She's the Man,0.21120766949444789
1377,Legend of a Rabbit,0.2111524932753983
1378,Take Me Home Tonight,0.21109928763560049
1379,Jack Ryan: Shadow Recruit,0.21108795680490278
1380,Four Weddings and a Funeral,0.2110827840343668
1381,Gothika,0.21108204506714753
1382,First Blood,0.2110675120451657
1383,Metropolis,0.21105162424994833
1384,The Host,0.2110372143891698
1385,The Black Hole,0.21103302690825967
1386,The Piano,0.21102834678253657
1387,Mr. Smith Goes to Washington,0.21102662252569143
1388,The Opposite Sex,0.2110180012414649
1389,For Your Eyes Only,0.21097649591597437
1390,The First Wives Club,0.21095457322179864
1391,The 13th Warrior,0.21092489137181872
1392,Grease,0.2109207038909088
1393,Magic Mike,0.21090567822411402
1394,National Treasure,0.2108644192210302
1395,Suspect Zero,0.2108576453548521
1396,The X Files: I Want to Believe,0.21084594504054463
1397,Room,0.2108247613135881
1398,Run Lola Run,0.21082254441192996
1399,The Hunted,0.21078855191983678
1400,Midnight Cowboy,0.21078818243622705
1401,Jack Reacher,0.21077759057274886
1402,The Virginity Hit,0.21073337570078726
1403,The Impossible,0.21072389228813804
1404,Get Hard,0.21071293094105015
1405,Mr. Popper's Penguins,0.2106980284354587
1406,In Too Deep,0.21067487412925026
1407,Phantasm II,0.21066822342427569
1408,History of the World: Part I,0.21065356724109052
1409,Commando,0.21065048821100965
1410,RED,0.2106446996344575
1411,Eraser,0.21064445331205128
1412,The Iceman,0.21064174376557993
1413,Return to Me,0.21063570886662128
1414,The Secret Life of Bees,0.21063349196496312
1415,The Reaping,0.21059174031706626
1416,Saw,0.2105557772457214
1417,Nixon,0.210550358152779
1418,The Imaginarium of Doctor Parnassus,0.2105483875735271
1419,Knockaround Guys,0.21053816519365867
1420,Unfinished Business,0.21053594829200056
1421,The Life of David Gale,0.21053176081109054
1422,The Aviator,0.2105172277891086
1423,Max Keeble's Big Move,0.2105166119830925
1424,Miracles from Heaven,0.21049604406215208
1425,Ratatouille,0.21047596878602473
1426,L!fe Happens,0.21046254421487173
1427,The Hunt for Red October,0.21045860305636852
1428,Hero,0.2104457942912319
1429,The Great Beauty,0.21044345422837027
1430,The Wedding Planner,0.2104408678431025
1431,Roar,0.21043101494684366
1432,Hotel Transylvania,0.21042732011074647
1433,Little Shop of Horrors,0.2104102007034967
1434,Minority Report,0.21040958489748046
1435,Machine Gun Preacher,0.21040047096844122
1436,Incendies,0.21039542135910835
1437,The Fan,0.21032090883115095
1438,The Secret Life of Pets,0.2103066221315756
1439,Little Miss Sunshine,0.21030095671622664
1440,Jaws: The Revenge,0.21025021430049365
1441,Runner Runner,0.2102431941119092
1442,The Incredibles,0.21022385780300124
1443,Road to Perdition,0.21017200693643895
1444,Cube,0.21015907501009912
1445,Fantasia,0.21013493541426528
1446,The Illusionist,0.2101332111574198
1447,Being John Malkovich,0.21012902367650968
1448,The Fault in Our Stars,0.21010722414353708
1449,The Quiet American,0.21010365246864315
1450,From Hell,0.21008628673898713
1451,Kick-Ass,0.21008370035371898
1452,On the Road,0.21004810676598376
1453,The Mortal Instruments: City of Bones,0.2100371454188958
1454,Midnight in the Garden of Good and Evil,0.21002815465105987
1455,Sherlock Holmes,0.21001928704442674
1456,Riding Giants,0.20997605746209108
1457,Green Lantern,0.20997359423802642
1458,How to Lose Friends & Alienate People,0.2099666972106451
1459,I Am Legend,0.2099559821859636
1460,X-Men: The Last Stand,0.20995314947828925
1461,The Namesake,0.20994452819406262
1462,Flashdance,0.20993036465569057
1463,Gone in Sixty Seconds,0.20989193836028097
1464,Pan's Labyrinth,0.20981176041697455
1465,Small Soldiers,0.20981126777216147
1466,Doctor Dolittle,0.2097237001566611
1467,The Squid and the Whale,0.20971631048446707
1468,Flash Gordon,0.20969106243780353
1469,The Believer,0.20966926290483098
1470,Ocean's Eleven,0.20964142847289974
1471,Paparazzi,0.20963071344821807
1472,Hellboy II: The Golden Army,0.2095761530351849
1473,"The Beast from 20,000 Fathoms",0.20956174317440607
1474,The Astronaut's Wife,0.20956149685199965
1475,New Nightmare,0.2095525060841635
1476,Legends of Oz: Dorothy's Return,0.20953982048023026
1477,Halloween,0.20953550983811678
1478,The Ghost Writer,0.20950521218212098
1479,Gandhi,0.20949437399623605
1480,Stripes,0.20948735380765193
1481,New Year's Eve,0.2094773777501897
1482,Mondays in the Sun,0.20947589981575096
1483,Rabbit Hole,0.20945853408609452
1484,Top Hat,0.20944264629087708
1485,The Butler,0.20944079887282865
1486,Tammy,0.20944030622801557
1487,Man of Steel,0.20943328603943112
1488,Ice Age: The Meltdown,0.20938870168386
1489,Eagle Eye,0.20936985801976496
1490,The Golden Compass,0.2093356192052654
1491,Gattaca,0.2093316780467619
1492,Ransom,0.20932983062871316
1493,Dead Man Walking,0.20930125722956255
1494,The Spy Next Door,0.20929546865301066
1495,Mars Attacks!,0.20922132560866266
1496,On Deadly Ground,0.20918844156739874
1497,Joy Ride,0.20915814391140278
1498,Joe,0.20911331323342497
1499,Shall We Dance?,0.2091119584601895
1500,The Omen,0.20910419930438554
1501,The Thomas Crown Affair,0.2090858482851034
1502,Iron Man 3,0.20908375454464842
1503,Sorority Row,0.20908350822224192
1504,Limbo,0.20905936862640778
1505,Drag Me to Hell,0.20900333027893545
1506,Captive,0.2089745105573783
1507,Not Another Teen Movie,0.208950247800341
1508,Gravity,0.20892660084931963
1509,Rent,0.208909604603273
1510,Jefferson in Paris,0.20890320022070483
1511,Howard the Duck,0.2088152631215946
1512,Renaissance Man,0.20879001507493125
1513,Perfume: The Story of a Murderer,0.20877757579340436
1514,Scoop,0.20876353541623574
1515,Little Fockers,0.20873360724384932
1516,If I Stay,0.20873262195422335
1517,The Tree of Life,0.20873052821376845
1518,In the Land of Women,0.20873015873015874
1519,Garden State,0.2087135319677219
1520,Trapeze,0.2086741203826865
1521,Let Me In,0.20866980974057325
1522,Dumb and Dumber To,0.20865059659286844
1523,Hansel & Gretel: Witch Hunters,0.2086459164671457
1524,Pitch Perfect 2,0.20864406904909702
1525,Kung Fu Hustle,0.20863421615283825
1526,Johnny English,0.20863126028396053
1527,Simon Birch,0.2086248559013922
1528,Post Grad,0.20861758939040123
1529,Mad Max Beyond Thunderdome,0.2086135250706946
1530,Safe Haven,0.2086034258520293
1531,Jackass 3D,0.2085795325786016
1532,One Day,0.20855243711388963
1533,Once Upon a Time in the West,0.20854122944439532
1534,The Deer Hunter,0.20851093178839927
1535,Porky's,0.2084928270915234
1536,Her,0.20848075729360643
1537,The Fifth Element,0.2084689338180958
1538,Silent Hill,0.20843851300089675
1539,Looney Tunes: Back in Action,0.20843543397081576
1540,Flicka,0.2084324781019381
1541,House of 1000 Corpses,0.2084136344378431
1542,Harper,0.2084133881154365
1543,Birdman,0.2083950370961544
1544,Me and Orson Welles,0.20838752426275692
1545,She's Out of My League,0.20830870109268618
1546,Nanny McPhee and the Big Bang,0.2082978629068014
1547,Capitalism: A Love Story,0.20828579310888445
1548,Mary Poppins,0.2082806203383484
1549,Taken,0.2082755707290159
1550,Ida,0.20827544756781266
1551,The Last Legion,0.2082368981111998
1552,The World's End,0.20823443488713514
1553,Pocahontas,0.20819970342782276
1554,The Horseman on the Roof,0.20819921078300968
1555,Serving Sara,0.20819490014089645
1556,The Life Aquatic with Steve Zissou,0.20818233769816638
1557,Manderlay,0.20816928261062345
1558,Flatliners,0.20816521829091666
1559,Repo Man,0.20815930655316123
1560,Kill Bill: Vol. 2,0.20815758229631606
1561,Match Point,0.20815327165420275
1562,Spirited Away,0.20813492063492067
1563,The Kingdom,0.20813196476604304
1564,Laws of Attraction,0.20812100341895506
1565,Heist,0.2080881193776911
1566,Judgment at Nuremberg,0.20807518745135148
1567,The Act of Killing,0.20805979230094696
1568,Little Man,0.20804341186091643
1569,It Happened One Night,0.20804020966963238
1570,Ride with the Devil,0.20803405160947075
1571,Sinbad: Legend of the Seven Seas,0.20800079808459698
1572,Dreamgirls,0.20799525583045145
1573,Point Blank,0.2079748110707142
1574,Dressed to Kill,0.2079737026198852
1575,Good Will Hunting,0.2079712393958204
1576,Pride and Prejudice and Zombies,0.20795276521533498
1577,School of Rock,0.20794660715517327
1578,Pi,0.20794192702945039
1579,FearDotCom,0.20793798587094686
1580,Need for Speed,0.2079351531632721
1581,Monsters University,0.2079217285921198
1582,Exit Wounds,0.20790916614938967
1583,Enough,0.2078756663021096
1584,Phone Booth,0.20787271043323186
1585,The Snow Queen,0.20787209462721576
1586,The Purge: Election Year,0.20784894032100742
1587,End of Watch,0.2078367473618871
1588,Inkheart,0.20783354517060273
1589,Jarhead,0.20780792764032996
1590,Lone Star,0.20778514281773125
1591,The Flintstones in Viva Rock Vegas,0.20776814657168485
1592,Nanny McPhee,0.2077569389021903
1593,Eddie the Eagle,0.20774868710157354
1594,Extraordinary Measures,0.20774376065344394
1595,The Lego Movie,0.20774142059058265
1596,Leap Year,0.2077212221532519
1597,Patton,0.20767565250805475
1598,Cars,0.20767072605992531
1599,Insurgent,0.20766986393150275
1600,Frida,0.20765557723192726
1601,Street Kings,0.20765409929748857
1602,Dylan Dog: Dead of Night,0.20764363059521349
1603,Death Race,0.2076284817672155
1604,Saving Private Ryan,0.20761567300207906
1605,Megamind,0.2076153035184692
1606,Harold & Kumar Escape from Guantanamo Bay,0.20759621353196764
1607,Raise Your Voice,0.20756296000709404
1608,Find Me Guilty,0.20754904279112846
1609,Hellboy,0.2075279822253752
1610,Force 10 from Navarone,0.20749325076606262
1611,Frozen,0.2074920191540305
1612,The Silence of the Lambs,0.2074906643807947
1613,The Lord of the Rings: The Fellowship of the Ring,0.20748820115673014
1614,Deconstructing Harry,0.20747477658557736
1615,Edward Scissorhands,0.2074670174297736
1616,Cry_Wolf,0.20746221414284718
1617,The Bone Collector,0.20745334653621428
1618,Cheaper by the Dozen 2,0.20744373996236187
1619,Me Before You,0.2074200930113408
1620,Kingpin,0.20741270333914663
1621,Welcome Home Roscoe Jenkins,0.20741134856591095
1622,X-Men: First Class,0.20739509128708383
1623,The French Connection,0.20738979535534474
1624,Oldboy,0.20738203619954082
1625,The Addams Family,0.20737674026780167
1626,The Prince of Tides,0.20736922743440445
1627,Colombiana,0.20736491679229105
1628,Real Steel,0.20735346280039005
1629,Lethal Weapon 3,0.20733966874562781
1630,The Weather Man,0.20733806764998564
1631,Like Crazy,0.2073173765678421
1632,Hostel: Part II,0.20730801631639612
1633,Tiny Furniture,0.20730481412511215
1634,Fair Game,0.20730444464150238
1635,Tadpole,0.20729668548569843
1636,Tidal Wave,0.2072950843900564
1637,The Mothman Prophecies,0.2072684815701576
1638,John Carter,0.20725924447991484
1639,Freeheld,0.2072493915836559
1640,The Molly Maguires,0.20724926842245278
1641,Raising Helen,0.20723682914092598
1642,Olympus Has Fallen,0.20722746888947993
1643,The Animal,0.20719680174987443
1644,RoboCop 3,0.20719470800941941
1645,Hardball,0.20719273743016747
1646,The Best Years of Our Lives,0.20718029814864083
1647,Fido,0.20717660331254376
1648,Donovan's Reef,0.20716182396815533
1649,Bruce Almighty,0.2071137910988935
1650,The Legend of Hercules,0.20711108155242233
1651,Sin City: A Dame to Kill For,0.20707622693190672
1652,Lions for Lambs,0.207061817071128
1653,Gladiator,0.20705996965307943
1654,Home Run,0.2070472840491463
1655,For Greater Glory - The True Story of Cristiada,0.20704063334417164
1656,On the Waterfront,0.20701329155705311
1657,RockNRolla,0.20699863537386803
1658,Sydney White,0.2069945710541613
1659,Little White Lies,0.2069939552481451
1660,High Noon,0.206981885450228
1661,Network,0.20696488920418163
1662,Flipped,0.20694875508655772
1663,L.A. Confidential,0.20691279201521284
1664,Hard Rain,0.2068937020287112
1665,Home Fries,0.2068726414629581
1666,Just My Luck,0.20686463598474772
1667,Pandorum,0.20685946321421175
1668,The Stepford Wives,0.20685527573330173
1669,Red Tails,0.2068379100036457
1670,Identity Thief,0.20682694865655757
1671,Home Alone 2: Lost in New York,0.20681980530677
1672,"Good Morning, Vietnam",0.20680157744869107
1673,Sinister,0.20679911422462638
1674,Fifty Shades of Black,0.20679726680657784
1675,Spider-Man 3,0.2067913550688225
1676,Dune,0.206753544579429
1677,Jeepers Creepers 2,0.20674048949188625
1678,Getaway,0.20671622673484885
1679,Snitch,0.20671524144522269
1680,How Green Was My Valley,0.20669048604337234
1681,Run All Night,0.20668445114441386
1682,Hoodwinked Too! Hood VS. Evil,0.20667385928093576
1683,The Divide,0.20667385928093565
1684,That Awkward Moment,0.2066674548983673
1685,Sea of Love,0.2066345708571034
1686,Goosebumps,0.20662016099632471
1687,Due Date,0.2066064901027656
1688,The Da Vinci Code,0.20657065019262402
1689,The Great Raid,0.2065377661513601
1690,Sorcerer,0.20649379760180503
1691,The Hunger Games: Mockingjay - Part 1,0.20647717083936817
1692,Son of God,0.20647593922733593
1693,The Beach,0.20637162168819514
1694,Oblivion,0.2063691584641306
1695,Romeo Is Bleeding,0.20634157035460582
1696,Jason X,0.2063404619037766
1697,Get Carter,0.20632161823968154
1698,Frequency,0.20629612387061189
1699,The Bad Lieutenant: Port of Call - New Orleans,0.20627728020651673
1700,The Fighter,0.20624488881006572
1701,The Matador,0.20623651384824565
1702,Guess Who,0.20623355797936796
1703,The Last Dragon,0.2062283852088321
1704,Ernest & Celestine,0.20622370508310914
1705,Home on the Range,0.206217300700541
1706,Instructions Not Included,0.20620707832067214
1707,Central Station,0.20620190555013646
1708,Elmer Gantry,0.20619353058831663
1709,Stranger Than Fiction,0.20619229897628405
1710,Mr. & Mrs. Smith,0.2061867567221384
1711,Saw III,0.20617961337235088
1712,Maggie,0.2061788744051314
1713,The Bourne Ultimatum,0.2061597844186298
1714,Half Baked,0.20615202526282597
1715,Inherent Vice,0.2061408175933316
1716,Glee: The Concert Movie,0.2061103967761324
1717,Knight and Day,0.20610349974875114
1718,Chicken Run,0.2060452444996208
1719,Show Boat,0.20603588424817482
1720,Six Days Seven Nights,0.20603588424817482
1721,Kung Fu Panda 3,0.20601149832993407
1722,G.I. Joe: Retaliation,0.20600164543367522
1723,G-Force,0.20600115278886236
1724,The Adventures of Rocky & Bullwinkle,0.20599893588720403
1725,The Nutty Professor,0.20597861428867015
1726,Halloween 4: The Return of Michael Myers,0.20592885716256273
1727,Super Size Me,0.2059033627934932
1728,I Don't Know How She Does It,0.20590311647108664
1729,Gangs of New York,0.20589252460760843
1730,Pink Flamingos,0.20589215512399858
1731,The Crying Game,0.20588008532608162
1732,"I, Frankenstein",0.20587491255554569
1733,Faithful,0.2058637048860512
1734,Flubber,0.20583242194042933
1735,Summer Catch,0.20579485777344242
1736,Mindhunters,0.20578623648921607
1737,Octopussy,0.2057757677869409
1738,The Longest Day,0.20576222005458514
1739,Pinocchio,0.205752243997123
1740,Confessions of a Teenage Drama Queen,0.2057332771718246
1741,Notting Hill,0.20572243898593992
1742,Edge of Darkness,0.20571270925088436
1743,The Bridge on the River Kwai,0.20563831988413
1744,Prefontaine,0.20563327027479741
1745,My Week with Marilyn,0.2056326544687812
1746,Running Scared,0.20562982176110675
1747,Seeking a Friend for the End of the World,0.20561725931837668
1748,Self/less,0.20560703693850804
1749,Scarface,0.20559410501216835
1750,Priest,0.20558486792192573
1751,Edge of Tomorrow,0.20558031095740587
1752,Scary Movie 2,0.2055612209709043
1753,"Me, Myself & Irene",0.2055315391209246
1754,I Married a Strange Person!,0.20552143990225927
1755,Transformers: Revenge of the Fallen,0.2055188535169913
1756,Kingdom of the Spiders,0.2055024730769611
1757,Brown Sugar,0.2054790724483461
1758,Cloverfield,0.2054631846531287
1759,Flyboys,0.20543387228675875
1760,Hard Candy,0.2054337491255555
1761,The Great Escape,0.20542438887410963
1762,Runaway Bride,0.20542254145606081
1763,Love & Other Drugs,0.20541909294237048
1764,PCU,0.20538867212517128
1765,Nurse 3-D,0.20538091296936722
1766,Our Idiot Brother,0.20534285615756756
1767,Taxi to the Dark Side,0.2053322642940891
1768,Freakonomics,0.20530997211630372
1769,Frankenweenie,0.20528287665159173
1770,Surrogates,0.20526440247110642
1771,Red Dragon,0.20526280137546438
1772,The Huntsman: Winter's War,0.20525319480161203
1773,Mad Max,0.2052421102933207
1774,The Hustler,0.20521489166740556
1775,Kindergarten Cop,0.20520565457716305
1776,Guardians of the Galaxy,0.20518163814253207
1777,Sphere,0.20517486427635412
1778,Face/Off,0.20515909964233991
1779,Mission: Impossible - Rogue Nation,0.20513828539899304
1780,Green Room,0.20511525425398794
1781,Fool's Gold,0.20508557240400818
1782,The Sitter,0.20505687584365428
1783,Halloween 5: The Revenge of Michael Myers,0.2050424659828756
1784,Kissing Jessica Stein,0.2050319972806006
1785,Driven,0.205027932960894
1786,Conquest of the Planet of the Apes,0.205020666449903
1787,Mary Reilly,0.204945414954726
1788,"Legally Blonde 2: Red, White & Blonde",0.20493999586178352
1789,Journey from the Fall,0.20492127535889176
1790,Ender's Game,0.20488383435310809
1791,Dancer in the Dark,0.20486055688569652
1792,Life or Something Like It,0.20483961948114648
1793,Stoker,0.2047903549998522
1794,Death Becomes Her,0.20476535327559528
1795,Elysium,0.20474490851585844
1796,Cool Runnings,0.2046803720453627
1797,The Imitation Game,0.20467335185677815
1798,Dead Poets Society,0.204663745282926
1799,The Best Offer,0.20466325263811297
1800,Dracula,0.20466041993043865
1801,No Good Deed,0.20465931147960958
1802,Lights Out,0.20462815169519077
1803,Nine 1/2 Weeks,0.20461903776615137
1804,My Blueberry Nights,0.2046049973889824
1805,Fiza,0.20458147359916448
1806,Fight Club,0.20457174386410892
1807,Flushed Away,0.2045609056782241
1808,The Legend of Bagger Vance,0.20455967406619183
1809,The Greatest Game Ever Played,0.20455524026287528
1810,Fun with Dick and Jane,0.20455425497324936
1811,Happily N'Ever After,0.204550313814746
1812,Harry Brown,0.20454637265624226
1813,Out of Time,0.20451595183904303
1814,Cold Mountain,0.20448208250815322
1815,The Place Beyond the Pines,0.20447986560649506
1816,Lakeview Terrace,0.20445240065817352
1817,Kiss Kiss Bang Bang,0.20444772053245064
1818,The Sisterhood of the Traveling Pants 2,0.20444168563349183
1819,The Number 23,0.2044193934557063
1820,Higher Ground,0.20441656074803194
1821,Hercules,0.20441582178081255
1822,Paranormal Activity,0.20441089533268314
1823,Burnt,0.2043935296030267
1824,Return to Never Land,0.2043932832806202
1825,Cop Out,0.20434894524745556
1826,I Love You Phillip Morris,0.204344511444139
1827,Murderball,0.20433244164622189
1828,Marmaduke,0.20433133319539262
1829,Gods and Monsters,0.20430928734001366
1830,Killing Them Softly,0.20430140502300662
1831,Bend It Like Beckham,0.2042990649601451
1832,Galaxy Quest,0.20426482614564553
1833,Contact,0.20425435744337053
1834,Pearl Harbor,0.204246844609973
1835,Street Fighter,0.20421974914526117
1836,Practical Magic,0.2042048466396698
1837,Lost in Translation,0.2042032455440276
1838,Mongol: The Rise of Genghis Khan,0.20417245524321875
1839,The Pirates! In an Adventure with Scientists!,0.20415324209551405
1840,Hotel for Dogs,0.20415164099987193
1841,Iron Man,0.20414178810361297
1842,The Matrix,0.20412023489304668
1843,The Matrix Reloaded,0.20412023489304668
1844,Garfield,0.20410594819347153
1845,Lara Croft Tomb Raider: The Cradle of Life,0.2040956026523996
1846,The Best of Me,0.2040534815208932
1847,Carlos,0.20405064881321855
1848,Fahrenheit 9/11,0.20401419309706093
1849,The Expendables 2,0.20401222251780904
1850,Legend of the Guardians: The Owls of Ga'Hoole,0.20397724473609033
1851,Madagascar,0.20394842501453306
1852,Oz: The Great and Powerful,0.203948425014533
1853,The Quick and the Dead,0.2039317982520962
1854,Drowning Mona,0.20388844550855698
1855,The Devil's Advocate,0.20386984816686868
1856,Nacho Libre,0.20385605411210617
1857,Larry Crowne,0.20385149714758655
1858,Julie & Julia,0.20385137398638328
1859,Premium Rush,0.2038396736720759
1860,The General's Daughter,0.20383844206004365
1861,Raging Bull,0.20382452484407776
1862,Everything You Always Wanted to Know About Sex *But Were Afraid to Ask,0.20380334111712145
1863,Shallow Hal,0.20380137053786943
1864,Diary of a Wimpy Kid,0.20377575300759657
1865,How Stella Got Her Groove Back,0.20374225316031638
1866,The Judge,0.20373326239248013
1867,Oliver Twist,0.20372932123397675
1868,The Devil Inside,0.20372895175036698
1869,"Good Night, and Good Luck.",0.2037183598868888
1870,Tremors,0.2036740218537241
1871,Four Rooms,0.20365357709398677
1872,Lockout,0.20362906801454284
1873,Step Up 3D,0.2036284522085267
1874,Singin' in the Rain,0.20361527395978052
1875,Kiss of the Dragon,0.20360394312908295
1876,Gods and Generals,0.20357783295399673
1877,To Kill a Mockingbird,0.20356194515877943
1878,Rain Man,0.20353090853556408
1879,Anywhere But Here,0.203503689909649
1880,Marley & Me,0.2034717911580109
1881,Ca$h,0.2034339806686176
1882,Hop,0.20342486673957794
1883,Mad Max 2: The Road Warrior,0.203387672056201
1884,Race to Witch Mountain,0.2033784349659582
1885,Damnation Alley,0.2033248598425507
1886,Catch-22,0.20329911915107446
1887,Opal Dream,0.20328729567556372
1888,Little Black Book,0.20326377188574582
1889,Honey,0.20324308080360215
1890,Chasing Amy,0.20323963228991146
1891,The Peanuts Movie,0.20323273526253047
1892,Drive Angry,0.20322251288266197
1893,Mean Girls,0.20321623166129696
1894,Life During Wartime,0.20321561585528072
1895,Firefox,0.20318507187687826
1896,Jason Goes to Hell: The Final Friday,0.20318223916920372
1897,Free Birds,0.2031616712482633
1898,The Count of Monte Cristo,0.2031408570049166
1899,Hit & Run,0.20312854088459312
1900,Robin Hood,0.20307385731035632
1901,The Sweetest Thing,0.203070531957869
1902,Liar Liar,0.20306609815455254
1903,Step Up,0.20305082616535133
1904,Cursed,0.20303259830727252
1905,Curious George,0.2030296424383948
1906,Inside Deep Throat,0.2030189274137131
1907,Disaster Movie,0.20301769580168091
1908,Sherrybaby,0.20300919767865777
1909,Rat Race,0.20300907451745429
1910,Rang De Basanti,0.20299737420314706
1911,Rio 2,0.20299343304464354
1912,Deadfall,0.20299183194900144
1913,Rosemary's Baby,0.2029769294434099
1914,Enemy of the State,0.20294675494861725
1915,Lara Croft: Tomb Raider,0.2029320987654322
1916,Dolphins and Whales: Tribes of the Ocean,0.2029052496231267
1917,Rob Roy,0.20288849969948672
1918,Cloud Atlas,0.20284231424827331
1919,"I, Robot",0.20283258451321765
1920,Monsters,0.20281324820430985
1921,Sucker Punch,0.20279736040909233
1922,Hannibal Rising,0.20279366557299514
1923,Dark City,0.20277198920122572
1924,Into the Storm,0.20274514005892028
1925,Pixels,0.20273405555062904
1926,Frailty,0.20270412737824287
1927,Welcome to Mooseport,0.2026708738533692
1928,Do the Right Thing,0.20266890327411743
1929,Rescue Dawn,0.20265203018927413
1930,Paddington,0.20262678214261076
1931,Insomnia,0.20257099011754506
1932,My Beautiful Laundrette,0.2025653247021962
1933,Reds,0.20255892031962797
1934,Jackass: The Movie,0.20252960795325783
1935,Everest,0.20251901608977962
1936,Running with Scissors,0.20250078823170087
1937,My Name Is Khan,0.2024898268846128
1938,The End of the Affair,0.2024834225020444
1939,Chronicle,0.20246149980786865
1940,Dredd,0.20244450356182198
1941,Predator,0.2024193786763618
1942,Chloe,0.20241285113259047
1943,Micmacs,0.20241223532657432
1944,Spirit: Stallion of the Cimarron,0.20241211216537106
1945,Return to the Blue Lagoon,0.2023658035529544
1946,Bodyguards and Assassins,0.20235324111022432
1947,"For a Good Time, Call...",0.2022722010384953
1948,Happy Feet,0.20227047678164994
1949,Logan's Run,0.20227023045924344
1950,Cheri,0.2022528647295873
1951,Ed Wood,0.20224572137979965
1952,Green Zone,0.20223759274038594
1953,Superman IV: The Quest for Peace,0.2022320504862404
1954,Friday,0.20223007990698855
1955,How Do You Know,0.20215396628338891
1956,Beyond the Lights,0.2021527346713567
1957,Sweet Charity,0.20213389100726162
1958,The Lake House,0.20210174593321698
1959,Elizabethtown,0.20207157143842433
1960,Drive,0.2020644280886366
1961,Downfall,0.20205568364320703
1962,The Boy,0.20200531071108355
1963,Eye of the Dolphin,0.2020022316810026
1964,Scary Movie 4,0.20195703151941521
1965,Poetic Justice,0.20193400037441014
1966,Diary of a Wimpy Kid: Dog Days,0.2019246401229643
1967,Four Brothers,0.2019055501364625
1968,Drop Dead Gorgeous,0.20189643620742334
1969,Coal Miner's Daughter,0.20189052446966782
1970,Family Plot,0.20187771570453136
1971,Harold & Kumar Go to White Castle,0.20187155764436956
1972,From Here to Eternity,0.2018711881607598
1973,Corpse Bride,0.20187094183835333
1974,Free State of Jones,0.20182623432157878
1975,Creed,0.20175504714610856
1976,Excessive Force,0.20173041490546154
1977,The X Files,0.20170602898722081
1978,Katy Perry: Part of Me,0.2016704353994857
1979,Appaloosa,0.20166747953060807
1980,Keeping the Faith,0.2016283142679791
1981,The American President,0.20161599814765563
1982,Lars and the Real Girl,0.20158927216655326
1983,Interview with the Vampire,0.20157732552983967
1984,The Hunger Games: Catching Fire,0.2015608219286059
1985,Employee of the Month,0.20155712709250895
1986,Duel in the Sun,0.20154936793670508
1987,March of the Penguins,0.20154924477550187
1988,Made,0.20151968608672527
1989,Secretary,0.20150207403466253
1990,Journey to the Center of the Earth,0.20149517700728126
1991,Knocked Up,0.2014771954716089
1992,Penguins of Madagascar,0.20146845102617922
1993,F.I.S.T.,0.20144689781561279
1994,Crazy Heart,0.201444311430345
1995,Country Strong,0.20141598435360078
1996,Fled,0.20141413693555218
1997,Message in a Bottle,0.20139874178514763
1998,Double Impact,0.20136659671110324
1999,Delivery Man,0.2013451666617403
2000,The Last Exorcism,0.20133506744307486
2001,Taxi Driver,0.20129405476239734
2002,The Tigger Movie,0.20128531031696748
2003,Legion,0.20127016148896973
2004,Galaxina,0.20123062674273096
2005,Narc,0.2012142463027006
2006,La Bamba,0.20119367838176047
2007,Intolerable Cruelty,0.2011834560018919
2008,Insidious: Chapter 3,0.2011704009143488
2009,Stonewall,0.20115783847161878
2010,District B13,0.20110980560235686
2011,In the Cut,0.20107039401732152
2012,Disturbing Behavior,0.20106866976047616
2013,Gun Shy,0.2010611569270788
2014,From Russia with Love,0.20102765707979864
2015,Jeepers Creepers,0.20102273063166928
2016,Center Stage,0.2010144788310524
2017,Leaving Las Vegas,0.20099514252214443
2018,Stuart Little,0.20095486880868638
2019,Ever After: A Cinderella Story,0.20090892967987936
2020,Ride Along 2,0.20089735252677524
2021,Dark Blue,0.20085720197452034
2022,Flight,0.20083798882681575
2023,Bloodsport,0.20082320948242738
2024,Hostel,0.20078441370340802
2025,Mission: Impossible II,0.2007789946104657
2026,Strangerland,0.2007252963258551
2027,Eight Below,0.20070608317815014
2028,Friends with Money,0.20070263466445964
2029,Hachi: A Dog's Tale,0.20069044170533928
2030,Deadpool,0.20068822480368098
2031,Radio,0.20065497127880724
2032,Boyhood,0.20064659631698734
2033,Facing the Giants,0.2006149438877559
2034,Beauty Shop,0.2006097711172198
2035,Foodfight!,0.20058871055146663
2036,Kung Fu Panda,0.20057146798301362
2037,Flight of the Phoenix,0.2005254056930035
2038,School for Scoundrels,0.20052195717931284
2039,Bright Star,0.2005070546737213
2040,The Prophecy,0.2004890731380489
2041,Dawn of the Dead,0.2004839003675131
2042,Event Horizon,0.20048008237021275
2043,Miracle at St. Anna,0.20044793729616825
2044,Eyes Wide Shut,0.20044547407210347
2045,Harry Potter and the Chamber of Secrets,0.20043623698186078
2046,Gone Girl,0.2004283546648538
2047,Go,0.20040064339412575
2048,Star Trek II: The Wrath of Khan,0.20039645591321573
2049,Role Models,0.20035753697299305
2050,Congo,0.200319849644803
2051,Leatherheads,0.20030039017469184
2052,Day of the Dead,0.20027945277014172
2053,Going the Distance,0.20027132413072823
2054,Slumdog Millionaire,0.20026898406786678
2055,Beyond the Valley of the Dolls,0.20026676716620861
2056,My Best Friend's Girl,0.20026664400500527
2057,Radio Flyer,0.20026159439567268
2058,My Life in Ruins,0.20024348969879702
2059,How to Train Your Dragon 2,0.20023154306208316
2060,Bridge to Terabithia,0.20022329126146635
2061,Lost in Space,0.20019003773659266
2062,Ninja Assassin,0.20017846058348848
2063,Focus,0.2001372015804046
2064,Hot Tub Time Machine 2,0.20012303804203252
2065,She's the One,0.20009618889972716
2066,Home Alone,0.20006515227651153
2067,How the Grinch Stole Christmas,0.20004926448129426
2068,Ex Machina,0.2000443380331648
2069,Beyond the Mat,0.2000310366232154
2070,The Best Little Whorehouse in Texas,0.20000024632240646
2071,Couples Retreat,0.19998756071847335
2072,Something Borrowed,0.19998657542884743
2073,Living Out Loud,0.1999591104805259
2074,Florence Foster Jenkins,0.19991501876976736
2075,Piranha 3D,0.19990479638989878
2076,D-Tox,0.19987105022021232
2077,Fiddler on the Roof,0.19986415319283107
2078,DOA: Dead or Alive,0.19983447134285123
2079,Dogma,0.19981882987004032
2080,Fury,0.1997727675800302
2081,Killing Zoe,0.19975010591863487
2082,Loose Cannons,0.19974333205245684
2083,Choke,0.1997274442572393
2084,Elizabeth: The Golden Age,0.1996932054427399
2085,"Hail, Caesar!",0.1996904958962687
2086,Dangerous Liaisons,0.19968458415851342
2087,It's Kind of a Funny Story,0.19968138196722918
2088,Down Terrace,0.1996726375217996
2089,Moon,0.1996643857211826
2090,Happiness,0.19963999980294211
2091,Glengarry Glen Ross,0.1995486141901413
2092,Fun Size,0.19954220980757298
2093,Million Dollar Arm,0.19952102608061642
2094,Casino Royale,0.1994976254520016
2095,Donnie Brasco,0.19947410166218352
2096,Species,0.1994561201265113
2097,Space Dogs,0.19945439586966582
2098,Neighbors 2: Sorority Rising,0.19945427270846264
2099,House at the End of the Street,0.1994329658203029
2100,Double Jeopardy,0.1994157232518498
2101,House on Haunted Hill,0.1994027913255102
2102,Gamer,0.1993902288827801
2103,Friday the 13th: The Final Chapter,0.19937877489087932
2104,Demonic,0.19935820696993883
2105,Earth to Echo,0.19934194969111188
2106,Safe House,0.19931842590129367
2107,Jade,0.19931719428926145
2108,Heartbeeps,0.1993094351334575
2109,Dinosaur,0.19929477895027253
2110,First Knight,0.19923886376400338
2111,The Last Exorcism Part II,0.19922864138413487
2112,Ella Enchanted,0.19922851822293153
2113,Club Dread,0.199214108362153
2114,G.I. Jane,0.199190584572335
2115,Reindeer Games,0.19918184012690532
2116,Shalako,0.19917272619786583
2117,Human Traffic,0.19917272619786583
2118,Hocus Pocus,0.19917001665139472
2119,Mama,0.19915437517858384
2120,Hoop Dreams,0.19911250036948364
2121,Shorts,0.19909956844314383
2122,Hackers,0.19908121742386173
2123,East Is East,0.19907308878444804
2124,Harley Davidson and the Marlboro Man,0.19906766969150572
2125,Disturbia,0.1990649601450345
2126,Fantastic Four,0.1990456238361265
2127,The Book of Eli,0.19902037578946327
2128,Dick,0.198972589242608
2129,I Think I Love My Wife,0.19895399190091936
2130,How High,0.1989211078596553
2131,Enchanted,0.19889315026652082
2132,Jerry Maguire,0.19888021834018105
2133,Django Unchained,0.19887812459972612
2134,Next Friday,0.19884585636447838
2135,Lolita,0.19881518922487268
2136,Finding Neverland,0.19879967091326495
2137,Coach Carter,0.19877861034751163
2138,Boogeyman,0.1987696195796755
2139,Lucy,0.1987314396066723
2140,Jingle All the Way,0.1986766328712324
2141,Duplex,0.19866677997497362
2142,Jack and Jill,0.19864436463598484
2143,Brother,0.19858192190594412
2144,Dolphin Tale 2,0.19856394037027178
2145,Bridget Jones's Diary,0.19855211689476118
2146,Extreme Measures,0.19854953050949325
2147,Les Misérables,0.19850088183421502
2148,Das Boot,0.198491891066379
2149,ATL,0.19847772752800688
2150,Deep Impact,0.1984697220497965
2151,Seventh Son,0.1984507552244982
2152,The Change-Up,0.1984367148473294
2153,The Reader,0.19842723143468022
2154,Platoon,0.19839065255731916
2155,Indiana Jones and the Last Crusade,0.19837439527849204
2156,The Trouble with Harry,0.1983735331500696
2157,Boom Town,0.19836035490132328
2158,Danny Collins,0.19833843220714725
2159,Red Eye,0.19825640684579243
2160,Cradle 2 the Grave,0.1982200742908377
2161,Battle for the Planet of the Apes,0.19821145300661142
2162,Capote,0.19820664971968505
2163,Crazy/Beautiful,0.19820369385080747
2164,Blue Valentine,0.19818312592986706
2165,Dr. No,0.1981671149734464
2166,Flightplan,0.19815910949523605
2167,Firewall,0.19813669415624713
2168,Cheaper by the Dozen,0.1981200673938105
2169,Dark Shadows,0.19811895894298143
2170,Bad Teacher,0.19811095346477092
2171,Hoodwinked!,0.19807511355462923
2172,A Scanner Darkly,0.19807215768575168
2173,Our Brand Is Crisis,0.198062427950696
2174,Click,0.19804222951336542
2175,The Forbidden Kingdom,0.19803163764988732
2176,Failure to Launch,0.19800540431359803
2177,City of Angels,0.19799407348290038
2178,Finding Nemo,0.19795072073936137
2179,C.H.U.D.,0.19793717300700547
2180,Cop Land,0.19792990649601452
2181,College,0.19792288630743002
2182,Captain Phillips,0.19789566768151498
2183,Half Nelson,0.1978792872414848
2184,Invaders from Mars,0.19786795641078705
2185,The Revenant,0.1978440631373591
2186,The Greatest Show on Earth,0.19781487393219246
2187,No Reservations,0.1978132728365503
2188,Bangkok Dangerous,0.19781314967534716
2189,Nerve,0.19781019380646944
2190,Big Eyes,0.1978064989703724
2191,Behind Enemy Lines,0.19780206516705592
2192,Bananas,0.19775070694530658
2193,Tea with Mussolini,0.19773839082498307
2194,Dark Water,0.19772373464179793
2195,Final Destination,0.19768690944203052
2196,Bridget Jones: The Edge of Reason,0.19768247563871413
2197,Blackhat,0.19767865764141362
2198,Fantasia 2000,0.19767730286817803
2199,From a Whisper to a Scream,0.19760328298503357
2200,Eraserhead,0.19759884918171705
2201,The Out-of-Towners,0.1975966322800587
2202,Kill List,0.1975495847004226
2203,Boyz n the Hood,0.1975314800035469
2204,In Cold Blood,0.1975132521454683
2205,Independence Day,0.1975132521454683
2206,El Mariachi,0.197463618180564
2207,King Kong,0.1974543810903215
2208,Coraline,0.19744945464219207
2209,Four Christmases,0.19743024149448732
2210,Elf,0.19741521582769245
2211,Hesher,0.1974115209915954
2212,Paul Blart: Mall Cop 2,0.19740080596691392
2213,Entrapment,0.19733429891716656
2214,Bottle Rocket,0.19732838717941145
2215,Blue Jasmine,0.19732161331323358
2216,Goal!: The Dream Begins,0.19731434680224247
2217,Igby Goes Down,0.19731188357817775
2218,I Hope They Serve Beer in Hell,0.19731188357817775
2219,The Last King of Scotland,0.1973001832638704
2220,Gosford Park,0.19729427152611503
2221,Miracle,0.19728983772279868
2222,Gremlins 2: The New Batch,0.1972664370941839
2223,Conan the Barbarian,0.19726040219522542
2224,Scott Pilgrim vs. the World,0.19724636181805644
2225,Despicable Me,0.197228380282384
2226,Easy A,0.19719943739962353
2227,Furious 7,0.1971902003093809
2228,Land of the Lost,0.1971844117328289
2229,Spectre,0.19706248214162547
2230,Daylight,0.19700336476407246
2231,I Know What You Did Last Summer,0.19699338870661035
2232,Courageous,0.19698144206989637
2233,Boogie Nights,0.1969803336190674
2234,G.I. Joe: The Rise of Cobra,0.1969619825997853
2235,The Astronaut Farmer,0.19696050466534631
2236,Machete,0.1969318081049926
2237,DodgeBall: A True Underdog Story,0.1969239257879854
2238,Boys Don't Cry,0.19691419605292992
2239,Quest for Fire,0.19690335786704494
2240,He Got Game,0.1968926428423635
2241,Lincoln,0.19689091858551822
2242,Extract,0.19685150700048287
2243,Eternal Sunshine of the Spotless Mind,0.19681763766959293
2244,Kama Sutra - A Tale of Love,0.1967907885272877
2245,Nutty Professor II: The Klumps,0.1967469431389358
2246,Midnight Run,0.19673339540657972
2247,Princess Mononoke,0.19672945424807617
2248,For Your Consideration,0.19671368961406202
2249,Must Love Dogs,0.19671048742277797
2250,Mandela: Long Walk to Freedom,0.19670937897194885
2251,Grudge Match,0.19669607756199936
2252,Dawn of the Planet of the Apes,0.19667649493068481
2253,Neighbors,0.19661060368695385
2254,Collateral Damage,0.19657919758012862
2255,Indiana Jones and the Kingdom of the Crystal Skull,0.1965718079079345
2256,Bottle Shock,0.19655604327392034
2257,Full Frontal,0.19654052496231272
2258,Night at the Museum,0.19651392214241376
2259,Lady in the Water,0.1964836244864178
2260,Rocky Balboa,0.19643115781383935
2261,Taken 3,0.19642389130284843
2262,Doomsday,0.19639285467963302
2263,Eastern Promises,0.19639260835722666
2264,Argo,0.1963842333954067
2265,"Run, Fatboy, Run",0.1963709319854571
2266,Cars 2,0.1963302887883893
2267,Ice Princess,0.19629531100667055
2268,Crocodile Dundee in Los Angeles,0.19628964559132156
2269,Crossover,0.19628964559132156
2270,Cast Away,0.1962640280610487
2271,Reign of Fire,0.19625540677682193
2272,The Princess Bride,0.19618003212044186
2273,Ben-Hur,0.19612263899973403
2274,Atonement,0.19611229345866218
2275,Happy Feet Two,0.19608187264146298
2276,The Majestic,0.19607115761678154
2277,Ladder 49,0.19602780487324245
2278,Assassins,0.1960255879715844
2279,Fantastic 4: Rise of the Silver Surfer,0.1959904870286621
2280,Femme Fatale,0.1959771856187126
2281,The Flintstones,0.19596511582079557
2282,Into the Blue,0.1959414688697743
2283,Flipper,0.1959281674598249
2284,Song One,0.19590230360714542
2285,Babel,0.19588481471628572
2286,Mrs. Winterbourne,0.19587976510695312
2287,Harsh Times,0.1958396145546985
2288,House of Wax,0.19579884819642743
2289,EuroTrip,0.19577951188751924
2290,Days of Thunder,0.19574995319874286
2291,GoodFellas,0.1957043835535457
2292,Godsend,0.19566152345481955
2293,Our Family Wedding,0.19561964864571943
2294,Evita,0.19561250529593183
2295,Blade: Trinity,0.19559895756357576
2296,Identity,0.19559230685860104
2297,Land of the Dead,0.19555289527356562
2298,Man on Fire,0.1954350300020692
2299,Corky Romano,0.19542690136265545
2300,The Prince of Egypt,0.1954030080892279
2301,Everything Must Go,0.19537973062181627
2302,Girl 6,0.19533970323076477
2303,Faster,0.19530287803099736
2304,Inside Llewyn Davis,0.1952940104243642
2305,Cliffhanger,0.19525275142128032
2306,Money Train,0.19524917974638645
2307,Munich,0.19517466721842883
2308,Cats & Dogs 2 : The Revenge of Kitty Galore,0.19516469116096663
2309,Monster-in-Law,0.1951305755076705
2310,Predator 2,0.19512971337924778
2311,Brokeback Mountain,0.19512909757323157
2312,Clear and Present Danger,0.19511727409772098
2313,Tears of the Sun,0.19508796173135085
2314,Shanghai Knights,0.19508697644172507
2315,Collateral,0.1950789709635147
2316,Escape from Planet Earth,0.19507133496891413
2317,City By The Sea,0.19506973387327187
2318,The Color Purple,0.19506751697161384
2319,Dreamcatcher,0.19503684983200809
2320,"Good bye, Lenin!",0.1949965761185501
2321,I Still Know What You Did Last Summer,0.19494878957169456
2322,Epic Movie,0.19488807109849943
2323,Evan Almighty,0.19486824214477844
2324,Coriolanus,0.19484668893421223
2325,The Fisher King,0.19484336358172472
2326,Begin Again,0.19480296670706357
2327,Bridesmaids,0.19479028110313024
2328,Children of Men,0.1947873252342526
2329,Fast Five,0.19477574808114861
2330,Dope,0.19473879972017766
2331,Boomerang,0.19472340456977336
2332,Carnage,0.19467623382893406
2333,Gossip,0.19465418797355485
2334,Arbitrage,0.19463251160178544
2335,A Most Wanted Man,0.1946285704432818
2336,Risen,0.19460898781196725
2337,An Unfinished Life,0.19460012020533457
2338,Jaws 2,0.1945860798281655
2339,Analyze This,0.1945772122215326
2340,Finding Forrester,0.1945455597923011
2341,Elektra,0.19450861143133016
2342,End of Days,0.19449555634378735
2343,The Equalizer,0.19447917590375693
2344,Red Cliff,0.19436931611047073
2345,Fatal Attraction,0.1943646359847477
2346,Charly,0.1943593400530086
2347,Cutthroat Island,0.19433692471401984
2348,The Princess and the Frog,0.19433446148995492
2349,Dead Snow,0.19433384568393877
2350,Kung Fu Panda 2,0.1942938182928874
2351,The Lords of Salem,0.1941867912072753
2352,Executive Decision,0.1941838353383977
2353,Major Dundee,0.194147872267053
2354,Ladyhawke,0.19411979151271502
2355,Play It to the Bone,0.19409959307538455
2356,Confessions of a Dangerous Mind,0.19405205285093557
2357,Coyote Ugly,0.19403468712127933
2358,Robin Hood: Prince of Thieves,0.19403210073601135
2359,Buffalo '66,0.19400980855822583
2360,Battleship,0.193969781167174
2361,Hollywood Homicide,0.19393541919147136
2362,Rugrats in Paris: The Movie,0.19388935690146117
2363,Money Monster,0.19387433123466635
2364,The Lincoln Lawyer,0.19387371542865026
2365,Saw II,0.19383048584631457
2366,Transformers: Dark of the Moon,0.19382026346644599
2367,The Secret Life of Walter Mitty,0.19381176534342276
2368,Princess Kaiulani,0.19378269929945896
2369,Ice Age: Dawn of the Dinosaurs,0.19377617175568757
2370,Lucky Number Slevin,0.1937669346654449
2371,Bullet to the Head,0.19376533356980288
2372,Jaws,0.19373737597666843
2373,Alone With Her,0.1936824460800253
2374,Chappie,0.193611751549368
2375,Hud,0.19353292837929703
2376,BloodRayne,0.19351470052121833
2377,Date Movie,0.19348218596356398
2378,Hang 'em High,0.19344425231296736
2379,Insidious,0.1934048407279321
2380,Dumb and Dumberer: When Harry Met Lloyd,0.19339387938084382
2381,Paycheck,0.19338488861300782
2382,Letters from Iwo Jima,0.19338451912939808
2383,Kick-Ass 2,0.1933637048860512
2384,Hotel Rwanda,0.19333205245681961
2385,Blazing Saddles,0.1933284807819258
2386,A Perfect Getaway,0.19329374932261323
2387,The Texas Chain Saw Massacre,0.19329030080892284
2388,Furry Vengeance,0.19327650675416047
2389,Star Trek: Generations,0.19327207295084384
2390,Caddyshack,0.1932418984560512
2391,Hide and Seek,0.1932191136334526
2392,Chain Reaction,0.19321554195855872
2393,Dreaming of Joseph Lees,0.19320334899943842
2394,Infamous,0.19319706777807344
2395,Crank,0.1931870917206113
2396,Deep Rising,0.1931788399199944
2397,My Best Friend's Wedding,0.19317600721232
2398,Catwoman,0.19314398529947877
2399,Fortress,0.193140413624585
2400,My Cousin Vinny,0.19312895963268403
2401,Jersey Boys,0.19312132363808343
2402,The Lord of the Rings: The Two Towers,0.19303745085867988
2403,Bandslam,0.19297660922428153
2404,Payback,0.1929764860630782
2405,Dante's Peak,0.1929635541367385
2406,Pacific Rim,0.19294237040978202
2407,Return to Oz,0.19294237040978202
2408,Crimson Tide,0.19292709842058084
2409,Blow,0.1929231572620772
2410,Fever Pitch,0.1928881794803584
2411,The Waterboy,0.19288165193658682
2412,Miss Julie,0.19287500123161197
2413,Burlesque,0.1928593597588011
2414,High Anxiety,0.19274518932340168
2415,Ghosts of Mars,0.19268373188298704
2416,Ishtar,0.19265675957947842
2417,"Lock, Stock and Two Smoking Barrels",0.19265552796744598
2418,Ted,0.19261734799444294
2419,Cat on a Hot Tin Roof,0.19257535002413956
2420,Dick Tracy,0.19257264047766842
2421,The Train,0.19256968460879062
2422,From Justin to Kelly,0.1925457913353631
2423,Racing Stripes,0.19247534312711229
2424,Amour,0.19247029351777953
2425,Did You Hear About the Morgans?,0.1924465234055551
2426,Brick Mansions,0.19242632496822443
2427,Bring It On,0.1923828490634823
2428,Devil's Due,0.19234245218882104
2429,Solomon and Sheba,0.1923140019508736
2430,Beautiful Creatures,0.19228358113367433
2431,Doctor Zhivago,0.19223924310050933
2432,Despicable Me 2,0.19219404293892198
2433,Con Air,0.1921844363650694
2434,August: Osage County,0.1921696570206813
2435,Courage Under Fire,0.19212655059954872
2436,Heavenly Creatures,0.19212285576345176
2437,Far from Heaven,0.1921130028671928
2438,Sanctum,0.1920648468367277
2439,Hitman,0.19205129910437177
2440,Scary Movie 3,0.19205080645955883
2441,"Crazy, Stupid, Love.",0.19197333806272363
2442,Fear and Loathing in Las Vegas,0.19194956795049897
2443,Boys and Girls,0.1919482131772633
2444,Pirates of the Caribbean: Dead Man's Chest,0.19186200033499848
2445,I Spit on Your Grave,0.19181753914063032
2446,Death Race 2000,0.19181027262963948
2447,Monte Carlo,0.19178748780704083
2448,Man of the Year,0.19178453193816325
2449,Blood Diamond,0.19175731331224816
2450,Antwone Fisher,0.19175595853901262
2451,The Long Kiss Goodnight,0.19172689249504896
2452,Don Juan DeMarco,0.19169782645108535
2453,Mulholland Drive,0.19168575665316828
2454,Licence to Kill,0.1916703615027637
2455,Butch Cassidy and the Sundance Kid,0.19165385790153025
2456,Magnolia,0.19163981752436132
2457,Duplicity,0.19163723113909317
2458,Doubt,0.19161173677002355
2459,Centurion,0.1916089040623492
2460,Once Upon a Time in Mexico,0.19159313942833495
2461,Brokedown Palace,0.19158808981900227
2462,Exorcist II: The Heretic,0.19151875006158076
2463,Anomalisa,0.19149239356408818
2464,Cellular,0.19140839762348139
2465,Around the World in 80 Days,0.19137231139093344
2466,Dr. Dolittle 2,0.19130925285487643
2467,Basquiat,0.19128252687377462
2468,Deep Blue Sea,0.1912772309420356
2469,Moms' Night Out,0.1912729202999221
2470,A Serious Man,0.19126725488457336
2471,Dear John,0.19125789463312745
2472,Equilibrium,0.19124915018769778
2473,Blue Car,0.19123240026405763
2474,Frenzy,0.1912190988541082
2475,Closer,0.1912162661464338
2476,Funny People,0.19120579744415878
2477,AVP: Alien vs. Predator,0.19120333422009403
2478,Hulk,0.1911990235779808
2479,The Fast and the Furious,0.19118498320081195
2480,Batman v Superman: Dawn of Justice,0.19108596159341049
2481,Baahubali: The Beginning,0.19108177411250035
2482,Charlie's Angels,0.19099359069098354
2483,Broken Arrow,0.1909721606416206
2484,Men in Black,0.19088557831574599
2485,Bound,0.19088237612446185
2486,Bringing Down the House,0.19087560225828382
2487,Cinderella Man,0.19084973840560437
2488,Charlie's Angels: Full Throttle,0.19082091868404727
2489,Black Rain,0.19080182869754558
2490,The Cotton Club,0.19077953651975996
2491,A Room with a View,0.19075244105504827
2492,Menace II Society,0.190730395199669
2493,Into the Woods,0.19068704245612994
2494,Clerks,0.19065341944764666
2495,Die Hard 2,0.19065157202959815
2496,Conan the Destroyer,0.19047619047619044
2497,Chill Factor,0.1904038948498912
2498,"Happy, Texas",0.190389115505503
2499,Because of Winn-Dixie,0.19035770939867772
2500,Draft Day,0.1903435458603056
2501,Just Go with It,0.1903425605706797
2502,The Lion King,0.19034046683022474
2503,Hostage,0.1902994541495473
2504,Crossroads,0.1902918181549467
2505,The 5th Quarter,0.19028504428876855
2506,Domino,0.1902488348950174
2507,Hereafter,0.19023208497137725
2508,Freddy vs. Jason,0.19014636477392527
2509,Howl's Moving Castle,0.19012715162622051
2510,Beverly Hills Chihuahua,0.19011286492664517
2511,Apocalypto,0.19010448996482524
2512,Funny Games,0.19007135960115468
2513,Battle: Los Angeles,0.19006630999182206
2514,Hard to Be a God,0.19006064457647326
2515,Bernie,0.19004081562275235
2516,A Most Violent Year,0.1900340417565744
2517,Awake,0.19003305646694846
2518,Outside Providence,0.189992043786271
2519,Jumper,0.18989881075542162
2520,Juno,0.18989881075542162
2521,Child's Play,0.18989351482368236
2522,Barney's Version,0.18988082921974922
2523,Children of Heaven,0.18985767491354086
2524,Groundhog Day,0.1898573054299311
2525,Chocolat,0.18980693249780775
2526,Scream,0.18978685722168037
2527,Astro Boy,0.18977306316691783
2528,Jawbreaker,0.18972749352172075
2529,Ong Bak 2,0.18971234469372278
2530,American Pie,0.18969744218813123
2531,Nim's Island,0.18968118490930416
2532,The Last Emperor,0.18966899195018377
2533,Charlotte's Web,0.18966886878898048
2534,It's a Wonderful Life,0.18965618318504734
2535,It's Complicated,0.18965618318504734
2536,Jackass Number Two,0.18965618318504734
2537,Death at a Funeral,0.18964928615766596
2538,Breakdown,0.18962613185145766
2539,Ocean's Thirteen,0.18960445547968816
2540,Braveheart,0.189600144837575
2541,Moonlight Mile,0.1895510035174838
2542,Bad Words,0.1894872060142079
2543,Pet Sematary,0.189475259377494
2544,Dragon Blade,0.18944816391278205
2545,Crash,0.1894223000601027
2546,As Good as It Gets,0.1894165114835508
2547,Open Water,0.18939803730306523
2548,Dracula Untold,0.18939668252982964
2549,Blast from the Past,0.18937746938212502
2550,Jersey Girl,0.1893533297862908
2551,Body of Lies,0.1893413831495767
2552,Big Momma's House 2,0.1892588651434089
2553,Seven Psychopaths,0.18925775669257985
2554,Alfie,0.18925517030731182
2555,Don't Say a Word,0.1892407604465334
2556,Dream House,0.18922105465401556
2557,Friday After Next,0.1892078764052693
2558,Concussion,0.18919285073847453
2559,Project X,0.18918730848432896
2560,City of Ember,0.18913127013685677
2561,House of Sand and Fog,0.18911932350014288
2562,Big Daddy,0.18908557733045628
2563,Shrek the Third,0.1890613145734189
2564,Knowing,0.1890411161360883
2565,Final Destination 2,0.18903224852945527
2566,Bridge of Spies,0.18896758889775658
2567,Percy Jackson & the Olympians: The Lightning Thief,0.18891019577704868
2568,One Hour Photo,0.188905146167716
2569,Creepshow,0.18889849546274134
2570,Goldfinger,0.18882275132275145
2571,Barbershop 2:  Back in Business,0.1888041539810627
2572,Man on a Ledge,0.1887963948252589
2573,Paranormal Activity 2,0.1887531652429231
2574,Blade Runner,0.1887454060871193
2575,Avatar,0.18872853300227624
2576,Another Earth,0.18869022986806963
2577,Godzilla 2000,0.1886712630427715
2578,Armored,0.18866941562472286
2579,Precious,0.18863382203698775
2580,Black Nativity,0.1885782763343285
2581,Spring Breakers,0.1885627580227208
2582,Premonition,0.18850770496487454
2583,Catch Me If You Can,0.18849834471342863
2584,Step Up 2: The Streets,0.18849514252214433
2585,Rocky,0.18848208743460151
2586,Diamonds Are Forever,0.1884407052703143
2587,A Time to Kill,0.18840843703506643
2588,Die Hard,0.18840769806784707
2589,Before I Go to Sleep,0.18837542983259922
2590,Sabotage,0.18834919649631005
2591,American Graffiti,0.18832210103159827
2592,Cats & Dogs,0.18828330525257916
2593,Beowulf,0.1882376124461785
2594,Big Hero 6,0.18823330180406525
2595,Exorcist: The Beginning,0.18823034593518762
2596,Annie Get Your Gun,0.18821766033125445
2597,Billy Elliot,0.1882132265279378
2598,Fish Tank,0.1882043589213049
2599,Inchon,0.18818391416156782
2600,Annie,0.18813711290433827
2601,Down in the Valley,0.18811334279211378
2602,A Walk to Remember,0.1880928980323766
2603,"As Above, So Below",0.18806851211413608
2604,The Glass House,0.1880602603135192
2605,Desperado,0.18804745154838273
2606,Cleopatra,0.1880383376193433
2607,Baggage Claim,0.18803242588158778
2608,Crocodile Dundee,0.18802368143615816
2609,Contraband,0.18800668519011168
2610,Flags of Our Fathers,0.1879981870670884
2611,Barnyard,0.18797811179096102
2612,Fireproof,0.18797010631275068
2613,Chasing Liberty,0.18795421851753344
2614,Freaky Friday,0.18791172790241692
2615,Antitrust,0.18790532351984876
2616,Buried,0.18789202210989928
2617,Bad Santa,0.18780309972116305
2618,Dinner for Schmucks,0.18779965120747263
2619,The Children of Huang Shi,0.18779263101888782
2620,Black Snake Moan,0.18775469736829137
2621,Dave Chappelle's Block Party,0.18770826559467163
2622,Any Given Sunday,0.18770383179135525
2623,Don't Be Afraid of the Dark,0.18769828953720946
2624,Bride of Chucky,0.18766577497955522
2625,Casper,0.18764323647936307
2626,Charlie St. Cloud,0.18763461519513666
2627,Crank: High Voltage,0.18762439281526808
2628,Erin Brockovich,0.18761798843269972
2629,Bulworth,0.18760000689702724
2630,Boiler Room,0.18758362645699717
2631,Auto Focus,0.18758140955533883
2632,"Crouching Tiger, Hidden Dragon",0.1875468012572297
2633,Connie and Carla,0.187521430049363
2634,Blended,0.187506773866178
2635,Baby Boy,0.18745726306247718
2636,Deuce Bigalow: European Gigolo,0.18743792675356924
2637,Can't Hardly Wait,0.18741403348014157
2638,A Passage to India,0.18739284975318485
2639,Blood Ties,0.18730823800656218
2640,Baby Geniuses,0.18730183362399377
2641,Jumping the Broom,0.18724813533938311
2642,Ocean's Twelve,0.18718704738257796
2643,Ghost Rider,0.18717756396992893
2644,Bad Company,0.18716783423487354
2645,Steel,0.18712571310336676
2646,Beastly,0.18706339353452947
2647,Cats Don't Dance,0.18700156661050524
2648,Home,0.18699269900387214
2649,Alexander,0.1869670814735992
2650,Basic Instinct 2,0.18696326347629882
2651,Blood Work,0.18694946942153653
2652,Aloft,0.18691744750869532
2653,Becoming Jane,0.18691350635019177
2654,Defendor,0.18691005783650094
2655,Blue Crush,0.18688185392095985
2656,Drive Me Crazy,0.18686978412304298
2657,Assault on Precinct 13,0.18683542214734028
2658,Bambi,0.18683246627846253
2659,Body Double,0.18679687269072726
2660,Allegiant,0.18679145359778507
2661,Devil,0.18678147754032284
2662,Airborne,0.18673270570384173
2663,The Town,0.18670634920634904
2664,Fantastic Mr. Fox,0.1866724798754594
2665,Beerfest,0.1866492024080478
2666,Ballistic: Ecks vs. Sever,0.18662764919748162
2667,Chariots of Fire,0.186603263279241
2668,Brigham City,0.18659685889667282
2669,Atlantis: The Lost Empire,0.18658478909875564
2670,Blue Streak,0.18656779285270908
2671,Dallas Buyers Club,0.1865314602977545
2672,Chicken Little,0.1864881075542155
2673,And So It Goes,0.18645953415506472
2674,A Very Harold & Kumar Christmas,0.18645263712768378
2675,Escape from L.A.,0.18641187076941276
2676,Driving Miss Daisy,0.186334648694984
2677,Born on the Fourth of July,0.18632036199540858
2678,All About Steve,0.18631789877134391
2679,Bill & Ted's Excellent Adventure,0.1863037352329717
2680,Black Book,0.18624572630624778
2681,Charlie and the Chocolate Factory,0.1862245425792911
2682,Bon Cop Bad Cop,0.18619781659818918
2683,Alpha and Omega,0.18618771737952364
2684,Away We Go,0.1861427635403428
2685,Baby Mama,0.18609054319017077
2686,Resident Evil: Apocalypse,0.18607502487856312
2687,The Joneses,0.18601566117860352
2688,Daddy's Home,0.18597083050062566
2689,Black or White,0.18595679012345692
2690,Barry Lyndon,0.18594816883923027
2691,August Rush,0.1859353600740939
2692,Bolt,0.18593080310957402
2693,Be Cool,0.1859062940301301
2694,Bandits,0.18589705693988748
2695,Changing Lanes,0.1858932389425872
2696,City of Life and Death,0.185855551614397
2697,Ride Along,0.18582944143931104
2698,American Psycho,0.185817864286207
2699,Gracie,0.18579606475323412
2700,ParaNorman,0.18579138462751124
2701,Amadeus,0.18578239385967502
2702,Blindness,0.18577623579951327
2703,American Pie 2,0.18577180199619667
2704,Atlas Shrugged Part III: Who is John Galt?,0.18576490496881556
2705,Secret in Their Eyes,0.18574396756426542
2706,Exodus: Gods and Kings,0.18557991684155548
2707,A Fistful of Dollars,0.1855609500162572
2708,Changeling,0.18553200713349688
2709,Cape Fear,0.1854853290374706
2710,Predators,0.1854661158897656
2711,Escape from the Planet of the Apes,0.18545392293064547
2712,An Ideal Husband,0.18543495610534722
2713,Before Midnight,0.18541956095494272
2714,Taken 2,0.18540034780723785
2715,Bandidas,0.1853923423290276
2716,Before Sunset,0.18533544185313283
2717,Alive,0.1852846994373996
2718,A Man for All Seasons,0.18522644418826906
2719,My Fair Lady,0.18518986531090817
2720,Stitches,0.18517360803208088
2721,The Lord of the Rings: The Return of the King,0.18513653650990708
2722,Epic,0.18512766890327406
2723,Die Another Day,0.18511929394145407
2724,God's Not Dead 2,0.18508887312425484
2725,Amores perros,0.18504145606100905
2726,Johnny English Reborn,0.1850357906456602
2727,MacGruber,0.18503468219483116
2728,Burn,0.18496718985545796
2729,American Gangster,0.18491718640694443
2730,Death Sentence,0.18491583163370878
2731,Another Happy Day,0.18483355994994724
2732,A Thousand Words,0.18477727528006857
2733,The Best Man Holiday,0.18468391908801599
2734,Bride Wars,0.18467418935296023
2735,Inception,0.18467308090213116
2736,Evil Dead II,0.184627018612121
2737,Cure,0.18455521563063468
2738,Fast Times at Ridgemont High,0.18455102814972454
2739,Are We There Yet?,0.18450287211925942
2740,Brothers,0.18450176366843032
2741,How to Be Single,0.18446259840580131
2742,Criminal,0.18441887617865274
2743,Captain America: The Winter Soldier,0.1843800803996335
2744,Spy Kids,0.18431960824884466
2745,Babe: Pig in the City,0.18427871872937043
2746,Bedazzled,0.1842326564393604
2747,Antz,0.18420383671780313
2748,The Rock,0.18418240666844019
2749,Ghost Ship,0.18416861261367767
2750,Dazed and Confused,0.18416122294148357
2751,Mallrats,0.18413080212428445
2752,Austin Powers in Goldmember,0.18409841072783356
2753,Pirates of the Caribbean: The Curse of the Black Pearl,0.1840488999241326
2754,Ghostbusters,0.1840404018011095
2755,Gigli,0.18398497925965343
2756,A Streetcar Named Desire,0.18395973121299009
2757,Alone in the Dark,0.1839362074231721
2758,Fright Night,0.1839065255731923
2759,Burn After Reading,0.18381193776910715
2760,A Night at the Roxbury,0.1837953110066705
2761,Barbarella,0.18378878346289887
2762,Left Behind,0.18365010394805545
2763,Die Hard: With a Vengeance,0.18361968313085625
2764,Alex & Emma,0.1835620436877419
2765,Bowling for Columbine,0.18356056575330318
2766,Detroit Rock City,0.18354714118215057
2767,Grindhouse,0.18352004571743852
2768,RoboCop,0.18351339501246394
2769,A Guy Thing,0.18350723695230214
2770,Brooklyn,0.18350699062989567
2771,All About the Benjamins,0.18344159203097754
2772,A Mighty Heart,0.18343986777413238
2773,Dumb and Dumber,0.18343740455006755
2774,Switchback,0.18341720611273682
2775,Angela's Ashes,0.18338272097583086
2776,Agora,0.18337089750032026
2777,Brave,0.18335624131713527
2778,Brooklyn Rules,0.18335303912585094
2779,Hairspray,0.18334330939079543
2780,Evil Dead,0.18330882425388934
2781,Deuce Bigalow: Male Gigolo,0.18329539968273656
2782,Lone Survivor,0.18327988137112916
2783,Made of Honor,0.18327988137112916
2784,Big Trouble,0.18323776023962254
2785,Gods of Egypt,0.1831524095257801
2786,Alex Cross,0.18311521484240298
2787,Bronson,0.18311164316750905
2788,American Dreamz,0.18304525927896506
2789,Monsters vs Aliens,0.18301631639620464
2790,Adore,0.18301533110657883
2791,Snow White and the Huntsman,0.1829727173302592
2792,Snow White and the Seven Dwarfs,0.1829727173302592
2793,Austin Powers: International Man of Mystery,0.18295744534105807
2794,Alatriste,0.18293256677800449
2795,A Home at the End of the World,0.1828389642635453
2796,Apocalypse Now,0.1828282492388639
2797,Cinderella,0.18281445518410133
2798,Aloha,0.18267589883046134
2799,Arthur and the Invisibles,0.18266900180307996
2800,Kill the Messenger,0.18261197816598188
2801,Anastasia,0.18259190288985447
2802,Beastmaster 2: Through the Portal of Time,0.18255889568738737
2803,Chicago,0.18240592947296858
2804,Bicentennial Man,0.18240014089641657
2805,Cloudy with a Chance of Meatballs,0.18237846452464693
2806,Cloudy with a Chance of Meatballs 2,0.18237846452464693
2807,Casino,0.18231885450228086
2808,Paranormal Activity 3,0.1821995112963456
2809,Before Sunrise,0.1821908900121191
2810,Bee Movie,0.18213472850344367
2811,A View to a Kill,0.18211613116175493
2812,A Dangerous Method,0.18209864227089556
2813,American Beauty,0.18203583005724536
2814,The Dukes of Hazzard,0.18201772536036975
2815,The Egyptian,0.18200762614170435
2816,Diary of a Wimpy Kid: Rodrick Rules,0.18200146808154255
2817,Diary of the Dead,0.18200146808154255
2818,Star Wars: Episode II - Attack of the Clones,0.18182017479037954
2819,9,0.181812046150966
2820,Gridiron Gang,0.18179825209620376
2821,Battle of the Year,0.1817914782300257
2822,A Man Apart,0.18177497462879222
2823,Derailed,0.18174430748918652
2824,Happy Gilmore,0.18173630201097615
2825,5 Days of War,0.18168445114441403
2826,Saw VI,0.18165600090646647
2827,Babe,0.18164306898012683
2828,Jonah Hex,0.18161289448533388
2829,In the Heart of the Sea,0.1816090764880336
2830,Æon Flux,0.1813956381228262
2831,Another Year,0.1813780260707636
2832,Aliens in the Attic,0.1813738385898535
2833,By the Sea,0.18126755047146118
2834,Clerks II,0.18125979131565723
2835,Big Fish,0.18125387957790176
2836,Ghost Rider: Spirit of Vengeance,0.18117961337235075
2837,Almost Famous,0.18117579537505046
2838,Close Encounters of the Third Kind,0.18110793355206756
2839,A Good Day to Die Hard,0.18108736563112726
2840,Escape Plan,0.18098674292808378
2841,It Follows,0.18092085168435262
2842,Escape from New York,0.1807484259998227
2843,GoldenEye,0.18069546668243125
2844,Ali,0.1806886928162534
2845,Angels & Demons,0.18067883991999456
2846,American Sniper,0.18065322238972145
2847,Dirty Grandpa,0.18058289734267377
2848,Armageddon,0.1804787029647364
2849,Daddy Day Care,0.18045887401101565
2850,Madagascar 3: Europe's Most Wanted,0.18036810420423088
2851,Eragon,0.1803637935621176
2852,American Hustle,0.18034630467125812
2853,Adaptation.,0.18020183657986258
2854,Daybreakers,0.18019715645413964
2855,Anacondas: The Hunt for the Blood Orchid,0.18013631481974127
2856,Four Lions,0.180129910437173
2857,Babylon A.D.,0.18007461105692013
2858,Captain America: The First Avenger,0.18003963327520123
2859,Cirque du Freak: The Vampire's Assistant,0.18001992748268356
2860,A League of Their Own,0.18000724187875022
2861,Air Force One,0.17998273279930627
2862,Boat Trip,0.17998162434847711
2863,Spellbound,0.17997238725823447
2864,Akeelah and the Bee,0.1797915866118845
2865,Basic,0.179783457972471
2866,Mad City,0.17977865468554485
2867,DragonHeart,0.1797710186909441
2868,Borat: Cultural Learnings of America for Make Benefit Glorious Nation of Kazakhstan,0.17973739568246078
2869,Bad Moms,0.17970364951277426
2870,American History X,0.17964416265161148
2871,Against the Ropes,0.1795876316593262
2872,Bad Boys,0.17953849033923525
2873,Star Trek VI: The Undiscovered Country,0.17942395042022607
2874,Bedtime Stories,0.1793940222478398
2875,50 First Dates,0.17939008108933627
2876,A Knight's Tale,0.17937973554826445
2877,A Walk Among the Tombstones,0.179377395485403
2878,Austin Powers: The Spy Who Shagged Me,0.17928243819770828
2879,Resident Evil: Afterlife,0.1792514015744928
2880,Firestarter,0.17923107997595905
2881,Airlift,0.17921630063157062
2882,Brooklyn's Finest,0.17911801799138852
2883,Bachelorette,0.17902909560265243
2884,Attack the Block,0.17895396726867857
2885,Star Trek: Nemesis,0.1788955888583449
2886,Hanging Up,0.17880678963081198
2887,Dolphin Tale,0.17876614643374428
2888,Broken City,0.17876479166050863
2889,90 Minutes in Heaven,0.17862759008010412
2890,"Alexander and the Terrible, Horrible, No Good, Very Bad Day",0.17860443577389584
2891,Action Jackson,0.1785415003990423
2892,Anchorman: The Legend of Ron Burgundy,0.17854150039904226
2893,The Last Godfather,0.17851502074034664
2894,Big Fat Liar,0.178512064871469
2895,The Elephant Man,0.1784563960076065
2896,88 Minutes,0.1783171006867468
2897,Bad Grandpa,0.1782982570226518
2898,Catch That Kid,0.17829197580128678
2899,A.I. Artificial Intelligence,0.17825453479550304
2900,K-PAX,0.178249238863764
2901,Amélie,0.17819775748081154
2902,30 Minutes or Less,0.1781493551279398
2903,Domestic Disturbance,0.17812669346654453
2904,American Reunion,0.17810895825327855
2905,Terminator 2: Judgment Day,0.17810501709477497
2906,Spider-Man,0.17809060723399653
2907,Night at the Museum: Battle of the Smithsonian,0.17799651207472442
2908,Night at the Museum: Secret of the Tomb,0.17799651207472442
2909,Beginners,0.1779585784241277
2910,A Hard Day's Night,0.1779385143444734
2911,Ace Ventura: When Nature Calls,0.17789231769678707
2912,Analyze That,0.17788345009015388
2913,Akira,0.1778282738711044
2914,Angel Eyes,0.17776398372301547
2915,American Wedding,0.1776724749490112
2916,American Outlaws,0.17763860561812148
2917,Hot Fuzz,0.1775833062378686
2918,Absolute Power,0.17750916319352072
2919,A Simple Wish,0.17749660075079055
2920,A History of Violence,0.17748342250204457
2921,Freddy's Dead: The Final Nightmare,0.17747714128067954
2922,Amistad,0.17745620387612923
2923,A Beautiful Mind,0.1774071857172416
2924,Hot Pursuit,0.1772231828796074
2925,A Mighty Wind,0.17722084281674597
2926,54,0.17716209492280266
2927,Annie Hall,0.17712354546618972
2928,Get Rich or Die Tryin',0.17709842058072964
2929,A Guy Named Joe,0.17708770555604825
2930,My Soul to Take,0.1770735420176762
2931,Dracula 2000,0.17706442808863665
2932,Abduction,0.17698831446503693
2933,Asterix at the Olympic Games,0.17693904998374274
2934,The Exorcism of Emily Rose,0.176895820401407
2935,The Exorcist,0.176895820401407
2936,The Expendables,0.176895820401407
2937,Anchorman 2: The Legend Continues,0.17675578611332796
2938,Australia,0.17675553979092154
2939,Captain Corelli's Mandolin,0.17675233759963743
2940,Madagascar: Escape 2 Africa,0.17674002147931386
2941,55 Days at Peking,0.17673152335629058
2942,Airplane!,0.17670738376045636
2943,Black Hawk Down,0.17669322022208425
2944,Ice Age,0.17665713398953634
2945,Carrie,0.1766079926694451
2946,Clash of the Titans,0.1763662272274936
2947,47 Ronin,0.17631659326258944
2948,Saw IV,0.17617926852098179
2949,Saw V,0.17607704472229607
2950,Contagion,0.1759266648931452
2951,Air Bud,0.17590622013340823
2952,Clockstoppers,0.17587469086537985
2953,Halloween: The Curse of Michael Myers,0.17584562482141627
2954,A Sound of Thunder,0.17582616535130496
2955,A Bug's Life,0.1757922960204152
2956,8 Mile,0.1757798567388884
2957,Scream 2,0.1756618683061887
2958,Annabelle,0.1756414235464514
2959,Alexander's Ragtime Band,0.1754653030258245
2960,Adventureland,0.17541911757461107
2961,Pirates of the Caribbean: On Stranger Tides,0.1753507631068152
2962,Pitch Black,0.1753507631068152
2963,A Christmas Carol,0.17528733508714897
2964,The Island,0.17523745479983832
2965,Apollo 18,0.17523277467411552
2966,Escape from Alcatraz,0.17522008907018216
2967,Aladdin,0.17519176199343797
2968,From Dusk Till Dawn,0.17518708186771512
2969,Step Brothers,0.17516996246046526
2970,Black Mass,0.17516725291399418
2971,Blow Out,0.17508953819475231
2972,Admission,0.17507808420285137
2973,Aliens vs Predator: Requiem,0.17507574413999
2974,After.Life,0.17503066713960572
2975,Scream 3,0.17500320219128412
2976,Spy Game,0.17493570985191093
2977,Spy Kids 2: The Island of Lost Dreams,0.17493570985191093
2978,Dragonslayer,0.17486981860817982
2979,About Last Night,0.17474246992403425
2980,All Is Lost,0.17473877508793703
2981,Albert Nobbs,0.17469517602199158
2982,The Hunger Games,0.17467042062014118
2983,Barbecue,0.17466647946163766
2984,The Bourne Identity,0.17465674972658213
2985,Anonymous,0.1746088400185233
2986,Code Name: The Cleaner,0.17453642123102087
2987,A Bridge Too Far,0.17448666410491365
2988,Beverly Hills Cop,0.17445291793522705
2989,Along Came Polly,0.1744036534539328
2990,A Lonely Place to Die,0.1743312346664302
2991,How to Lose a Guy in 10 Days,0.17421127565447855
2992,Back to the Future,0.17421102933207208
2993,City of God,0.17418590444661208
2994,After Earth,0.17414218221946345
2995,Alice in Wonderland,0.17412801868109135
2996,Apollo 13,0.17408454277634916
2997,Extreme Ops,0.17405030396184953
2998,27 Dresses,0.17403798784152594
2999,Abraham Lincoln: Vampire Hunter,0.17395916467145522
3000,42,0.17375385494566128
3001,About Schmidt,0.17373180909028202
3002,Child 44,0.17354632831820913
3003,A Farewell to Arms,0.1734029686776428
3004,Beetlejuice,0.17336491186584288
3005,8MM,0.17336417289862346
3006,3 Days to Kill,0.1733344910486437
3007,A Better Life,0.17332365286275903
3008,An Inconvenient Truth,0.17309877170212348
3009,"An Alan Smithee Film: Burn, Hollywood, Burn",0.1729709191766919
3010,Abandon,0.17280908535564024
3011,Case 39,0.17280637580916913
3012,An Education,0.17276647157932065
3013,Arachnophobia,0.17253357374400205
3014,About a Boy,0.17247741223532662
3015,Baby's Day Out,0.17244452819406259
3016,After the Sunset,0.17237937591755087
3017,2 Guns,0.1722698856078744
3018,Agent Cody Banks,0.1721841654104223
3019,50/50,0.17213563989634761
3020,Swing Vote,0.17208674489866296
3021,"4 Months, 3 Weeks and 2 Days",0.1720855132866305
3022,Bran Nue Dae,0.17177490073207016
3023,Sphinx,0.17163219048693895
3024,Dragonfly,0.17160949523612457
3025,Halloween II,0.17146490398352598
3026,Creepshow 2,0.17135590631866235
3027,Alice Through the Looking Glass,0.17132597814627598
3028,A Low Down Dirty Shame,0.17128559246808775
3029,Anaconda,0.17126870818677142
3030,Agent Cody Banks 2: Destination London,0.17120010739656916
3031,A Few Good Men,0.17118926921068436
3032,Captain America: Civil War,0.17115835574867225
3033,The Charge of the Light Brigade,0.171027558550836
3034,A Good Year,0.17101314869005746
3035,Act of Valor,0.17068430827741818
3036,The American,0.17059772595154338
3037,The Chronicles of Narnia: Prince Caspian,0.17058861202250392
3038,Child's Play 2,0.170457445341058
3039,Casablanca,0.1704560905678224
3040,Central Intelligence,0.1704037470564473
3041,District 9,0.1703422896160326
3042,Black Christmas,0.17021247770782216
3043,3:10 to Yuma,0.17012725015518296
3044,Kundun,0.17010951494191726
3045,Bad Boys II,0.17009251869587047
3046,Resident Evil,0.1700539692392579
3047,42nd Street,0.17001751352310007
3048,22 Jump Street,0.16998869380154308
3049,Friday the 13th Part 2,0.16989016483895436
3050,Beverly Hills Cop II,0.1698663947267299
3051,Beverly Hills Cop III,0.1698663947267299
3052,Terminator 3: Rise of the Machines,0.169637068566305
3053,Conspiracy Theory,0.1693806469411684
3054,30 Days of Night,0.1693381563260521
3055,Beasts of the Southern Wild,0.1691861754012592
3056,Back to the Future Part II,0.16911043126126918
3057,All The Queen's Men,0.16898763954164323
3058,Ip Man 3,0.16893012325973222
3059,Animal House,0.16853748534381677
3060,A Civil Action,0.1683655523040998
3061,A Haunted House,0.16831444040475693
3062,300: Rise of an Empire,0.16828131004108657
3063,Aquamarine,0.16823266136580844
3064,3 Strikes,0.16810149468436256
3065,Along Came a Spider,0.1678918743164553
3066,Big,0.16772991733420034
3067,2012,0.16769518587488796
3068,Barbershop,0.1675767047973751
3069,Back to the Future Part III,0.16754135753204644
3070,(500) Days of Summer,0.16752202122313847
3071,Alvin and the Chipmunks,0.16743580838087344
3072,The Bounty,0.16732976658488757
3073,Shrek 2,0.16725747095858823
3074,"20,000 Leagues Under the Sea",0.16723111446109584
3075,2046,0.16704637265624225
3076,300,0.16700782319962953
3077,An American Carol,0.1668249288128245
3078,Ice Age: Continental Drift,0.16664757668016505
3079,Ace Ventura: Pet Detective,0.16657158621776882
3080,Hancock,0.16632058368557437
3081,21 Grams,0.16616540056949738
3082,All the King's Men,0.16611933827948722
3083,Invictus,0.16596723419349116
3084,Ant-Man,0.16589949553171157
3085,Avengers: Age of Ultron,0.16537495196713076
3086,3000 Miles to Graceland,0.16514501000068968
3087,Terminator Genisys,0.16513614239405672
3088,The Hoax,0.16469932319559877
3089,200 Cigarettes,0.1646707162070291
3090,2 Fast 2 Furious,0.16461110618466293
3091,25th Hour,0.1645894298128935
3092,Dragon Wars: D-War,0.16435456139832305
3093,1911,0.16426871803966783
3094,2001: A Space Odyssey,0.16408988797256932
3095,Cruel Intentions,0.16405257012798904
3096,21 & Over,0.16380218340181096
3097,1941,0.1637982422433074
3098,Superman II,0.1637918378607391
3099,Alvin and the Chipmunks: The Squeakquel,0.16378949779787763
3100,Highlander,0.16362287188637287
3101,Highlander: Endgame,0.16362287188637287
3102,Highlander: The Final Dimension,0.16362287188637287
3103,City Island,0.1634783925985043
3104,Daddy Day Camp,0.1634783925985043
3105,Star Wars,0.163160524729426
3106,A Lot Like Love,0.1631182692402431
3107,Casino Jack,0.16305496438177994
3108,Star Trek III: The Search for Spock,0.163049175805228
3109,Return of the Jedi,0.16300534161334904
3110,Resident Evil: Extinction,0.16292589144078898
3111,Resident Evil: Retribution,0.16292589144078898
3112,21 Jump Street,0.16285581271614785
3113,21,0.16248891549170874
3114,Mirror Mirror,0.16239789936251758
3115,Starsky & Hutch,0.16224887430660243
3116,Paranormal Activity 4,0.1619692983752572
3117,Paranormal Activity: The Marked Ones,0.1619692983752572
3118,16 Blocks,0.1618589459371582
3119,13 Going on 30,0.16177704373700658
3120,Ted 2,0.16122307584132536
3121,Hearts in Atlantis,0.16116751894219292
3122,15 Minutes,0.16089865803552958
3123,Terminator Salvation,0.1608950863606357
3124,28 Weeks Later,0.16077500418748084
3125,Black Swan,0.1606981627931348
3126,The Godfather,0.1600494615392193
3127,The Godfather: Part II,0.1600494615392193
3128,Alien³,0.15985375838727786
3129,A Cinderella Story,0.15958306125903884
3130,Spice World,0.15948319991616078
3131,Charlie Wilson's War,0.15932048157374037
3132,Harry Potter and the Goblet of Fire,0.1592814282758416
3133,Star Trek V: The Final Frontier,0.15928119314990824
3134,12 Years a Slave,0.15916972106450694
3135,28 Days Later,0.15913622121722687
3136,The Amazing Spider-Man 2,0.15872686696709043
3137,Miss Congeniality,0.15867400841795629
3138,Friday the 13th: A New Beginning,0.15835722660676094
3139,Hall Pass,0.15745396234223047
3140,Divergent,0.1573407771964568
3141,13 Hours: The Secret Soldiers of Benghazi,0.15699974382469714
3142,Alvin and the Chipmunks: Chipwrecked,0.15699013725084476
3143,Big Miracle,0.15655858039470708
3144,Big Momma's House,0.15655858039470708
3145,1408,0.15651719823041976
3146,Beneath the Planet of the Apes,0.15644514892652692
3147,The Hitchhiker's Guide to the Galaxy,0.15515605420167797
3148,The Hobbit: An Unexpected Journey,0.15515605420167797
3149,Star Trek,0.15435608859724304
3150,Krampus,0.15433121003418945
3151,Krull,0.15433121003418945
3152,I Am Number Four,0.15373572561654494
3153,I Am Sam,0.15373572561654494
3154,Superhero Movie,0.15368957375475065
3155,Star Trek: First Contact,0.15353439063867366
3156,Halloween III: Season of the Witch,0.15311807218231785
3157,Halloween: Resurrection,0.15311807218231785
3158,Battlefield Earth,0.15265424709093245
3159,17 Again,0.15238464721704936
3160,12 Rounds,0.1520193510882523
3161,Blade II,0.1519939798803857
3162,The Bounty Hunter,0.1512832165765126
3163,The Bourne Legacy,0.15112803346043566
3164,Joe Dirt,0.15112803346043566
3165,Big Trouble in Little China,0.15062812213650198
3166,Alien,0.1485788428758633
3167,Starship Troopers,0.14825126766467545
3168,12 Angry Men,0.14816144955809768
3169,The Howling,0.14808215613615977
3170,The Hunchback of Notre Dame,0.14808215613615977
3171,The Hundred-Foot Journey,0.14808215613615977
3172,Friends with Benefits,0.14801514524512652
3173,Friday the 13th Part III,0.14785996212904956
3174,Friday the 13th Part VII: The New Blood,0.14770477901297258
3175,"Big Mommas: Like Father, Like Son",0.14734599923147404
3176,10th & Wolf,0.1461648832924438
3177,127 Hours,0.14580278935493088
3178,Star Trek IV: The Voyage Home,0.14546856343876824
3179,Star Trek: Insurrection,0.14531338032269125
3180,Mission: Impossible,0.14441072066770386
3181,Mission: Impossible - Ghost Protocol,0.14441072066770386
3182,Friday the 13th Part VIII: Jason Takes Manhattan,0.14440775360235317
3183,10 Things I Hate About You,0.14391731449459563
3184,Harry Potter and the Order of the Phoenix,0.14381336643906462
3185,Star Trek Into Darkness,0.14374295182023286
3186,A Nightmare on Elm Street,0.14374219046006756
3187,A Nightmare on Elm Street Part 2: Freddy's Revenge,0.14374219046006756
3188,Harry Potter and the Philosopher's Stone,0.14365818332298763
3189,Harry Potter and the Half-Blood Prince,0.14350300020691067
3190,Showgirls,0.14269328247447424
3191,Shrek,0.14269328247447424
3192,Shrek Forever After,0.14269328247447424
3193,Blade,0.14135434105173397
3194,Star Trek Beyond,0.1407034564855794
3195,Star Trek: The Motion Picture,0.1407034564855794
3196,Super 8,0.14046628159756636
3197,Superbad,0.14046628159756636
3198,Superman,0.14046628159756636
3199,Alien: Resurrection,0.14024886848443646
3200,Aliens,0.14024886848443646
3201,Mirrors,0.13906404651283605
3202,Teenage Mutant Ninja Turtles,0.1383875668093544
3203,Teenage Mutant Ninja Turtles III,0.1383875668093544
3204,Teenage Mutant Ninja Turtles: Out of the Shadows,0.1383875668093544
3205,Harry Potter and the Prisoner of Azkaban,0.13819696924911076
3206,10 Cloverfield Lane,0.13775128244401982
3207,Friday the 13th Part VI: Jason Lives,0.13611509705550673
3208,102 Dalmatians,0.1279281352139826
3209,A Nightmare on Elm Street 4: The Dream Master,0.12536358306842468
3210,A Nightmare on Elm Street 3: Dream Warriors,0.12520839995234773
3211,A Nightmare on Elm Street 5: The Dream Child,0.12520839995234773
3212,Superman III,0.12291931463253619
3213,Bathing Beauty,0.0015518311607697084
3214,Batman,0.0015518311607697084
3215,Batman Returns,0.0015518311607697084
3216,Batman Begins,0.0012414649286157666
3217,Batman Forever,0.0012414649286157666
3218,Batman & Robin,0.0012414649286157666
3219,Final Destination 3,0.000931098696461825
3220,Final Destination 5,0.000931098696461825
3221,"First Love, Last Rites",0.000931098696461825
3222,Final Fantasy: The Spirits Within,0.000931098696461825
