,movie_title,closeness
0,102 Dalmatians,0.1279281352
1,10 Cloverfield Lane,0.1377512824
2,10 Things I Hate About You,0.1439173145
3,10th & Wolf,0.1461648833
4,127 Hours,0.1458027894
5,12 Angry Men,0.1481614496
6,12 Rounds,0.1520193511
7,12 Years a Slave,0.1591697211
8,13 Going on 30,0.1617770437
9,13 Hours: The Secret Soldiers of Benghazi,0.1569997438
10,1408,0.1565171982
11,15 Minutes,0.160898658
12,16 Blocks,0.1618589459
13,17 Again,0.1523846472
14,1911,0.164268718
15,1941,0.1637982422
16,"20,000 Leagues Under the Sea",0.1672311145
17,2001: A Space Odyssey,0.164089888
18,200 Cigarettes,0.1646707162
19,2012,0.1676951859
20,2046,0.1670463727
21,21,0.1624889155
22,21 Grams,0.1661654006
23,21 Jump Street,0.1628558127
24,21 & Over,0.1638021834
25,22 Jump Street,0.1699886938
26,25th Hour,0.1645894298
27,27 Dresses,0.1740379878
28,28 Days Later,0.1591362212
29,28 Weeks Later,0.1607750042
30,2 Fast 2 Furious,0.1646111062
31,2 Guns,0.1722698856
32,300,0.1670078232
33,3000 Miles to Graceland,0.16514501
34,300: Rise of an Empire,0.16828131
35,30 Days of Night,0.1693381563
36,30 Minutes or Less,0.1781493551
37,3:10 to Yuma,0.1701272502
38,3 Days to Kill,0.173334491
39,3 Strikes,0.1681014947
40,42,0.1737538549
41,42nd Street,0.1700175135
42,47 Ronin,0.1763165933
43,"4 Months, 3 Weeks and 2 Days",0.1720855133
44,(500) Days of Summer,0.1675220212
45,50/50,0.1721356399
46,50 First Dates,0.1793900811
47,54,0.1771620949
48,55 Days at Peking,0.1767315234
49,5 Days of War,0.1816844511
50,88 Minutes,0.1783171007
51,8 Mile,0.1757798567
52,8MM,0.1733641729
53,9,0.1818120462
54,90 Minutes in Heaven,0.1786275901
55,Abandon,0.1728090854
56,Abduction,0.1769883145
57,A Beautiful Mind,0.1774071857
58,A Better Life,0.1733236529
59,About a Boy,0.1724774122
60,About Last Night,0.1747424699
61,About Schmidt,0.1737318091
62,Abraham Lincoln: Vampire Hunter,0.1739591647
63,A Bridge Too Far,0.1744866641
64,Absolute Power,0.1775091632
65,A Bug's Life,0.175792296
66,Ace Ventura: Pet Detective,0.1665715862
67,Ace Ventura: When Nature Calls,0.1778923177
68,A Christmas Carol,0.1752873351
69,A Cinderella Story,0.1595830613
70,A Civil Action,0.1683655523
71,Action Jackson,0.1785415004
72,Act of Valor,0.1706843083
73,A Dangerous Method,0.1820986423
74,Adaptation.,0.1802018366
75,Admission,0.1750780842
76,Adore,0.1830153311
77,Adventureland,0.1754191176
78,Æon Flux,0.1813956381
79,A Farewell to Arms,0.1734029687
80,A Few Good Men,0.1711892692
81,A Fistful of Dollars,0.18556095
82,After Earth,0.1741421822
83,After.Life,0.1750306671
84,After the Sunset,0.1723793759
85,Against the Ropes,0.1795876317
86,Agent Cody Banks,0.1721841654
87,Agent Cody Banks 2: Destination London,0.1712001074
88,A Good Day to Die Hard,0.1810873656
89,A Good Year,0.1710131487
90,Agora,0.1833708975
91,A Guy Named Joe,0.1770877056
92,A Guy Thing,0.183507237
93,A Hard Day's Night,0.1779385143
94,A Haunted House,0.1683144404
95,A History of Violence,0.1774834225
96,A Home at the End of the World,0.1828389643
97,A.I. Artificial Intelligence,0.1782545348
98,Airborne,0.1867327057
99,Air Bud,0.1759062201
100,Air Force One,0.1799827328
101,Airlift,0.1792163006
102,Airplane!,0.1767073838
103,Akeelah and the Bee,0.1797915866
104,Akira,0.1778282739
105,A Knight's Tale,0.1793797355
106,Aladdin,0.175191762
107,Alatriste,0.1829325668
108,Albert Nobbs,0.174695176
109,A League of Their Own,0.1800072419
110,Alexander,0.1869670815
111,"Alexander and the Terrible, Horrible, No Good, Very Bad Day",0.1786044358
112,Alexander's Ragtime Band,0.175465303
113,Alex Cross,0.1831152148
114,Alex & Emma,0.1835620437
115,Alfie,0.1892551703
116,Ali,0.1806886928
117,Alice in Wonderland,0.1741280187
118,Alice Through the Looking Glass,0.1713259781
119,Alien,0.1485788429
120,Alien³,0.1598537584
121,Alien: Resurrection,0.1402488685
122,Aliens,0.1402488685
123,Aliens in the Attic,0.1813738386
124,Aliens vs Predator: Requiem,0.1750757441
125,Alive,0.1852846994
126,All About Steve,0.1863178988
127,All About the Benjamins,0.183441592
128,Allegiant,0.1867914536
129,All Is Lost,0.1747387751
130,All the King's Men,0.1661193383
131,All The Queen's Men,0.1689876395
132,Almost Famous,0.1811757954
133,Aloft,0.1869174475
134,Aloha,0.1826758988
135,Alone in the Dark,0.1839362074
136,A Lonely Place to Die,0.1743312347
137,Alone With Her,0.1936824461
138,Along Came a Spider,0.1678918743
139,Along Came Polly,0.1744036535
140,A Lot Like Love,0.1631182692
141,A Low Down Dirty Shame,0.1712855925
142,Alpha and Omega,0.1861877174
143,Alvin and the Chipmunks,0.1674358084
144,Alvin and the Chipmunks: Chipwrecked,0.1569901373
145,Alvin and the Chipmunks: The Squeakquel,0.1637894978
146,Amadeus,0.1857823939
147,A Man Apart,0.1817749746
148,A Man for All Seasons,0.1852264442
149,Amélie,0.1781977575
150,American Beauty,0.1820358301
151,American Dreamz,0.1830452593
152,American Gangster,0.1849171864
153,American Graffiti,0.188322101
154,American History X,0.1796441627
155,American Hustle,0.1803463047
156,American Outlaws,0.1776386056
157,American Pie,0.1896974422
158,American Pie 2,0.185771802
159,American Psycho,0.1858178643
160,American Reunion,0.1781089583
161,American Sniper,0.1806532224
162,American Wedding,0.1776724749
163,A Mighty Heart,0.1834398678
164,A Mighty Wind,0.1772208428
165,Amistad,0.1774562039
166,Amores perros,0.1850414561
167,A Most Violent Year,0.1900340418
168,A Most Wanted Man,0.1946285704
169,Amour,0.1924702935
170,Anaconda,0.1712687082
171,Anacondas: The Hunt for the Blood Orchid,0.1801363148
172,"An Alan Smithee Film: Burn, Hollywood, Burn",0.1729709192
173,Analyze That,0.1778834501
174,Analyze This,0.1945772122
175,An American Carol,0.1668249288
176,Anastasia,0.1825919029
177,Anchorman 2: The Legend Continues,0.1767557861
178,Anchorman: The Legend of Ron Burgundy,0.1785415004
179,And So It Goes,0.1864595342
180,An Education,0.1727664716
181,Angela's Ashes,0.183382721
182,Angel Eyes,0.1777639837
183,Angels & Demons,0.1806788399
184,An Ideal Husband,0.1854349561
185,A Night at the Roxbury,0.183795311
186,A Nightmare on Elm Street,0.1437421905
187,A Nightmare on Elm Street 3: Dream Warriors,0.1252084
188,A Nightmare on Elm Street 4: The Dream Master,0.1253635831
189,A Nightmare on Elm Street 5: The Dream Child,0.1252084
190,A Nightmare on Elm Street Part 2: Freddy's Revenge,0.1437421905
191,Animal House,0.1685374853
192,An Inconvenient Truth,0.1730987717
193,Annabelle,0.1756414235
194,Annie,0.1881371129
195,Annie Get Your Gun,0.1882176603
196,Annie Hall,0.1771235455
197,Anomalisa,0.1914923936
198,Anonymous,0.17460884
199,Another Earth,0.1886902299
200,Another Happy Day,0.1848335599
201,Another Year,0.1813780261
202,Antitrust,0.1879053235
203,Ant-Man,0.1658994955
204,Antwone Fisher,0.1917559585
205,Antz,0.1842038367
206,An Unfinished Life,0.1946001202
207,Any Given Sunday,0.1877038318
208,Anywhere But Here,0.2035036899
209,A Passage to India,0.1873928498
210,A Perfect Getaway,0.1932937493
211,Apocalypse Now,0.1828282492
212,Apocalypto,0.19010449
213,Apollo 13,0.1740845428
214,Apollo 18,0.1752327747
215,Appaloosa,0.2016674795
216,Aquamarine,0.1682326614
217,Arachnophobia,0.1725335737
218,Arbitrage,0.1946325116
219,Are We There Yet?,0.1845028721
220,Argo,0.1963842334
221,Armageddon,0.180478703
222,Armored,0.1886694156
223,A Room with a View,0.1907524411
224,Around the World in 80 Days,0.1913723114
225,Arthur and the Invisibles,0.1826690018
226,"As Above, So Below",0.1880685121
227,A Scanner Darkly,0.1980721577
228,A Serious Man,0.1912672549
229,As Good as It Gets,0.1894165115
230,A Simple Wish,0.1774966008
231,A Sound of Thunder,0.1758261654
232,Assassins,0.196025588
233,Assault on Precinct 13,0.1868354221
234,Asterix at the Olympic Games,0.17693905
235,A Streetcar Named Desire,0.1839597312
236,Astro Boy,0.1897730632
237,A Thousand Words,0.1847772753
238,A Time to Kill,0.188408437
239,ATL,0.1984777275
240,Atlantis: The Lost Empire,0.1865847891
241,Atlas Shrugged Part III: Who is John Galt?,0.185764905
242,Atonement,0.1961122935
243,Attack the Block,0.1789539673
244,August: Osage County,0.192169657
245,August Rush,0.1859353601
246,Austin Powers in Goldmember,0.1840984107
247,Austin Powers: International Man of Mystery,0.1829574453
248,Austin Powers: The Spy Who Shagged Me,0.1792824382
249,Australia,0.1767555398
250,Auto Focus,0.1875814096
251,Avatar,0.188728533
252,Avengers: Age of Ultron,0.165374952
253,A Very Harold & Kumar Christmas,0.1864526371
254,A View to a Kill,0.1821161312
255,AVP: Alien vs. Predator,0.1912033342
256,Awake,0.1900330565
257,A Walk Among the Tombstones,0.1793773955
258,A Walk to Remember,0.188092898
259,Away We Go,0.1861427635
260,Baahubali: The Beginning,0.1910817741
261,Babe,0.181643069
262,Babel,0.1958848147
263,Babe: Pig in the City,0.1842787187
264,Baby Boy,0.1874572631
265,Baby Geniuses,0.1873018336
266,Babylon A.D.,0.1800746111
267,Baby Mama,0.1860905432
268,Baby's Day Out,0.1724445282
269,Bachelorette,0.1790290956
270,Back to the Future,0.1742110293
271,Back to the Future Part II,0.1691104313
272,Back to the Future Part III,0.1675413575
273,Bad Boys,0.1795384903
274,Bad Boys II,0.1700925187
275,Bad Company,0.1871678342
276,Bad Grandpa,0.178298257
277,Bad Moms,0.1797036495
278,Bad Santa,0.1878030997
279,Bad Teacher,0.1981109535
280,Bad Words,0.189487206
281,Baggage Claim,0.1880324259
282,Ballistic: Ecks vs. Sever,0.1866276492
283,Bambi,0.1868324663
284,Bananas,0.1977507069
285,Bandidas,0.1853923423
286,Bandits,0.1858970569
287,Bandslam,0.1929766092
288,Bangkok Dangerous,0.1978131497
289,Barbarella,0.1837887835
290,Barbecue,0.1746664795
291,Barbershop,0.1675767048
292,Barbershop 2:  Back in Business,0.188804154
293,Barney's Version,0.1898808292
294,Barnyard,0.1879781118
295,Barry Lyndon,0.1859481688
296,Basic,0.179783458
297,Basic Instinct 2,0.1869632635
298,Basquiat,0.1912825269
299,Bathing Beauty,0.0015518312
300,Batman,0.0015518312
301,Batman Begins,0.0012414649
302,Batman Forever,0.0012414649
303,Batman Returns,0.0015518312
304,Batman & Robin,0.0012414649
305,Batman v Superman: Dawn of Justice,0.1910859616
306,Battlefield Earth,0.1526542471
307,Battle for the Planet of the Apes,0.198211453
308,Battle: Los Angeles,0.19006631
309,Battle of the Year,0.1817914782
310,Battleship,0.1939697812
311,Beastly,0.1870633935
312,Beastmaster 2: Through the Portal of Time,0.1825588957
313,Beasts of the Southern Wild,0.1691861754
314,Beautiful Creatures,0.1922835811
315,Beauty Shop,0.2006097711
316,Because of Winn-Dixie,0.1903577094
317,Becoming Jane,0.1869135064
318,Be Cool,0.185906294
319,Bedazzled,0.1842326564
320,Bedtime Stories,0.1793940222
321,Bee Movie,0.1821347285
322,Beerfest,0.1866492024
323,Beetlejuice,0.1733649119
324,Before I Go to Sleep,0.1883754298
325,Before Midnight,0.185419561
326,Before Sunrise,0.18219089
327,Before Sunset,0.1853354419
328,Begin Again,0.1948029667
329,Beginners,0.1779585784
330,Behind Enemy Lines,0.1978020652
331,Being John Malkovich,0.2101290237
332,Bend It Like Beckham,0.204299065
333,Beneath the Planet of the Apes,0.1564451489
334,Ben-Hur,0.196122639
335,Beowulf,0.1882376124
336,Bernie,0.1900408156
337,Beverly Hills Chihuahua,0.1901128649
338,Beverly Hills Cop,0.1744529179
339,Beverly Hills Cop II,0.1698663947
340,Beverly Hills Cop III,0.1698663947
341,Beyond the Lights,0.2021527347
342,Beyond the Mat,0.2000310366
343,Beyond the Valley of the Dolls,0.2002667672
344,Bicentennial Man,0.1824001409
345,Big,0.1677299173
346,Big Daddy,0.1890855773
347,Big Eyes,0.197806499
348,Big Fat Liar,0.1785120649
349,Big Fish,0.1812538796
350,Big Hero 6,0.1882333018
351,Big Miracle,0.1565585804
352,Big Momma's House,0.1565585804
353,Big Momma's House 2,0.1892588651
354,"Big Mommas: Like Father, Like Son",0.1473459992
355,Big Trouble,0.1832377602
356,Big Trouble in Little China,0.1506281221
357,Bill & Ted's Excellent Adventure,0.1863037352
358,Billy Elliot,0.1882132265
359,Birdman,0.2083950371
360,Black Book,0.1862457263
361,Black Christmas,0.1702124777
362,Blackhat,0.1976786576
363,Black Hawk Down,0.1766932202
364,Black Mass,0.1751672529
365,Black Nativity,0.1885782763
366,Black or White,0.1859567901
367,Black Rain,0.1908018287
368,Black Snake Moan,0.1877546974
369,Black Swan,0.1606981628
370,Blade,0.1413543411
371,Blade II,0.1519939799
372,Blade Runner,0.1887454061
373,Blade: Trinity,0.1955989576
374,Blast from the Past,0.1893774694
375,Blazing Saddles,0.1933284808
376,Blended,0.1875067739
377,Blindness,0.1857762358
378,Blood Diamond,0.1917573133
379,BloodRayne,0.1935147005
380,Bloodsport,0.2008232095
381,Blood Ties,0.187308238
382,Blood Work,0.1869494694
383,Blow,0.1929231573
384,Blow Out,0.1750895382
385,Blue Car,0.1912324003
386,Blue Crush,0.1868818539
387,Blue Jasmine,0.1973216133
388,Blue Streak,0.1865677929
389,Blue Valentine,0.1981831259
390,Boat Trip,0.1799816243
391,Body Double,0.1867968727
392,Bodyguards and Assassins,0.2023532411
393,Body of Lies,0.1893413831
394,Boiler Room,0.1875836265
395,Bolt,0.1859308031
396,Bon Cop Bad Cop,0.1861978166
397,Boogeyman,0.1987696196
398,Boogie Nights,0.1969803336
399,Boomerang,0.1947234046
400,Boom Town,0.1983603549
401,Borat: Cultural Learnings of America for Make Benefit Glorious Nation of Kazakhstan,0.1797373957
402,Born on the Fourth of July,0.186320362
403,Bottle Rocket,0.1973283872
404,Bottle Shock,0.1965560433
405,Bound,0.1908823761
406,Bowling for Columbine,0.1835605658
407,Boyhood,0.2006465963
408,Boys and Girls,0.1919482132
409,Boys Don't Cry,0.1969141961
410,Boyz n the Hood,0.19753148
411,Bran Nue Dae,0.1717749007
412,Brave,0.1833562413
413,Braveheart,0.1896001448
414,Breakdown,0.1896261319
415,Brick Mansions,0.192426325
416,Bride of Chucky,0.187665775
417,Bridesmaids,0.1947902811
418,Bride Wars,0.1846741894
419,Bridge of Spies,0.1889675889
420,Bridget Jones's Diary,0.1985521169
421,Bridget Jones: The Edge of Reason,0.1976824756
422,Bridge to Terabithia,0.2002232913
423,Brigham City,0.1865968589
424,Bright Star,0.2005070547
425,Bringing Down the House,0.1908756023
426,Bring It On,0.1923828491
427,Brokeback Mountain,0.1951290976
428,Brokedown Palace,0.1915880898
429,Broken Arrow,0.1909721606
430,Broken City,0.1787647917
431,Bronson,0.1831116432
432,Brooklyn,0.1835069906
433,Brooklyn Rules,0.1833530391
434,Brooklyn's Finest,0.179118018
435,Brother,0.1985819219
436,Brothers,0.1845017637
437,Brown Sugar,0.2054790724
438,Bruce Almighty,0.2071137911
439,Buffalo '66,0.1940098086
440,Bullet to the Head,0.1937653336
441,Bulworth,0.1876000069
442,Buried,0.1878920221
443,Burlesque,0.1928593598
444,Burn,0.1849671899
445,Burn After Reading,0.1838119378
446,Burnt,0.2043935296
447,Butch Cassidy and the Sundance Kid,0.1916538579
448,By the Sea,0.1812675505
449,Ca$h,0.2034339807
450,Caddyshack,0.1932418985
451,Can't Hardly Wait,0.1874140335
452,Cape Fear,0.185485329
453,Capitalism: A Love Story,0.2082857931
454,Capote,0.1982066497
455,Captain America: Civil War,0.1711583557
456,Captain America: The First Avenger,0.1800396333
457,Captain America: The Winter Soldier,0.1843800804
458,Captain Corelli's Mandolin,0.1767523376
459,Captain Phillips,0.1978956677
460,Captive,0.2089745106
461,Carlos,0.2040506488
462,Carnage,0.1946762338
463,Carrie,0.1766079927
464,Cars,0.2076707261
465,Cars 2,0.1963302888
466,Casablanca,0.1704560906
467,Case 39,0.1728063758
468,Casino,0.1823188545
469,Casino Jack,0.1630549644
470,Casino Royale,0.1994976255
471,Casper,0.1876432365
472,Cast Away,0.1962640281
473,Catch-22,0.2032991192
474,Catch Me If You Can,0.1884983447
475,Catch That Kid,0.1782919758
476,Cat on a Hot Tin Roof,0.19257535
477,Cats & Dogs,0.1882833053
478,Cats & Dogs 2 : The Revenge of Kitty Galore,0.1951646912
479,Cats Don't Dance,0.1870015666
480,Catwoman,0.1931439853
481,Cellular,0.1914083976
482,Center Stage,0.2010144788
483,Central Intelligence,0.1704037471
484,Central Station,0.2062019056
485,Centurion,0.1916089041
486,Chain Reaction,0.193215542
487,Changeling,0.1855320071
488,Changing Lanes,0.1858932389
489,Chappie,0.1936117515
490,Chariots of Fire,0.1866032633
491,Charlie and the Chocolate Factory,0.1862245426
492,Charlie's Angels,0.1909935907
493,Charlie's Angels: Full Throttle,0.1908209187
494,Charlie St. Cloud,0.1876346152
495,Charlie Wilson's War,0.1593204816
496,Charlotte's Web,0.1896688688
497,Charly,0.1943593401
498,Chasing Amy,0.2032396323
499,Chasing Liberty,0.1879542185
500,Cheaper by the Dozen,0.1981200674
501,Cheaper by the Dozen 2,0.20744374
502,Cheri,0.2022528647
503,Chicago,0.1824059295
504,Chicken Little,0.1864881076
505,Chicken Run,0.2060452445
506,Child 44,0.1735463283
507,Children of Heaven,0.1898576749
508,Children of Men,0.1947873252
509,Child's Play,0.1898935148
510,Child's Play 2,0.1704574453
511,Chill Factor,0.1904038948
512,Chloe,0.2024128511
513,Chocolat,0.1898069325
514,Choke,0.1997274443
515,Chronicle,0.2024614998
516,C.H.U.D.,0.197937173
517,Cinderella,0.1828144552
518,Cinderella Man,0.1908497384
519,Cirque du Freak: The Vampire's Assistant,0.1800199275
520,City By The Sea,0.1950697339
521,City Island,0.1634783926
522,City of Angels,0.1979940735
523,City of Ember,0.1891312701
524,City of God,0.1741859044
525,City of Life and Death,0.1858555516
526,Clash of the Titans,0.1763662272
527,Clear and Present Danger,0.1951172741
528,Cleopatra,0.1880383376
529,Clerks,0.1906534194
530,Clerks II,0.1812597913
531,Click,0.1980422295
532,Cliffhanger,0.1952527514
533,Clockstoppers,0.1758746909
534,Close Encounters of the Third Kind,0.1811079336
535,Closer,0.1912162661
536,Cloud Atlas,0.2028423142
537,Cloudy with a Chance of Meatballs,0.1823784645
538,Cloudy with a Chance of Meatballs 2,0.1823784645
539,Cloverfield,0.2054631847
540,Club Dread,0.1992141084
541,Coach Carter,0.1987786103
542,Coal Miner's Daughter,0.2018905245
543,Code Name: The Cleaner,0.1745364212
544,Cold Mountain,0.2044820825
545,Collateral,0.195078971
546,Collateral Damage,0.1965791976
547,College,0.1979228863
548,Colombiana,0.2073649168
549,Commando,0.2106504882
550,Con Air,0.1921844364
551,Conan the Barbarian,0.1972604022
552,Conan the Destroyer,0.1904761905
553,Concussion,0.1891928507
554,Confessions of a Dangerous Mind,0.1940520529
555,Confessions of a Teenage Drama Queen,0.2057332772
556,Congo,0.2003198496
557,Connie and Carla,0.18752143
558,Conquest of the Planet of the Apes,0.2050206664
559,Conspiracy Theory,0.1693806469
560,Contact,0.2042543574
561,Contagion,0.1759266649
562,Contraband,0.1880066852
563,Conversations with Other Women,0.2167305873
564,Cool Runnings,0.204680372
565,Cop Land,0.1979299065
566,Cop Out,0.2043489452
567,Coraline,0.1974494546
568,Coriolanus,0.1948466889
569,Corky Romano,0.1954269014
570,Corpse Bride,0.2018709418
571,Country Strong,0.2014159844
572,Couples Retreat,0.1999875607
573,Courageous,0.1969814421
574,Courage Under Fire,0.1921265506
575,Coyote Ugly,0.1940346871
576,Cradle 2 the Grave,0.1982200743
577,Crank,0.1931870917
578,Crank: High Voltage,0.1876243928
579,Crash,0.1894223001
580,Crazy/Beautiful,0.1982036939
581,Crazy Heart,0.2014443114
582,"Crazy, Stupid, Love.",0.1919733381
583,Creed,0.2017550471
584,Creepshow,0.1888984955
585,Creepshow 2,0.1713559063
586,Criminal,0.1844188762
587,Crimson Tide,0.1929270984
588,Crocodile Dundee,0.1880236814
589,Crocodile Dundee in Los Angeles,0.1962896456
590,Crossover,0.1962896456
591,Crossroads,0.1902918182
592,"Crouching Tiger, Hidden Dragon",0.1875468013
593,Cruel Intentions,0.1640525701
594,Cry_Wolf,0.2074622141
595,Cube,0.210159075
596,Cure,0.1845552156
597,Curious George,0.2030296424
598,Cursed,0.2030325983
599,Cutthroat Island,0.1943369247
600,Daddy Day Camp,0.1634783926
601,Daddy Day Care,0.180458874
602,Daddy's Home,0.1859708305
603,Dallas Buyers Club,0.1865314603
604,Damnation Alley,0.2033248598
605,Dancer in the Dark,0.2048605569
606,Dances with Wolves,0.2135982284
607,Dangerous Liaisons,0.1996845842
608,Danny Collins,0.1983384322
609,Dante's Peak,0.1929635541
610,Dark Blue,0.200857202
611,Dark City,0.2027719892
612,Dark Shadows,0.1981189589
613,Dark Water,0.1977237346
614,Das Boot,0.1984918911
615,Date Movie,0.193482186
616,Date Night,0.2112678953
617,Dave Chappelle's Block Party,0.1877082656
618,Dawn of the Dead,0.2004839004
619,Dawn of the Planet of the Apes,0.1966764949
620,Daybreakers,0.1801971565
621,Daylight,0.1970033648
622,Day of the Dead,0.2002794528
623,Days of Thunder,0.1957499532
624,Dazed and Confused,0.1841612229
625,Deadfall,0.2029918319
626,Dead Man Walking,0.2093012572
627,Dead Poets Society,0.2046637453
628,Deadpool,0.2006882248
629,Dead Snow,0.1943338457
630,Dear John,0.1912578946
631,Death at a Funeral,0.1896492862
632,Death Becomes Her,0.2047653533
633,Death Race,0.2076284818
634,Death Race 2000,0.1918102726
635,Death Sentence,0.1849158316
636,Deconstructing Harry,0.2074747766
637,Deep Blue Sea,0.1912772309
638,Deep Impact,0.198469722
639,Deep Rising,0.1931788399
640,Defendor,0.1869100578
641,Delivery Man,0.2013451667
642,Demonic,0.199358207
643,Derailed,0.1817443075
644,Desperado,0.1880474515
645,Despicable Me,0.1972283803
646,Despicable Me 2,0.1921940429
647,Detroit Rock City,0.1835471412
648,Deuce Bigalow: European Gigolo,0.1874379268
649,Deuce Bigalow: Male Gigolo,0.1832953997
650,Devil,0.1867814775
651,Devil's Due,0.1923424522
652,Diamonds Are Forever,0.1884407053
653,Diary of a Wimpy Kid,0.203775753
654,Diary of a Wimpy Kid: Dog Days,0.2019246401
655,Diary of a Wimpy Kid: Rodrick Rules,0.1820014681
656,Diary of the Dead,0.1820014681
657,Dick,0.1989725892
658,Dick Tracy,0.1925726405
659,Did You Hear About the Morgans?,0.1924465234
660,Die Another Day,0.1851192939
661,Die Hard,0.1884076981
662,Die Hard 2,0.190651572
663,Die Hard: With a Vengeance,0.1836196831
664,Dinner for Schmucks,0.1877996512
665,Dinosaur,0.199294779
666,Dirty Grandpa,0.1805828973
667,Disaster Movie,0.2030176958
668,Disclosure,0.213977565
669,District 9,0.1703422896
670,District B13,0.2011098056
671,Disturbia,0.1990649601
672,Disturbing Behavior,0.2010686698
673,Divergent,0.1573407772
674,Django Unchained,0.1988781246
675,DOA: Dead or Alive,0.1998344713
676,Doctor Dolittle,0.2097237002
677,Doctor Zhivago,0.1922392431
678,DodgeBall: A True Underdog Story,0.1969239258
679,Dogma,0.1998188299
680,Dolphins and Whales: Tribes of the Ocean,0.2029052496
681,Dolphin Tale,0.1787661464
682,Dolphin Tale 2,0.1985639404
683,Domestic Disturbance,0.1781266935
684,Domino,0.1902488349
685,Don Juan DeMarco,0.1916978265
686,Donnie Brasco,0.1994741017
687,Donnie Darko,0.2196333737
688,Donovan's Reef,0.207161824
689,Don't Be Afraid of the Dark,0.1876982895
690,Don't Say a Word,0.1892407604
691,Doom,0.2140127891
692,Doomsday,0.1963928547
693,Dope,0.1947387997
694,Do the Right Thing,0.2026689033
695,Double Impact,0.2013665967
696,Double Jeopardy,0.1994157233
697,Doubt,0.1916117368
698,Downfall,0.2020556836
699,Down in the Valley,0.1881133428
700,Down Terrace,0.1996726375
701,Dracula,0.2046604199
702,Dracula 2000,0.1770644281
703,Dracula Untold,0.1893966825
704,Draft Day,0.1903435459
705,Drag Me to Hell,0.2090033303
706,Dragon Blade,0.1894481639
707,Dragonfly,0.1716094952
708,DragonHeart,0.1797710187
709,Dragonslayer,0.1748698186
710,Dragon Wars: D-War,0.1643545614
711,Dr. Dolittle 2,0.1913092529
712,Dreamcatcher,0.1950368498
713,Dreamgirls,0.2079952558
714,Dream House,0.1892210547
715,Dreaming of Joseph Lees,0.193203349
716,Dredd,0.2024445036
717,Dressed to Kill,0.2079737026
718,Drive,0.2020644281
719,Drive Angry,0.2032225129
720,Drive Me Crazy,0.1868697841
721,Driven,0.205027933
722,Driving Miss Daisy,0.1863346487
723,Dr. No,0.198167115
724,Drop Dead Gorgeous,0.2018964362
725,Drowning Mona,0.2038884455
726,Dr. Strangelove or: How I Learned to Stop Worrying and Love the Bomb,0.2156709083
727,Drumline,0.2116500645
728,D-Tox,0.1998710502
729,"Dude, Where’s My Car?",0.2217138128
730,Due Date,0.2066064901
731,Duel in the Sun,0.2015493679
732,Dumb and Dumber,0.1834374046
733,Dumb and Dumberer: When Harry Met Lloyd,0.1933938794
734,Dumb and Dumber To,0.2086505966
735,Dune,0.2067535446
736,Duplex,0.19866678
737,Duplicity,0.1916372311
738,Dylan Dog: Dead of Night,0.2076436306
739,Eagle Eye,0.209369858
740,Earth to Echo,0.1993419497
741,Eastern Promises,0.1963926084
742,East Is East,0.1990730888
743,Easy A,0.1971994374
744,Eat Pray Love,0.2140308938
745,Eddie the Eagle,0.2077486871
746,Edge of Darkness,0.2057127093
747,Edge of Tomorrow,0.205580311
748,Edward Scissorhands,0.2074670174
749,Ed Wood,0.2022457214
750,Eight Below,0.2007060832
751,Elektra,0.1945086114
752,Elf,0.1974152158
753,Elizabeth,0.2139366754
754,Elizabeth: The Golden Age,0.1996932054
755,Elizabethtown,0.2020715714
756,Ella Enchanted,0.1992285182
757,El Mariachi,0.1974636182
758,Elmer Gantry,0.2061935306
759,Elysium,0.2047449085
760,Employee of the Month,0.2015571271
761,Enchanted,0.1988931503
762,Ender's Game,0.2048838344
763,Endless Love,0.2126094903
764,End of Days,0.1944955563
765,End of Watch,0.2078367474
766,Enemy at the Gates,0.2209408531
767,Enemy of the State,0.2029467549
768,Enough,0.2078756663
769,Enter the Void,0.2115968589
770,Entrapment,0.1973342989
771,Epic,0.1851276689
772,Epic Movie,0.1948880711
773,Equilibrium,0.1912491502
774,Eragon,0.1803637936
775,Eraser,0.2106444533
776,Eraserhead,0.1975988492
777,Erin Brockovich,0.1876179884
778,Ernest & Celestine,0.2062237051
779,Escape from Alcatraz,0.1752200891
780,Escape from L.A.,0.1864118708
781,Escape from New York,0.180748426
782,Escape from Planet Earth,0.195071335
783,Escape from the Planet of the Apes,0.1854539229
784,Escape Plan,0.1809867429
785,Escobar: Paradise Lost,0.216483526
786,Eternal Sunshine of the Spotless Mind,0.1968176377
787,E.T. the Extra-Terrestrial,0.2114905708
788,EuroTrip,0.1957795119
789,Evan Almighty,0.1948682421
790,Event Horizon,0.2004800824
791,Ever After: A Cinderella Story,0.2009089297
792,Everest,0.2025190161
793,Everything Must Go,0.1953797306
794,Everything You Always Wanted to Know About Sex *But Were Afraid to Ask,0.2038033411
795,Evil Dead,0.1833088243
796,Evil Dead II,0.1846270186
797,Evita,0.1956125053
798,Excessive Force,0.2017304149
799,Executive Decision,0.1941838353
800,eXistenZ,0.2133606505
801,Exit Wounds,0.2079091661
802,Ex Machina,0.200044338
803,Exodus: Gods and Kings,0.1855799168
804,Exorcist II: The Heretic,0.1915187501
805,Exorcist: The Beginning,0.1882303459
806,Extract,0.196851507
807,Extraordinary Measures,0.2077437607
808,Extremely Loud & Incredibly Close,0.2114458633
809,Extreme Measures,0.1985495305
810,Extreme Ops,0.174050304
811,Eye of the Dolphin,0.2020022317
812,Eyes Wide Shut,0.2004454741
813,Face/Off,0.2051590996
814,Facing the Giants,0.2006149439
815,Fahrenheit 9/11,0.2040141931
816,Failure to Launch,0.1980054043
817,Fair Game,0.2073044446
818,Faithful,0.2058637049
819,Family Plot,0.2018777157
820,Fantasia,0.2101349354
821,Fantasia 2000,0.1976773029
822,Fantastic 4: Rise of the Silver Surfer,0.195990487
823,Fantastic Four,0.1990456238
824,Fantastic Mr. Fox,0.1866724799
825,Far from Heaven,0.1921130029
826,Faster,0.195302878
827,Fast Five,0.1947757481
828,Fast Times at Ridgemont High,0.1845510281
829,Fatal Attraction,0.194364636
830,Fear and Loathing in Las Vegas,0.191949568
831,FearDotCom,0.2079379859
832,Femme Fatale,0.1959771856
833,Fever Pitch,0.1928881795
834,Fiddler on the Roof,0.1998641532
835,Fido,0.2071766033
836,Fifty Shades of Black,0.2067972668
837,Fifty Shades of Grey,0.2127714473
838,Fight Club,0.2045717439
839,Final Destination,0.1976869094
840,Final Destination 2,0.1890322485
841,Final Destination 3,0.0009310987
842,Final Destination 5,0.0009310987
843,Final Fantasy: The Spirits Within,0.0009310987
844,Finding Forrester,0.1945455598
845,Finding Nemo,0.1979507207
846,Finding Neverland,0.1987996709
847,Find Me Guilty,0.2075490428
848,Firefox,0.2031850719
849,Fireproof,0.1879701063
850,Firestarter,0.17923108
851,Firewall,0.1981366942
852,First Blood,0.211067512
853,First Knight,0.1992388638
854,"First Love, Last Rites",0.0009310987
855,Fish Tank,0.1882043589
856,F.I.S.T.,0.2014468978
857,Fiza,0.2045814736
858,Flags of Our Fathers,0.1879981871
859,Flashdance,0.2099303647
860,Flash Gordon,0.2096910624
861,Flatliners,0.2081652183
862,Fled,0.2014141369
863,Flicka,0.2084324781
864,Flight,0.2008379888
865,Flight of the Phoenix,0.2005254057
866,Flightplan,0.1981591095
867,Flipped,0.2069487551
868,Flipper,0.1959281675
869,Flirting with Disaster,0.2184284877
870,Florence Foster Jenkins,0.1999150188
871,Flubber,0.2058324219
872,Flushed Away,0.2045609057
873,Flyboys,0.2054338723
874,Focus,0.2001372016
875,Foodfight!,0.2005887106
876,Fool's Gold,0.2050855724
877,Footloose,0.2140379139
878,"For a Good Time, Call...",0.202272201
879,Force 10 from Navarone,0.2074932508
880,Forgetting Sarah Marshall,0.2125522204
881,For Greater Glory - The True Story of Cristiada,0.2070406333
882,Forrest Gump,0.2131469658
883,Fortress,0.1931404136
884,For Your Consideration,0.1967136896
885,For Your Eyes Only,0.2109764959
886,Four Brothers,0.2019055501
887,Four Christmases,0.1974302415
888,Four Lions,0.1801299104
889,Four Rooms,0.2036535771
890,Four Weddings and a Funeral,0.211082784
891,Frailty,0.2027041274
892,Frankenweenie,0.2052828767
893,Freakonomics,0.2053099721
894,Freaky Friday,0.1879117279
895,Freddy's Dead: The Final Nightmare,0.1774771413
896,Freddy vs. Jason,0.1901463648
897,Free Birds,0.2031616712
898,Freedom Writers,0.2155279182
899,Freeheld,0.2072493916
900,Free State of Jones,0.2018262343
901,Frenzy,0.1912190989
902,Frequency,0.2062961239
903,Frida,0.2076555772
904,Friday,0.2022300799
905,Friday After Next,0.1892078764
906,Friday the 13th: A New Beginning,0.1583572266
907,Friday the 13th Part 2,0.1698901648
908,Friday the 13th Part III,0.1478599621
909,Friday the 13th Part VIII: Jason Takes Manhattan,0.1444077536
910,Friday the 13th Part VII: The New Blood,0.147704779
911,Friday the 13th Part VI: Jason Lives,0.1361150971
912,Friday the 13th: The Final Chapter,0.1993787749
913,Friends with Benefits,0.1480151452
914,Friends with Money,0.2007026347
915,Fright Night,0.1839065256
916,From a Whisper to a Scream,0.197603283
917,From Dusk Till Dawn,0.1751870819
918,From Hell,0.2100862867
919,From Here to Eternity,0.2018711882
920,From Justin to Kelly,0.1925457913
921,From Paris with Love,0.2227189314
922,From Russia with Love,0.2010276571
923,Frozen,0.2074920192
924,Full Frontal,0.196540525
925,Funny Games,0.1900713596
926,Funny People,0.1912057974
927,Fun Size,0.1995422098
928,Fun with Dick and Jane,0.204554255
929,Fur: An Imaginary Portrait of Diane Arbus,0.2113518913
930,Furious 7,0.1971902003
931,Furry Vengeance,0.1932765068
932,Fury,0.1997727676
933,Galaxina,0.2012306267
934,Galaxy Quest,0.2042648261
935,Gamer,0.1993902289
936,Gandhi,0.209494374
937,Gangs of New York,0.2058925246
938,Gangster Squad,0.2129740475
939,Garden State,0.208713532
940,Garfield,0.2041059482
941,Gattaca,0.209331678
942,Gentleman's Agreement,0.222453519
943,Getaway,0.2067162267
944,Get Carter,0.2063216182
945,Get Hard,0.2107129309
946,Get Him to the Greek,0.212807164
947,Get on the Bus,0.21510683
948,Get Rich or Die Tryin',0.1770984206
949,Get Shorty,0.2168873715
950,Get Smart,0.2115645907
951,G-Force,0.2060011528
952,Ghost,0.2340883115
953,Ghostbusters,0.1840404018
954,Ghost Rider,0.187177564
955,Ghost Rider: Spirit of Vengeance,0.1811796134
956,Ghost Ship,0.1841686126
957,Ghosts of Mars,0.1926837319
958,Gigli,0.1839849793
959,G.I. Jane,0.1991905846
960,G.I. Joe: Retaliation,0.2060016454
961,G.I. Joe: The Rise of Cobra,0.1969619826
962,Girl 6,0.1953397032
963,Gladiator,0.2070599697
964,Glee: The Concert Movie,0.2061103968
965,Glengarry Glen Ross,0.1995486142
966,Glitter,0.2146836481
967,Glory,0.2240838038
968,Go,0.2004006434
969,Goal!: The Dream Begins,0.1973143468
970,Gods and Generals,0.203577833
971,Gods and Monsters,0.2043092873
972,Godsend,0.1956615235
973,God's Not Dead 2,0.1850888731
974,Gods of Egypt,0.1831524095
975,Godzilla 2000,0.188671263
976,Going the Distance,0.2002713241
977,GoldenEye,0.1806954667
978,Goldfinger,0.1888227513
979,Gone Girl,0.2004283547
980,Gone in Sixty Seconds,0.2098919384
981,Gone with the Wind,0.2114539919
982,"Good bye, Lenin!",0.1949965761
983,GoodFellas,0.1957043836
984,Good Luck Chuck,0.2114650764
985,"Good Morning, Vietnam",0.2068015774
986,"Good Night, and Good Luck.",0.2037183599
987,Good Will Hunting,0.2079712394
988,Goosebumps,0.206620161
989,Gosford Park,0.1972942715
990,Gossip,0.194654188
991,Gothika,0.2110820451
992,Gracie,0.1857960648
993,Gran Torino,0.2193620496
994,Gravity,0.2089266008
995,Grease,0.2109207039
996,Green Lantern,0.2099735942
997,Green Room,0.2051152543
998,Green Zone,0.2022375927
999,Gremlins,0.2233133073
1000,Gremlins 2: The New Batch,0.1972664371
1001,Gridiron Gang,0.1817982521
1002,Grindhouse,0.1835200457
1003,Groundhog Day,0.1898573054
1004,Grown Ups,0.212797927
1005,Grown Ups 2,0.2261638734
1006,Grudge Match,0.1966960776
1007,Guardians of the Galaxy,0.2051816381
1008,Guess Who,0.206233558
1009,Gulliver's Travels,0.2143747598
1010,Gun Shy,0.2010611569
1011,Hachi: A Dog's Tale,0.2006904417
1012,Hackers,0.1990812174
1013,"Hail, Caesar!",0.1996904959
1014,Hairspray,0.1833433094
1015,Half Baked,0.2061520253
1016,Half Nelson,0.1978792872
1017,Halloween,0.2095355098
1018,Halloween 4: The Return of Michael Myers,0.2059288572
1019,Halloween 5: The Revenge of Michael Myers,0.205042466
1020,Halloween II,0.171464904
1021,Halloween III: Season of the Witch,0.1531180722
1022,Halloween: Resurrection,0.1531180722
1023,Halloween: The Curse of Michael Myers,0.1758456248
1024,Hall Pass,0.1574539623
1025,Hancock,0.1663205837
1026,Hang 'em High,0.1934442523
1027,Hanging Up,0.1788067896
1028,Hanna,0.2214684757
1029,Hannah Montana: The Movie,0.2377283409
1030,Hannibal Rising,0.2027936656
1031,Hansel & Gretel: Witch Hunters,0.2086459165
1032,Happily N'Ever After,0.2045503138
1033,Happiness,0.1996399998
1034,Happy Feet,0.2022704768
1035,Happy Feet Two,0.1960818726
1036,Happy Gilmore,0.181736302
1037,"Happy, Texas",0.1903891155
1038,Hardball,0.2071927374
1039,Hard Candy,0.2054337491
1040,Hard Rain,0.206893702
1041,Hard to Be a God,0.1900606446
1042,Harley Davidson and the Marlboro Man,0.1990676697
1043,Harold & Kumar Escape from Guantanamo Bay,0.2075962135
1044,Harold & Kumar Go to White Castle,0.2018715576
1045,Harper,0.2084133881
1046,Harry Brown,0.2045463727
1047,Harry Potter and the Chamber of Secrets,0.200436237
1048,Harry Potter and the Goblet of Fire,0.1592814283
1049,Harry Potter and the Half-Blood Prince,0.1435030002
1050,Harry Potter and the Order of the Phoenix,0.1438133664
1051,Harry Potter and the Philosopher's Stone,0.1436581833
1052,Harry Potter and the Prisoner of Azkaban,0.1381969692
1053,Harsh Times,0.1958396146
1054,Hart's War,0.2168957465
1055,Haywire,0.2153248254
1056,Head Over Heels,0.2119176938
1057,Heartbeeps,0.1993094351
1058,Hearts in Atlantis,0.1611675189
1059,Heaven is for Real,0.2114429074
1060,Heavenly Creatures,0.1921228558
1061,Heaven's Gate,0.2146304425
1062,He Got Game,0.1968926428
1063,Heist,0.2080881194
1064,Hellboy,0.2075279822
1065,Hellboy II: The Golden Army,0.209576153
1066,Hellraiser,0.2129104963
1067,Hell's Angels,0.2139593371
1068,Her,0.2084807573
1069,Herbie Fully Loaded,0.236868183
1070,Hercules,0.2044158218
1071,Hereafter,0.190232085
1072,Hero,0.2104457943
1073,Hesher,0.197411521
1074,He's Just Not That Into You,0.2229632832
1075,Hidalgo,0.223263427
1076,Hide and Seek,0.1932191136
1077,High Anxiety,0.1927451893
1078,High Crimes,0.2168603992
1079,Higher Ground,0.2044165607
1080,High Fidelity,0.2174585932
1081,Highlander,0.1636228719
1082,Highlander: Endgame,0.1636228719
1083,Highlander: The Final Dimension,0.1636228719
1084,High Noon,0.2069818855
1085,High Plains Drifter,0.2137763195
1086,History of the World: Part I,0.2106535672
1087,Hitch,0.219015474
1088,Hitman,0.1920512991
1089,Hit & Run,0.2031285409
1090,Hobo with a Shotgun,0.2124604653
1091,Hocus Pocus,0.1991700167
1092,Hollow Man,0.2185788675
1093,Hollywood Homicide,0.1939354192
1094,Home,0.186992699
1095,Home Alone,0.2000651523
1096,Home Alone 2: Lost in New York,0.2068198053
1097,Home Fries,0.2068726415
1098,Homefront,0.2158121742
1099,Home on the Range,0.2062173007
1100,Home Run,0.207047284
1101,Honey,0.2032430808
1102,Hoodwinked!,0.1980751136
1103,Hoodwinked Too! Hood VS. Evil,0.2066738593
1104,Hook,0.218793168
1105,Hoop Dreams,0.1991125004
1106,Hop,0.2034248667
1107,Hope Springs,0.2147103741
1108,Horrible Bosses,0.2122736297
1109,Horrible Bosses 2,0.2116476013
1110,Hostage,0.1902994541
1111,Hostel,0.2007844137
1112,Hostel: Part II,0.2073080163
1113,Hotel for Dogs,0.204151641
1114,Hotel Rwanda,0.1933320525
1115,Hotel Transylvania,0.2104273201
1116,Hotel Transylvania 2,0.2168666805
1117,Hot Fuzz,0.1775833062
1118,Hot Pursuit,0.1772231829
1119,Hot Tub Time Machine,0.2130708522
1120,Hot Tub Time Machine 2,0.200123038
1121,House at the End of the Street,0.1994329658
1122,House of 1000 Corpses,0.2084136344
1123,House of Sand and Fog,0.1891193235
1124,House of Wax,0.1957988482
1125,House on Haunted Hill,0.1994027913
1126,Howard the Duck,0.2088152631
1127,How Do You Know,0.2021539663
1128,How Green Was My Valley,0.206690486
1129,How High,0.1989211079
1130,Howl's Moving Castle,0.1901271516
1131,How Stella Got Her Groove Back,0.2037422532
1132,How the Grinch Stole Christmas,0.2000492645
1133,How to Be Single,0.1844625984
1134,How to Lose a Guy in 10 Days,0.1742112757
1135,How to Lose Friends & Alienate People,0.2099666972
1136,How to Train Your Dragon,0.2312121279
1137,How to Train Your Dragon 2,0.2002315431
1138,Hud,0.1935329284
1139,Hudson Hawk,0.2147421497
1140,Hugo,0.2133073217
1141,Hulk,0.1911990236
1142,Human Traffic,0.1991727262
1143,Hustle & Flow,0.2195071335
1144,I Am Legend,0.2099559822
1145,I Am Number Four,0.1537357256
1146,I Am Sam,0.1537357256
1147,Ice Age,0.176657134
1148,Ice Age: Continental Drift,0.1666475767
1149,Ice Age: Dawn of the Dinosaurs,0.1937761718
1150,Ice Age: The Meltdown,0.2093887017
1151,Ice Princess,0.196295311
1152,Ida,0.2082754476
1153,Identity,0.1955923069
1154,Identity Thief,0.2068269487
1155,Idiocracy,0.2149485679
1156,Idle Hands,0.223601874
1157,I Don't Know How She Does It,0.2059031165
1158,If I Stay,0.208732622
1159,"I, Frankenstein",0.2058749126
1160,Igby Goes Down,0.1973118836
1161,I Hope They Serve Beer in Hell,0.1973118836
1162,I Know What You Did Last Summer,0.1969933887
1163,"I Love You, Man",0.2118125142
1164,I Love You Phillip Morris,0.2043445114
1165,I Married a Strange Person!,0.2055214399
1166,Immortals,0.2118456445
1167,I'm Not There.,0.2305977998
1168,In Bruges,0.2310953711
1169,Incendies,0.2103954214
1170,Inception,0.1846730809
1171,Inchon,0.1881839142
1172,In Cold Blood,0.1975132521
1173,Independence Day,0.1975132521
1174,Independence Day: Resurgence,0.2116711251
1175,Indiana Jones and the Kingdom of the Crystal Skull,0.1965718079
1176,Indiana Jones and the Last Crusade,0.1983743953
1177,Indiana Jones and the Temple of Doom,0.2162156503
1178,Infamous,0.1931970678
1179,Inglourious Basterds,0.2155004532
1180,Inherent Vice,0.2061408176
1181,Inkheart,0.2078335452
1182,Inside Deep Throat,0.2030189274
1183,Inside Job,0.227231681
1184,Inside Llewyn Davis,0.1952940104
1185,Inside Man,0.2132490664
1186,Inside Out,0.2134980984
1187,Insidious,0.1934048407
1188,Insidious: Chapter 3,0.2011704009
1189,Insomnia,0.2025709901
1190,Instructions Not Included,0.2062070783
1191,Insurgent,0.2076698639
1192,Interstellar,0.2175843408
1193,Interview with the Vampire,0.2015773255
1194,In the Cut,0.201070394
1195,In the Heart of the Sea,0.1816090765
1196,In the Land of Blood and Honey,0.2214355916
1197,In the Land of Women,0.2087301587
1198,In the Valley of Elah,0.2136983585
1199,In Time,0.2196036919
1200,Intolerable Cruelty,0.201183456
1201,Intolerance,0.2168192634
1202,In Too Deep,0.2106748741
1203,Into the Blue,0.1959414689
1204,Into the Storm,0.2027451401
1205,Into the Wild,0.2125720493
1206,Into the Woods,0.1906870425
1207,Invaders from Mars,0.1978679564
1208,Invictus,0.1659672342
1209,Ip Man 3,0.1689301233
1210,"I, Robot",0.2028325845
1211,Iron Man,0.2041417881
1212,Iron Man 2,0.2258092923
1213,Iron Man 3,0.2090837545
1214,Ishtar,0.1926567596
1215,Isn't She Great,0.2120848236
1216,I Spit on Your Grave,0.1918175391
1217,I Spy,0.2117398491
1218,I Still Know What You Did Last Summer,0.1949487896
1219,It Follows,0.1809208517
1220,It Happened One Night,0.2080402097
1221,I Think I Love My Wife,0.1989539919
1222,It's All Gone Pete Tong,0.2287996463
1223,"It's a Mad, Mad, Mad, Mad World",0.2157349522
1224,It's a Wonderful Life,0.1896561832
1225,It's Complicated,0.1896561832
1226,It's Kind of a Funny Story,0.199681382
1227,Jack and Jill,0.1986443646
1228,Jackass 3D,0.2085795326
1229,Jackass Number Two,0.1896561832
1230,Jackass: The Movie,0.202529608
1231,Jackie Brown,0.2178043067
1232,Jack Reacher,0.2107775906
1233,Jack Ryan: Shadow Recruit,0.2110879568
1234,Jack the Giant Slayer,0.2116469855
1235,Jade,0.1993171943
1236,Jane Got a Gun,0.2225456435
1237,Janky Promoters,0.2274925364
1238,Jarhead,0.2078079276
1239,Jason Bourne,0.2162891776
1240,Jason Goes to Hell: The Final Friday,0.2031822392
1241,Jason X,0.2063404619
1242,Jawbreaker,0.1897274935
1243,Jaws,0.193737376
1244,Jaws 2,0.1945860798
1245,Jaws: The Revenge,0.2102502143
1246,Jay and Silent Bob Strike Back,0.2233341216
1247,J. Edgar,0.2143272196
1248,Jeepers Creepers,0.2010227306
1249,Jeepers Creepers 2,0.2067404895
1250,Jefferson in Paris,0.2089032002
1251,"Jeff, Who Lives at Home",0.2118428118
1252,Jennifer's Body,0.2130611224
1253,Jerry Maguire,0.1988802183
1254,Jersey Boys,0.1931213236
1255,Jersey Girl,0.1893533298
1256,JFK,0.213393904
1257,Jimmy Neutron: Boy Genius,0.2137104283
1258,Jingle All the Way,0.1986766329
1259,Joe,0.2091133132
1260,Joe Dirt,0.1511280335
1261,John Carter,0.2072592445
1262,Johnny English,0.2086312603
1263,Johnny English Reborn,0.1850357906
1264,John Q,0.2120127743
1265,Johnson Family Vacation,0.2127107288
1266,Jonah Hex,0.1816128945
1267,Journey 2: The Mysterious Island,0.2132147045
1268,Journey from the Fall,0.2049212754
1269,Journey to the Center of the Earth,0.201495177
1270,Joy,0.2167151922
1271,Joyeux Noël,0.2166892052
1272,Joy Ride,0.2091581439
1273,Judgment at Nuremberg,0.2080751875
1274,Julie & Julia,0.203851374
1275,Jumper,0.1898988108
1276,Jumping the Broom,0.1872481353
1277,Juno,0.1898988108
1278,Jupiter Ascending,0.2208659711
1279,Jurassic Park,0.2131257821
1280,Jurassic Park III,0.2229292907
1281,Jurassic World,0.2132422926
1282,Just Go with It,0.1903425606
1283,Justin Bieber: Never Say Never,0.2187650872
1284,Just Like Heaven,0.2195955632
1285,Just Married,0.2293755481
1286,Just My Luck,0.206864636
1287,K-19: The Widowmaker,0.2117744574
1288,Kabhi Alvida Naa Kehna,0.2300125378
1289,Kama Sutra - A Tale of Love,0.1967907885
1290,Katy Perry: Part of Me,0.2016704354
1291,Keanu,0.216460618
1292,Keeping the Faith,0.2016283143
1293,Khumba,0.2311450051
1294,Kick-Ass,0.2100837004
1295,Kick-Ass 2,0.1933637049
1296,Kicking & Screaming,0.2245994798
1297,Kids,0.2203117456
1298,Kill Bill: Vol. 1,0.2203117456
1299,Kill Bill: Vol. 2,0.2081575823
1300,Killer Elite,0.2296591883
1301,Killer Joe,0.2315854295
1302,Killers,0.2272166553
1303,Killing Them Softly,0.204301405
1304,Killing Zoe,0.1997501059
1305,Kill List,0.1975495847
1306,Kill the Messenger,0.1826119782
1307,Kindergarten Cop,0.2052056546
1308,Kingdom of Heaven,0.2195742564
1309,Kingdom of the Spiders,0.2055024731
1310,King Kong,0.1974543811
1311,Kingpin,0.2074127033
1312,Kissing Jessica Stein,0.2050319973
1313,Kiss Kiss Bang Bang,0.2044477205
1314,Kiss of the Dragon,0.2036039431
1315,Kiss the Girls,0.211647355
1316,Knight and Day,0.2061034997
1317,Knockaround Guys,0.2105381652
1318,Knocked Up,0.2014771955
1319,Knowing,0.1890411161
1320,K-PAX,0.1782492389
1321,Krampus,0.15433121
1322,Krull,0.15433121
1323,Kundun,0.1701095149
1324,Kung Fu Hustle,0.2086342162
1325,Kung Fu Panda,0.200571468
1326,Kung Fu Panda 2,0.1942938183
1327,Kung Fu Panda 3,0.2060114983
1328,La Bamba,0.2011936784
1329,Labor Day,0.214333624
1330,L.A. Confidential,0.206912792
1331,Ladder 49,0.1960278049
1332,Ladyhawke,0.1941197915
1333,Lady in the Water,0.1964836245
1334,Lake Placid,0.2135755668
1335,Lakeview Terrace,0.2044524007
1336,Land of the Dead,0.1955528953
1337,Land of the Lost,0.1971844117
1338,Lara Croft: Tomb Raider,0.2029320988
1339,Lara Croft Tomb Raider: The Cradle of Life,0.2040956027
1340,Larry Crowne,0.2038514971
1341,Lars and the Real Girl,0.2015892722
1342,Last Action Hero,0.2218841447
1343,Last Holiday,0.2250902772
1344,Last Vegas,0.2116457539
1345,Latter Days,0.2119543959
1346,Law Abiding Citizen,0.2112426473
1347,Lawrence of Arabia,0.2231027017
1348,Laws of Attraction,0.2081210034
1349,Layer Cake,0.2126039481
1350,Leap Year,0.2077212222
1351,Leatherheads,0.2003003902
1352,Leaving Las Vegas,0.2009951425
1353,Left Behind,0.1836501039
1354,Legally Blonde,0.2148691289
1355,"Legally Blonde 2: Red, White & Blonde",0.2049399959
1356,Legend,0.2165792222
1357,Legend of a Rabbit,0.2111524933
1358,Legend of the Guardians: The Owls of Ga'Hoole,0.2039772447
1359,Legends of Oz: Dorothy's Return,0.2095398205
1360,Legends of the Fall,0.2143601037
1361,Legion,0.2012701615
1362,Les Misérables,0.1985008818
1363,Lethal Weapon 3,0.2073396687
1364,Lethal Weapon 4,0.2146108599
1365,Let Me In,0.2086698097
1366,Let's Be Cops,0.2137388785
1367,Let's Go to Prison,0.2183741736
1368,Letters from Iwo Jima,0.1933845191
1369,L!fe Happens,0.2104625442
1370,Liar Liar,0.2030660982
1371,Licence to Kill,0.1916703615
1372,License to Wed,0.2202751668
1373,L.I.E.,0.2186618782
1374,Life During Wartime,0.2032156159
1375,Life of Pi,0.2162152809
1376,Life or Something Like It,0.2048396195
1377,Lights Out,0.2046281517
1378,Like Crazy,0.2073173766
1379,Lilo & Stitch,0.2122217788
1380,Limbo,0.2090593686
1381,Lincoln,0.1968909186
1382,Lions for Lambs,0.2070618171
1383,Little Black Book,0.2032637719
1384,Little Boy,0.2173977516
1385,Little Children,0.2142621905
1386,Little Fockers,0.2087336072
1387,Little Man,0.2080434119
1388,Little Miss Sunshine,0.2103009567
1389,Little Shop of Horrors,0.2104102007
1390,Little White Lies,0.2069939552
1391,Live and Let Die,0.2143660154
1392,Live Free or Die Hard,0.2168102726
1393,Living Out Loud,0.1999591105
1394,Lockout,0.203629068
1395,"Lock, Stock and Two Smoking Barrels",0.192655528
1396,Logan's Run,0.2022702305
1397,Lolita,0.1988151892
1398,London Has Fallen,0.2244676973
1399,Lone Star,0.2077851428
1400,Lone Survivor,0.1832798814
1401,Lone Wolf McQuade,0.2252837634
1402,Looney Tunes: Back in Action,0.208435434
1403,Looper,0.2131214714
1404,Loose Cannons,0.1997433321
1405,Lord of War,0.222406964
1406,Lords of Dogtown,0.2197178623
1407,Losin' It,0.2265655021
1408,Lost in Space,0.2001900377
1409,Lost in Translation,0.2042032455
1410,Love Actually,0.2138652419
1411,Love & Basketball,0.2203522657
1412,Love Happens,0.2134024021
1413,Love in the Time of Cholera,0.2155348152
1414,Lovely & Amazing,0.2143187215
1415,Love Me Tender,0.2140637778
1416,Love & Other Drugs,0.2054190929
1417,Love the Coopers,0.2274527554
1418,Lucky Number Slevin,0.1937669347
1419,Lucy,0.1987314396
1420,MacGruber,0.1850346822
1421,Machete,0.1969318081
1422,Machete Kills,0.2156736179
1423,Machine Gun Preacher,0.210400471
1424,Madagascar,0.203948425
1425,Madagascar 3: Europe's Most Wanted,0.1803681042
1426,Madagascar: Escape 2 Africa,0.1767400215
1427,Mad City,0.1797786547
1428,Made,0.2015196861
1429,Madea's Family Reunion,0.2215093652
1430,Made of Honor,0.1832798814
1431,Mad Max,0.2052421103
1432,Mad Max 2: The Road Warrior,0.2033876721
1433,Mad Max Beyond Thunderdome,0.2086135251
1434,Mad Max: Fury Road,0.2344171519
1435,Maggie,0.2061788744
1436,Magic Mike,0.2109056782
1437,Magic Mike XXL,0.2151620062
1438,Magnolia,0.1916398175
1439,Maid in Manhattan,0.2226175697
1440,Major Dundee,0.1941478723
1441,Major League,0.2117323362
1442,Malcolm X,0.2136671987
1443,Maleficent,0.2241540057
1444,Mallrats,0.1841308021
1445,Mama,0.1991543752
1446,Mambo Italiano,0.2184763974
1447,Mamma Mia!,0.2309511493
1448,Mandela: Long Walk to Freedom,0.196709379
1449,Manderlay,0.2081692826
1450,Maniac,0.2191413447
1451,Man of Steel,0.209433286
1452,Man of the Year,0.1917845319
1453,Man on a Ledge,0.1887963948
1454,Man on Fire,0.19543503
1455,Man on the Moon,0.222463495
1456,Mao's Last Dancer,0.2232594859
1457,March of the Penguins,0.2015492448
1458,Marci X,0.2302355827
1459,Margaret,0.2156466456
1460,Margin Call,0.2127471845
1461,Marie Antoinette,0.2214179796
1462,Marley & Me,0.2034717912
1463,Marmaduke,0.2043313332
1464,Mars Attacks!,0.2092213256
1465,Mars Needs Moms,0.2218297075
1466,Martin Lawrence Live: Runteldat,0.2169708748
1467,Mary Poppins,0.2082806203
1468,Mary Reilly,0.204945415
1469,Master and Commander: The Far Side of the World,0.2177523327
1470,Match Point,0.2081532717
1471,Max,0.2204376164
1472,Maximum Risk,0.2165990512
1473,Max Keeble's Big Move,0.210516612
1474,Max Payne,0.21428399
1475,May,0.2287108471
1476,Maze Runner: The Scorch Trials,0.2126785837
1477,Mean Creek,0.2171583262
1478,Me and Orson Welles,0.2083875243
1479,Mean Girls,0.2032162317
1480,Mean Streets,0.2457272915
1481,Me Before You,0.207420093
1482,Meet Dave,0.2251381869
1483,Meet Joe Black,0.224955662
1484,Meet the Deedles,0.2342396766
1485,Meet the Fockers,0.2153136177
1486,Meet the Parents,0.2289905461
1487,Meet the Spartans,0.2131580503
1488,Megamind,0.2076153035
1489,Melancholia,0.213056935
1490,Memento,0.2248065137
1491,Memoirs of a Geisha,0.2239167972
1492,Memoirs of an Invisible Man,0.2190600583
1493,"Me, Myself & Irene",0.2055315391
1494,Menace II Society,0.1907303952
1495,Men in Black,0.1908855783
1496,Men in Black 3,0.2158152533
1497,Men in Black II,0.2125828875
1498,Men of Honor,0.2169083089
1499,Men with Brooms,0.2294124964
1500,Message in a Bottle,0.2013987418
1501,Metallica: Through the Never,0.2334380204
1502,Metropolis,0.2110516242
1503,Michael Clayton,0.2284810282
1504,Michael Collins,0.2194257239
1505,Micmacs,0.2024122353
1506,Midnight Cowboy,0.2107881824
1507,Midnight in Paris,0.23262023
1508,Midnight in the Garden of Good and Evil,0.2100281547
1509,Midnight Run,0.1967333954
1510,Midnight Special,0.2162806795
1511,Milk,0.2158222735
1512,Million Dollar Arm,0.1995210261
1513,Million Dollar Baby,0.2236500301
1514,Mindhunters,0.2057862365
1515,Minions,0.2132292375
1516,Minority Report,0.2104095849
1517,Miracle,0.1972898377
1518,Miracle at St. Anna,0.2004479373
1519,Miracles from Heaven,0.2104960441
1520,Mirrormask,0.2193189432
1521,Mirror Mirror,0.1623978994
1522,Mirrors,0.1390640465
1523,Miss Congeniality,0.1586740084
1524,Mission: Impossible,0.1444107207
1525,Mission: Impossible - Ghost Protocol,0.1444107207
1526,Mission: Impossible II,0.2007789946
1527,Mission: Impossible III,0.2167016444
1528,Mission: Impossible - Rogue Nation,0.2051382854
1529,Mission to Mars,0.2190449095
1530,Miss Julie,0.1928750012
1531,Miss Potter,0.2190763156
1532,Mo' Better Blues,0.2142655158
1533,Moby Dick,0.222182318
1534,Modern Times,0.2346857665
1535,Moms' Night Out,0.1912729203
1536,Mondays in the Sun,0.2094758998
1537,Moneyball,0.2318273181
1538,Money Monster,0.1938743312
1539,Money Train,0.1952491797
1540,Mongol: The Rise of Genghis Khan,0.2041724552
1541,Monkeybone,0.2238693802
1542,Monster,0.2162957051
1543,Monster House,0.2304229109
1544,Monster-in-Law,0.1951305755
1545,Monsters,0.2028132482
1546,Monster's Ball,0.2233465608
1547,"Monsters, Inc.",0.2196934764
1548,Monsters University,0.2079217286
1549,Monsters vs Aliens,0.1830163164
1550,Monte Carlo,0.1917874878
1551,Monty Python and the Holy Grail,0.2141719133
1552,Moon,0.1996643857
1553,Moonlight Mile,0.1895510035
1554,Moonraker,0.220176022
1555,Moonrise Kingdom,0.2150494369
1556,Morning Glory,0.2124720424
1557,Mortal Kombat,0.2214514794
1558,Mortal Kombat: Annihilation,0.2200593883
1559,Mortdecai,0.2154540215
1560,Moulin Rouge!,0.2261647355
1561,Movie 43,0.233374346
1562,Mr. 3000,0.2192298976
1563,Mr. Bean's Holiday,0.2125737736
1564,Mr. Deeds,0.2187888574
1565,Mr. & Mrs. Smith,0.2061867567
1566,Mr. Nice Guy,0.2137864188
1567,Mr. Peabody & Sherman,0.2195637877
1568,Mr. Popper's Penguins,0.2106980284
1569,Mrs. Doubtfire,0.2162896702
1570,Mr. Smith Goes to Washington,0.2110266225
1571,Mrs. Winterbourne,0.1958797651
1572,Mud,0.2304215562
1573,Mulan,0.2154663376
1574,Mulholland Drive,0.1916857567
1575,Munich,0.1951746672
1576,Muppets from Space,0.2298169578
1577,Muppets Most Wanted,0.2143618279
1578,Murderball,0.2043324416
1579,Murder by Numbers,0.2214685988
1580,Music and Lyrics,0.2202490566
1581,Must Love Dogs,0.1967104874
1582,My Beautiful Laundrette,0.2025653247
1583,My Best Friend's Girl,0.200266644
1584,My Best Friend's Wedding,0.1931760072
1585,My Big Fat Greek Wedding,0.2311978412
1586,My Big Fat Greek Wedding 2,0.2118221207
1587,My Bloody Valentine,0.2130746702
1588,My Blueberry Nights,0.2046049974
1589,My Cousin Vinny,0.1931289596
1590,My Fair Lady,0.1851898653
1591,My Favorite Martian,0.2168868789
1592,My Life in Ruins,0.2002434897
1593,My Name Is Bruce,0.2219906792
1594,My Name Is Khan,0.2024898269
1595,My Sister's Keeper,0.212020164
1596,My Soul to Take,0.177073542
1597,My Stepmother is an Alien,0.2258734593
1598,"Mystery, Alaska",0.2152463717
1599,Mystery Men,0.2303846078
1600,Mystic River,0.2159977782
1601,My Week with Marilyn,0.2056326545
1602,Nacho Libre,0.2038560541
1603,Nanny McPhee,0.2077569389
1604,Nanny McPhee and the Big Bang,0.2082978629
1605,Napoleon Dynamite,0.2184292266
1606,Narc,0.2012142463
1607,National Lampoon's Vacation,0.2174016927
1608,National Lampoon’s Van Wilder,0.2289660371
1609,National Treasure,0.2108644192
1610,Nebraska,0.2329191422
1611,Need for Speed,0.2079351532
1612,Neighbors,0.1966106037
1613,Neighbors 2: Sorority Rising,0.1994542727
1614,Nerve,0.1978101938
1615,Network,0.2069648892
1616,Never Back Down,0.2162554314
1617,Never Let Me Go,0.2136272945
1618,Never Say Never Again,0.2249044269
1619,New in Town,0.2253104894
1620,New Nightmare,0.2095525061
1621,New Year's Eve,0.2094773778
1622,Next Friday,0.1988458564
1623,Niagara,0.2178226577
1624,Nick and Norah's Infinite Playlist,0.2198469353
1625,Night at the Museum,0.1965139221
1626,Night at the Museum: Battle of the Smithsonian,0.1779965121
1627,Night at the Museum: Secret of the Tomb,0.1779965121
1628,Nightcrawler,0.2388146227
1629,Nighthawks,0.243981851
1630,Night of the Living Dead,0.231552176
1631,Night Watch,0.2160178534
1632,Nim's Island,0.1896811849
1633,Nine,0.2161980383
1634,Nine 1/2 Weeks,0.2046190378
1635,Ninja Assassin,0.2001784606
1636,Nixon,0.2105503582
1637,Noah,0.2140170997
1638,No Country for Old Men,0.231214468
1639,No End in Sight,0.2341947228
1640,No Escape,0.2192803937
1641,No Good Deed,0.2046593115
1642,Non-Stop,0.2215847398
1643,No Reservations,0.1978132728
1644,North Country,0.2238159282
1645,No Strings Attached,0.2158072478
1646,Not Another Teen Movie,0.2089502478
1647,Notes on a Scandal,0.216703615
1648,Notting Hill,0.205722439
1649,Novocaine,0.2321784507
1650,Now You See Me,0.2303578818
1651,Now You See Me 2,0.2319126689
1652,Nurse 3-D,0.205380913
1653,Nutty Professor II: The Klumps,0.1967469431
1654,Oblivion,0.2063691585
1655,"O Brother, Where Art Thou?",0.2338635423
1656,Ocean's Eleven,0.2096414285
1657,Ocean's Thirteen,0.1896044555
1658,Ocean's Twelve,0.1871870474
1659,Octopussy,0.2057757678
1660,Oculus,0.2220488112
1661,Office Space,0.2319678451
1662,Of Gods and Men,0.2168919285
1663,Of Horses and Men,0.2138893815
1664,Oldboy,0.2073820362
1665,Old Dogs,0.2234721853
1666,Old School,0.2252364695
1667,Oliver!,0.2201837811
1668,Oliver Twist,0.2037293212
1669,Olympus Has Fallen,0.2072274689
1670,Once,0.2154710177
1671,Once Upon a Time in Mexico,0.1915931394
1672,Once Upon a Time in the West,0.2085412294
1673,On Deadly Ground,0.2091884416
1674,Ondine,0.2151772782
1675,One Day,0.2085524371
1676,One Flew Over the Cuckoo's Nest,0.2115794932
1677,One for the Money,0.2171194072
1678,One Hour Photo,0.1889051462
1679,One Night with the King,0.2112185077
1680,Ong Bak 2,0.1897123447
1681,On Her Majesty's Secret Service,0.211249298
1682,Only God Forgives,0.2178009813
1683,Only the Strong,0.2261818549
1684,On the Road,0.2100481068
1685,On the Waterfront,0.2070132916
1686,Opal Dream,0.2032872957
1687,Open Range,0.2130718375
1688,Open Season,0.2171174367
1689,Open Water,0.1893980373
1690,Original Sin,0.216727262
1691,Orphan,0.2135632507
1692,Osmosis Jones,0.2231187126
1693,Ouija,0.2120092026
1694,Our Brand Is Crisis,0.198062428
1695,Our Family Wedding,0.1956196486
1696,Our Idiot Brother,0.2053428562
1697,Outbreak,0.2122536776
1698,Out Cold,0.2114314534
1699,Out of Africa,0.2244154769
1700,Out of Sight,0.2208024199
1701,Out of the Furnace,0.227580104
1702,Out of Time,0.2045159518
1703,Outside Providence,0.1899920438
1704,Over the Hedge,0.2311051008
1705,Oz: The Great and Powerful,0.203948425
1706,Pacific Rim,0.1929423704
1707,Paddington,0.2026267821
1708,Pain & Gain,0.2113406836
1709,Paint Your Wagon,0.2168755481
1710,Pan,0.2212757284
1711,Pandorum,0.2068594632
1712,Panic Room,0.2349562285
1713,Pan's Labyrinth,0.2098117604
1714,Paparazzi,0.2096307134
1715,Paper Towns,0.2287868375
1716,Paranormal Activity,0.2044108953
1717,Paranormal Activity 2,0.1887531652
1718,Paranormal Activity 3,0.1821995113
1719,Paranormal Activity 4,0.1619692984
1720,Paranormal Activity: The Marked Ones,0.1619692984
1721,ParaNorman,0.1857913846
1722,Parental Guidance,0.2340628171
1723,"Paris, je t'aime",0.2274323106
1724,Parker,0.2114918024
1725,Party Monster,0.2133543693
1726,Patch Adams,0.2334763235
1727,Pat Garrett & Billy the Kid,0.2186575675
1728,Patriot Games,0.2235782271
1729,Patton,0.2076756525
1730,Paul,0.2335731282
1731,Paul Blart: Mall Cop,0.227850566
1732,Paul Blart: Mall Cop 2,0.197400806
1733,Payback,0.1929764861
1734,Paycheck,0.1933848886
1735,Pay It Forward,0.2122498596
1736,PCU,0.2053886721
1737,Pearl Harbor,0.2042468446
1738,Peggy Sue Got Married,0.2168271457
1739,Penguins of Madagascar,0.201468451
1740,Percy Jackson: Sea of Monsters,0.2218540934
1741,Percy Jackson & the Olympians: The Lightning Thief,0.1889101958
1742,Perfume: The Story of a Murderer,0.2087775758
1743,Pete's Dragon,0.2251367089
1744,Pet Sematary,0.1894752594
1745,Phantasm II,0.2106682234
1746,Phenomenon,0.2325756456
1747,Philadelphia,0.2305808036
1748,Philomena,0.2384743283
1749,Phone Booth,0.2078727104
1750,Pi,0.207941927
1751,Pineapple Express,0.2233642961
1752,Pink Flamingos,0.2058921551
1753,"Pink Ribbons, Inc.",0.2201515129
1754,Pinocchio,0.205752244
1755,Piranha 3D,0.1999047964
1756,Pirates of the Caribbean: At World's End,0.2203500488
1757,Pirates of the Caribbean: Dead Man's Chest,0.1918620003
1758,Pirates of the Caribbean: On Stranger Tides,0.1753507631
1759,Pirates of the Caribbean: The Curse of the Black Pearl,0.1840488999
1760,Pitch Black,0.1753507631
1761,Pitch Perfect,0.2436611392
1762,Pitch Perfect 2,0.208644069
1763,Pixels,0.2027340556
1764,Planet 51,0.2140042909
1765,Planet of the Apes,0.221768989
1766,Platoon,0.1983906526
1767,Play It to the Bone,0.1940995931
1768,Pocahontas,0.2081997034
1769,Pocketful of Miracles,0.2155739805
1770,Poetic Justice,0.2019340004
1771,Point Blank,0.2079748111
1772,Point Break,0.2188732228
1773,Pokémon: Spell of the Unknown,0.2209966451
1774,Police Academy,0.2291538579
1775,Poltergeist,0.2188851694
1776,Poltergeist III,0.2211118008
1777,Pompeii,0.2230699408
1778,Pontypool,0.2141567645
1779,Ponyo,0.2295377514
1780,Porky's,0.2084928271
1781,Poseidon,0.2183724493
1782,Post Grad,0.2086175894
1783,Practical Magic,0.2042048466
1784,Precious,0.188633822
1785,Predator,0.2024193787
1786,Predator 2,0.1951297134
1787,Predators,0.1854661159
1788,Prefontaine,0.2056332703
1789,Premium Rush,0.2038396737
1790,Premonition,0.188507705
1791,Pretty Woman,0.2245585902
1792,Pride and Glory,0.2195992581
1793,Pride and Prejudice and Zombies,0.2079527652
1794,Pride & Prejudice,0.2116315904
1795,Priest,0.2055848679
1796,Primer,0.2156542816
1797,Prince of Persia: The Sands of Time,0.2187638556
1798,Princess Kaiulani,0.1937826993
1799,Princess Mononoke,0.1967294542
1800,Prison,0.2125384263
1801,Prisoners,0.2180386825
1802,Project Almanac,0.2179463116
1803,Project X,0.1891873085
1804,Prom,0.2239591647
1805,Prometheus,0.2203186427
1806,Promised Land,0.2175397564
1807,Prophecy,0.2117206359
1808,P.S. I Love You,0.2275172918
1809,Psycho,0.2187992029
1810,Public Enemies,0.2217710827
1811,Pulp Fiction,0.2278439153
1812,Pulse,0.2279399811
1813,Punch-Drunk Love,0.2119510705
1814,Punisher: War Zone,0.2282034229
1815,Puss in Boots,0.220888879
1816,Quantum of Solace,0.2204091661
1817,Quarantine,0.214869991
1818,Quartet,0.2159440799
1819,Queen of the Damned,0.221258609
1820,Quest for Camelot,0.2214150237
1821,Quest for Fire,0.1969033579
1822,Quills,0.2259012937
1823,Quo Vadis,0.2193296582
1824,Rabbit Hole,0.2094585341
1825,Race,0.2154983595
1826,Race to Witch Mountain,0.203378435
1827,Racing Stripes,0.1924753431
1828,Radio,0.2006549713
1829,Radio Flyer,0.2002615944
1830,Raging Bull,0.2038245248
1831,Raiders of the Lost Ark,0.2241149636
1832,Rain Man,0.2035309085
1833,Raise Your Voice,0.20756296
1834,Raising Cain,0.2275971003
1835,Raising Helen,0.2072368291
1836,Raising Victor Vargas,0.2335956667
1837,Rambo: First Blood Part II,0.2295882475
1838,Rambo III,0.2265850847
1839,Random Hearts,0.2342819209
1840,Rang De Basanti,0.2029973742
1841,Rango,0.2124120629
1842,Ransom,0.2093298306
1843,Rapa Nui,0.2121988709
1844,Ratatouille,0.2104759688
1845,Rat Race,0.2030090745
1846,Ray,0.2352672105
1847,Ready to Rumble,0.223466643
1848,Real Steel,0.2073534628
1849,Rebecca,0.2189519228
1850,[REC],0.227231681
1851,[REC]²,0.2193051491
1852,Recess: School's Out,0.2219410452
1853,RED,0.2106446996
1854,Redacted,0.2214215512
1855,Red Cliff,0.1943693161
1856,Red Dawn,0.2172367799
1857,Red Dragon,0.2052628014
1858,Red Eye,0.1982564068
1859,Red Lights,0.2196806676
1860,Red Planet,0.2128278551
1861,Red Riding Hood,0.2236322948
1862,Red River,0.2138631482
1863,Reds,0.2025589203
1864,Red Sonja,0.2299552679
1865,Red State,0.2282817534
1866,Red Tails,0.20683791
1867,Reign of Fire,0.1962554068
1868,Reign Over Me,0.2278210074
1869,Reindeer Games,0.1991818401
1870,Remember the Titans,0.216824313
1871,Renaissance,0.2183459697
1872,Renaissance Man,0.2087900151
1873,Rendition,0.2164521199
1874,Reno 911!: Miami,0.2209073532
1875,Rent,0.2089096046
1876,Repo Man,0.2081593066
1877,Repo Men,0.2288449696
1878,Requiem for a Dream,0.2126289498
1879,Rescue Dawn,0.2026520302
1880,Reservoir Dogs,0.2141155055
1881,Resident Evil,0.1700539692
1882,Resident Evil: Afterlife,0.1792514016
1883,Resident Evil: Apocalypse,0.1860750249
1884,Resident Evil: Extinction,0.1629258914
1885,Resident Evil: Retribution,0.1629258914
1886,Return of the Jedi,0.1630053416
1887,Return of the Living Dead 3,0.2323590051
1888,Return to Me,0.2106357089
1889,Return to Never Land,0.2043932833
1890,Return to Oz,0.1929423704
1891,Return to the Blue Lagoon,0.2023658036
1892,Revolutionary Road,0.2149172849
1893,Riddick,0.2138810066
1894,Ride Along,0.1858294414
1895,Ride Along 2,0.2008973525
1896,Ride with the Devil,0.2080340516
1897,Riding Giants,0.2099760575
1898,Riding in Cars with Boys,0.2217470663
1899,Righteous Kill,0.2428275842
1900,Rio,0.2182384499
1901,Rio 2,0.202993433
1902,R.I.P.D.,0.2465469293
1903,Risen,0.1946089878
1904,Rise of the Guardians,0.2238345255
1905,Rise of the Planet of the Apes,0.2112117338
1906,Road House,0.2260331993
1907,Road to Perdition,0.2101720069
1908,Road Trip,0.2163400432
1909,Roar,0.2104310149
1910,Robin Hood,0.2030738573
1911,Robin Hood: Prince of Thieves,0.1940321007
1912,RoboCop,0.183513395
1913,RoboCop 3,0.207194708
1914,Robot & Frank,0.2211273191
1915,Robots,0.2138895047
1916,Rob Roy,0.2028884997
1917,RockNRolla,0.2069986354
1918,Rock of Ages,0.2181485423
1919,Rock Star,0.2116921857
1920,Rocky,0.1884820874
1921,Rocky Balboa,0.1964311578
1922,Roger & Me,0.2167851477
1923,Role Models,0.200357537
1924,Romeo Is Bleeding,0.2063415704
1925,Romeo + Juliet,0.219784862
1926,Romeo Must Die,0.2207316022
1927,Ronin,0.2206503158
1928,Room,0.2108247613
1929,Rosemary's Baby,0.2029769294
1930,Rounders,0.2345411753
1931,Rubber,0.2315784093
1932,Ruby in Paradise,0.2255228193
1933,Rugrats in Paris: The Movie,0.1938893569
1934,Rumble in the Bronx,0.2393359641
1935,Run All Night,0.2066844511
1936,Runaway Bride,0.2054225415
1937,"Run, Fatboy, Run",0.196370932
1938,Run Lola Run,0.2108225444
1939,Runner Runner,0.2102431941
1940,Running Scared,0.2056298218
1941,Running with Scissors,0.2025007882
1942,Rush,0.2150382292
1943,Rush Hour 2,0.2287679939
1944,Rush Hour 3,0.225462224
1945,Rushmore,0.2220276275
1946,Sabotage,0.1883491965
1947,Safe,0.2192954194
1948,Safe Haven,0.2086034259
1949,Safe House,0.1993184259
1950,Safety Not Guaranteed,0.2309983201
1951,Sahara,0.2137152316
1952,Saint John of Las Vegas,0.2192731272
1953,Salt,0.2125913856
1954,Salton Sea,0.2132821968
1955,San Andreas,0.2295453874
1956,Sanctum,0.1920648468
1957,Sands of Iwo Jima,0.2251662676
1958,Sarah's Key,0.2149810824
1959,Sausage Party,0.2253044545
1960,Savages,0.2153125092
1961,Save the Last Dance,0.2170499443
1962,Saving Mr. Banks,0.2180491512
1963,Saving Private Ryan,0.207615673
1964,Saving Silverman,0.240107569
1965,Saw,0.2105557772
1966,Saw II,0.1938304858
1967,Saw III,0.2061796134
1968,Saw IV,0.1761792685
1969,Saw: The Final Chapter,0.2160944597
1970,Saw V,0.1760770447
1971,Saw VI,0.1816560009
1972,Scarface,0.205594105
1973,Scary Movie 2,0.205561221
1974,Scary Movie 3,0.1920508065
1975,Scary Movie 4,0.2019570315
1976,Scary Movie 5,0.2199295764
1977,Schindler's List,0.2147343905
1978,School for Scoundrels,0.2005219572
1979,School of Rock,0.2079466072
1980,Scooby-Doo,0.232823446
1981,Scoop,0.2087635354
1982,Scott Pilgrim vs. the World,0.1972463618
1983,Scream,0.1897868572
1984,Scream 2,0.1756618683
1985,Scream 3,0.1750032022
1986,Scream 4,0.2328195048
1987,Se7en,0.2118792675
1988,Seabiscuit,0.2270946026
1989,Sea of Love,0.2066345709
1990,Sea Rex 3D: Journey to a Prehistoric World,0.2150351502
1991,Secretariat,0.2151712433
1992,Secretary,0.201502074
1993,Secret in Their Eyes,0.1857439676
1994,Secret Window,0.2217978087
1995,Seed of Chucky,0.2194684609
1996,Seeking a Friend for the End of the World,0.2056172593
1997,Selena,0.227533426
1998,Self/less,0.2056070369
1999,Selma,0.2146157863
2000,Sense and Sensibility,0.2399810824
2001,Serendipity,0.2389391387
2002,Serenity,0.238717079
2003,Serial Mom,0.2124919945
2004,Serving Sara,0.2081949001
2005,Session 9,0.2222336762
2006,Set It Off,0.2352891332
2007,Seven Pounds,0.2142915029
2008,Seven Psychopaths,0.1892577567
2009,Seven Samurai,0.2222530125
2010,Seventh Son,0.1984507552
2011,Seven Years in Tibet,0.2167059551
2012,Sex and the City 2,0.222726321
2013,Sex Drive,0.2267794331
2014,Sex Tape,0.2253244066
2015,Shadow Conspiracy,0.2217882021
2016,Shadow of the Vampire,0.2203020159
2017,Shaft,0.225631078
2018,Shakespeare in Love,0.2166659277
2019,Shalako,0.1991727262
2020,Shallow Hal,0.2038013705
2021,Shall We Dance?,0.2091119585
2022,Shame,0.2155186811
2023,Shanghai Knights,0.1950869764
2024,Shanghai Noon,0.218970397
2025,Shark Night,0.2330554817
2026,Shark Tale,0.2255661721
2027,Shattered Glass,0.2289800774
2028,Shaun of the Dead,0.2139468978
2029,She Done Him Wrong,0.2156945553
2030,Sheena,0.2254186249
2031,Sherlock Holmes,0.210019287
2032,Sherlock Holmes: A Game of Shadows,0.2249711803
2033,Sherrybaby,0.2030091977
2034,She's All That,0.2152145961
2035,She's Out of My League,0.2083087011
2036,She's the Man,0.2112076695
2037,She's the One,0.2000961889
2038,She Wore a Yellow Ribbon,0.2128920221
2039,Shin Godzilla,0.2230842275
2040,Sholem Aleichem: Laughing In The Darkness,0.2146400491
2041,Shooter,0.2244920832
2042,Shooting Fish,0.2174802696
2043,Shopgirl,0.2325734287
2044,Shortbus,0.2206945307
2045,Shorts,0.1990995684
2046,Show Boat,0.2060358842
2047,Showdown in Little Tokyo,0.2191691792
2048,Showgirls,0.1426932825
2049,Shrek,0.1426932825
2050,Shrek 2,0.167257471
2051,Shrek Forever After,0.1426932825
2052,Shrek the Third,0.1890613146
2053,Shutter Island,0.2236295853
2054,Sicario,0.2177570128
2055,Sicko,0.2306369651
2056,Side Effects,0.214092967
2057,Sideways,0.2333020504
2058,Signs,0.2140081089
2059,Silent Hill,0.208438513
2060,Silent Hill: Revelation 3D,0.2314941671
2061,Silent House,0.2153168199
2062,Silent Trigger,0.215243539
2063,Silver Linings Playbook,0.224680643
2064,Simon Birch,0.2086248559
2065,Simply Irresistible,0.2254786044
2066,Sinbad: Legend of the Seven Seas,0.2080007981
2067,Sin City,0.2264964086
2068,Sin City: A Dame to Kill For,0.2070762269
2069,Singin' in the Rain,0.203615274
2070,Sinister,0.2067991142
2071,Sinister 2,0.2169064615
2072,Six Days Seven Nights,0.2060358842
2073,Six-String Samurai,0.2249267191
2074,Sky Captain and the World of Tomorrow,0.237399131
2075,Skyfall,0.236554122
2076,Sky High,0.2326560699
2077,Skyline,0.235068182
2078,Slackers,0.2390002266
2079,Sleep Dealer,0.2134469865
2080,Sleeper,0.2300885283
2081,Sleepers,0.2166441282
2082,Sliding Doors,0.2445035618
2083,Sling Blade,0.2192516972
2084,Slow Burn,0.2294945218
2085,Slumdog Millionaire,0.2002689841
2086,Small Soldiers,0.2098112678
2087,Smokin' Aces,0.2292920448
2088,Snake Eyes,0.2142566482
2089,Snakes on a Plane,0.211557201
2090,Snatch,0.2132394599
2091,Snitch,0.2067152414
2092,Snow Flower and the Secret Fan,0.215031948
2093,Snowpiercer,0.2142743835
2094,Snow White and the Huntsman,0.1829727173
2095,Snow White and the Seven Dwarfs,0.1829727173
2096,Soldier,0.2237008956
2097,Solitary Man,0.2332159607
2098,Solomon and Sheba,0.192314002
2099,Some Like It Hot,0.2147135763
2100,Something Borrowed,0.1999865754
2101,Something's Gotta Give,0.2211909935
2102,Song One,0.1959023036
2103,Son of God,0.2064759392
2104,Sorcerer,0.2064937976
2105,Sorority Row,0.2090835082
2106,Soul Kitchen,0.2139353207
2107,Soul Plane,0.2300177106
2108,Soul Surfer,0.2241051107
2109,Source Code,0.2340103505
2110,Southland Tales,0.2179943444
2111,Southpaw,0.2200304454
2112,Spaceballs,0.2187663189
2113,Space Battleship Yamato,0.2159554107
2114,Space Chimps,0.2208163371
2115,Space Cowboys,0.2201114855
2116,Spaced Invaders,0.2213779522
2117,Space Dogs,0.1994543959
2118,Space Jam,0.2271249002
2119,Space Pirate Captain Harlock,0.2184239307
2120,Spanglish,0.2194792991
2121,Sparkle,0.2401211167
2122,Spawn,0.2278663307
2123,Special,0.2455192723
2124,Species,0.1994561201
2125,Spectre,0.1970624821
2126,Speed,0.2133658233
2127,Speed 2: Cruise Control,0.2157514558
2128,Speed Racer,0.2374024563
2129,Spellbound,0.1799723873
2130,Sphere,0.2051748643
2131,Sphinx,0.1716321905
2132,Spice World,0.1594831999
2133,Spider-Man,0.1780906072
2134,Spider-Man 2,0.2148512705
2135,Spider-Man 3,0.2067913551
2136,Spirited Away,0.2081349206
2137,Spirit: Stallion of the Cimarron,0.2024121122
2138,Splash,0.2192532983
2139,Split Second,0.2283340969
2140,Spotlight,0.2176203039
2141,Spring Breakers,0.188562758
2142,Spy Game,0.1749357099
2143,Spy Kids,0.1843196082
2144,Spy Kids 2: The Island of Lost Dreams,0.1749357099
2145,Spy Kids 3-D: Game Over,0.2306184909
2146,Spy Kids: All the Time in the World,0.2263057551
2147,Stake Land,0.2258531377
2148,Stand by Me,0.2255246667
2149,Stardust,0.2276138502
2150,Stargate: The Ark of Truth,0.2185076803
2151,Starship Troopers,0.1482512677
2152,Starsky & Hutch,0.1622488743
2153,Star Trek,0.1543560886
2154,Star Trek Beyond,0.1407034565
2155,Star Trek: First Contact,0.1535343906
2156,Star Trek: Generations,0.193272073
2157,Star Trek III: The Search for Spock,0.1630491758
2158,Star Trek II: The Wrath of Khan,0.2003964559
2159,Star Trek: Insurrection,0.1453133803
2160,Star Trek Into Darkness,0.1437429518
2161,Star Trek IV: The Voyage Home,0.1454685634
2162,Star Trek: Nemesis,0.1788955889
2163,Star Trek: The Motion Picture,0.1407034565
2164,Star Trek VI: The Undiscovered Country,0.1794239504
2165,Star Trek V: The Final Frontier,0.1592811931
2166,Star Wars,0.1631605247
2167,Star Wars: Episode II - Attack of the Clones,0.1818201748
2168,Star Wars: Episode III - Revenge of the Sith,0.2132333018
2169,Star Wars: Episode I - The Phantom Menace,0.2403158346
2170,State of Play,0.2391541781
2171,Stay Alive,0.2168695132
2172,Stealth,0.2126646665
2173,Steel,0.1871257131
2174,Step Brothers,0.1751699625
2175,Step Up,0.2030508262
2176,Step Up 2: The Streets,0.1884951425
2177,Step Up 3D,0.2036284522
2178,Step Up Revolution,0.218018484
2179,Steve Jobs,0.2316519366
2180,Stigmata,0.2285411309
2181,Still Alice,0.2258634832
2182,Stir of Echoes,0.223377228
2183,Stitches,0.185173608
2184,Stoker,0.204790355
2185,Stolen,0.2130113653
2186,Stomp the Yard,0.2357586237
2187,Stone,0.2289496566
2188,Stonewall,0.2011578385
2189,Stop-Loss,0.2304193393
2190,Stormbreaker,0.2496659868
2191,Straight Outta Compton,0.2293656952
2192,Strangerland,0.2007252963
2193,Stranger Than Fiction,0.206192299
2194,Straw Dogs,0.2179163834
2195,Street Fighter,0.2042197491
2196,Street Fighter: The Legend of Chun-Li,0.2309617412
2197,Street Kings,0.2076540993
2198,Stripes,0.2094873538
2199,Striptease,0.2201024948
2200,Stuart Little,0.2009548688
2201,Stuart Little 2,0.2151929197
2202,Stuck on You,0.2332224883
2203,St. Vincent,0.2430870848
2204,Subway,0.2277564709
2205,Sucker Punch,0.2027973604
2206,Suicide Squad,0.2119365375
2207,Summer Catch,0.2057948578
2208,Sunshine,0.2163523593
2209,Sunshine Cleaning,0.2243965101
2210,Super,0.2305538313
2211,Super 8,0.1404662816
2212,Superbad,0.1404662816
2213,Superhero Movie,0.1536895738
2214,Superman,0.1404662816
2215,Superman II,0.1637918379
2216,Superman III,0.1229193146
2217,Superman IV: The Quest for Peace,0.2022320505
2218,Superman Returns,0.2301557743
2219,Super Mario Bros.,0.2191898702
2220,Supernova,0.2507034968
2221,Super Size Me,0.2059033628
2222,Super Troopers,0.2174725104
2223,"Surfer, Dude",0.2347999369
2224,Surf's Up,0.2154468781
2225,Surrogates,0.2052644025
2226,Suspect Zero,0.2108576454
2227,S.W.A.T.,0.2140388992
2228,Sweet Charity,0.202133891
2229,Sweet Home Alabama,0.2149390845
2230,Sweet November,0.2229800331
2231,Sweet Sweetback's Baadasssss Song,0.2169607756
2232,Swept Away,0.2119042693
2233,Swimfan,0.2182691171
2234,Swimming Pool,0.2126857271
2235,Swingers,0.2348312199
2236,Swing Vote,0.1720867449
2237,Switchback,0.1834172061
2238,Swordfish,0.2367529041
2239,Sydney White,0.2069945711
2240,Syriana,0.2310506636
2241,Tadpole,0.2072966855
2242,Take Me Home Tonight,0.2110992876
2243,Taken,0.2082755707
2244,Taken 2,0.1854003478
2245,Taken 3,0.1964238913
2246,Takers,0.231958608
2247,Take Shelter,0.2160748771
2248,Take the Lead,0.2317850738
2249,Tales from the Hood,0.2206466209
2250,Talk Radio,0.2263098194
2251,Talladega Nights: The Ballad of Ricky Bobby,0.2167840393
2252,Tammy,0.2094403062
2253,Tangled,0.2137720089
2254,Tango & Cash,0.2268848591
2255,Tank Girl,0.2114502971
2256,Tarnation,0.2289191126
2257,Taxi Driver,0.2012940548
2258,Taxi to the Dark Side,0.2053322643
2259,Team America: World Police,0.2216672578
2260,Tears of the Sun,0.1950879617
2261,Tea with Mussolini,0.1977383908
2262,Ted,0.192617348
2263,Ted 2,0.1612230758
2264,Teenage Mutant Ninja Turtles,0.1383875668
2265,Teenage Mutant Ninja Turtles III,0.1383875668
2266,Teenage Mutant Ninja Turtles II: The Secret of the Ooze,0.2278091839
2267,Teenage Mutant Ninja Turtles: Out of the Shadows,0.1383875668
2268,Terminator 2: Judgment Day,0.1781050171
2269,Terminator 3: Rise of the Machines,0.1696370686
2270,Terminator Genisys,0.1651361424
2271,Terminator Salvation,0.1608950864
2272,Texas Chainsaw 3D,0.2156860572
2273,Thank You for Smoking,0.2126501335
2274,That Awkward Moment,0.2066674549
2275,That's My Boy,0.2323593745
2276,The 13th Warrior,0.2109248914
2277,The 33,0.2161666322
2278,The 40 Year Old Virgin,0.234142133
2279,The 51st State,0.2242301193
2280,The 5th Quarter,0.1902850443
2281,The 5th Wave,0.2322575202
2282,The 6th Day,0.2193879135
2283,The Abyss,0.2361533554
2284,The Act of Killing,0.2080597923
2285,The Addams Family,0.2073767403
2286,The Adjustment Bureau,0.2218458416
2287,The Adventurer: The Curse of the Midas Box,0.2151303538
2288,The Adventures of Ford Fairlane,0.2401899638
2289,The Adventures of Pluto Nash,0.2218516302
2290,The Adventures of Rocky & Bullwinkle,0.2059989359
2291,The Adventures of Sharkboy and Lavagirl,0.2215246372
2292,The Adventures of Tintin,0.2136584543
2293,The Age of Adaline,0.2145809317
2294,The Age of Innocence,0.236172938
2295,The Alamo,0.2194507257
2296,The Amazing Spider-Man,0.2366138551
2297,The Amazing Spider-Man 2,0.158726867
2298,The American,0.170597726
2299,The American President,0.2016159981
2300,The Amityville Horror,0.2215336279
2301,The Andromeda Strain,0.2245521859
2302,The Angry Birds Movie,0.2142685949
2303,The Animal,0.2071968017
2304,The Ant Bully,0.2149340349
2305,The Apartment,0.2266072537
2306,The Apparition,0.2264051462
2307,The Artist,0.2267354645
2308,The Art of War,0.2202177736
2309,The Assassin,0.2224878809
2310,The Assassination of Jesse James by the Coward Robert Ford,0.2166495473
2311,The Astronaut Farmer,0.1969605047
2312,The Astronaut's Wife,0.2095614969
2313,The Avengers,0.2348836866
2314,The Aviator,0.2105172278
2315,The Awakening,0.2212772063
2316,The Back-Up Plan,0.2133458711
2317,The Bad Lieutenant: Port of Call - New Orleans,0.2062772802
2318,The Bad News Bears,0.2286417536
2319,The Ballad of Cable Hogue,0.2252343758
2320,The Ballad of Jack and Rose,0.2212683387
2321,The Bank Job,0.2217984245
2322,The Barbarian Invasions,0.2405186811
2323,The Beach,0.2063716217
2324,"The Beast from 20,000 Fathoms",0.2095617432
2325,The Beaver,0.2159802893
2326,The Believer,0.2096692629
2327,The Best Exotic Marigold Hotel,0.2266650163
2328,The Best Little Whorehouse in Texas,0.2000002463
2329,The Best Man,0.2153510587
2330,The Best Man Holiday,0.1846839191
2331,The Best Offer,0.2046632526
2332,The Best of Me,0.2040534815
2333,The Best Years of Our Lives,0.2071802981
2334,The BFG,0.2217539633
2335,The Big Bounce,0.2230444464
2336,The Big Hit,0.2327240549
2337,The Big Lebowski,0.2266001104
2338,The Big Parade,0.2250631817
2339,The Big Short,0.2149887184
2340,The Big Wedding,0.212312795
2341,The Big Year,0.2443103219
2342,The Birth of a Nation,0.2430832668
2343,The Black Dahlia,0.2141786872
2344,The Black Hole,0.2110330269
2345,The Black Stallion,0.2237257742
2346,The Blair Witch Project,0.2138615471
2347,The Blind Side,0.2325420226
2348,The Blue Lagoon,0.2119093189
2349,The Blues Brothers,0.2233518568
2350,The Boat That Rocked,0.2347122462
2351,The Bodyguard,0.218713729
2352,The Bone Collector,0.2074533465
2353,The Book of Eli,0.1990203758
2354,The Book of Life,0.2169698895
2355,The Boondock Saints,0.2335912329
2356,The Boondock Saints II: All Saints Day,0.214313795
2357,The Boss,0.214313795
2358,The Bounty,0.1673297666
2359,The Bounty Hunter,0.1512832166
2360,The Bourne Identity,0.1746567497
2361,The Bourne Legacy,0.1511280335
2362,The Bourne Supremacy,0.2312579439
2363,The Bourne Ultimatum,0.2061597844
2364,The Box,0.2150645857
2365,The Boxtrolls,0.21624213
2366,The Boy,0.2020053107
2367,The Boy in the Striped Pyjamas,0.2163905392
2368,The Boy Next Door,0.2285928586
2369,The Break-Up,0.2265116806
2370,The Bridge on the River Kwai,0.2056383199
2371,The Bridges of Madison County,0.2212386569
2372,The Broadway Melody,0.21124548
2373,The Broken Hearts Club: A Romantic Comedy,0.231673613
2374,The Brothers Bloom,0.2255053304
2375,The Brothers Grimm,0.2168132285
2376,The Bucket List,0.22878031
2377,The Butler,0.2094407989
2378,The Butterfly Effect,0.218860414
2379,The Cabin in the Woods,0.2331882494
2380,The Cable Guy,0.2245013203
2381,The Call,0.2325087691
2382,The Canyons,0.2139345817
2383,The Cave,0.2279963889
2384,The Cell,0.2394686087
2385,The Change-Up,0.1984367148
2386,The Charge of the Light Brigade,0.1710275586
2387,The Children of Huang Shi,0.187792631
2388,The Chronicles of Narnia: Prince Caspian,0.170588612
2389,"The Chronicles of Narnia: The Lion, the Witch and the Wardrobe",0.2165859961
2390,The Chronicles of Narnia: The Voyage of the Dawn Treader,0.2298709024
2391,The Chronicles of Riddick,0.2186143379
2392,The Client,0.2149867479
2393,The Cold Light of Day,0.2140482595
2394,The Color of Money,0.2165871045
2395,The Color Purple,0.195067517
2396,The Conjuring,0.2248344713
2397,The Conjuring 2,0.2323450878
2398,The Conspirator,0.2279558689
2399,The Constant Gardener,0.2293946381
2400,The Conversation,0.218040653
2401,The Cookout,0.2340528411
2402,The Core,0.2176913679
2403,The Corruptor,0.2265220261
2404,The Cotton Club,0.1907795365
2405,The Counselor,0.2139924675
2406,The Count of Monte Cristo,0.203140857
2407,The Covenant,0.2446532027
2408,The Craft,0.2446968017
2409,The Crazies,0.2183495413
2410,The Croods,0.2177486378
2411,The Crow,0.2336972747
2412,The Crying Game,0.2058800853
2413,The Curious Case of Benjamin Button,0.2416215897
2414,The Curse of the Were-Rabbit,0.232702748
2415,The Darkest Hour,0.2273999192
2416,The Dark Knight,0.2380069315
2417,The Dark Knight Rises,0.2116706325
2418,The Da Vinci Code,0.2065706502
2419,The Day After Tomorrow,0.2363617442
2420,The Day the Earth Stood Still,0.2191814953
2421,The Dead Zone,0.2169405772
2422,The Death and Life of Bobby Z,0.2113454869
2423,The Debt,0.2294256747
2424,The Deep End of the Ocean,0.2455602849
2425,The Deer Hunter,0.2085109318
2426,The Departed,0.2235864789
2427,The Descendants,0.2170966224
2428,The Devil Inside,0.2037289518
2429,The Devil's Advocate,0.2038698482
2430,The Devil's Double,0.2226839536
2431,The Devil's Own,0.2163019863
2432,The Devil Wears Prada,0.2222421743
2433,The Diary of a Teenage Girl,0.2128054398
2434,The Dictator,0.2171511828
2435,The Dilemma,0.2121933286
2436,The Divide,0.2066738593
2437,The Diving Bell and the Butterfly,0.2347721025
2438,The Doors,0.2174297735
2439,The DUFF,0.2181664006
2440,The Dukes of Hazzard,0.1820177254
2441,The East,0.215016676
2442,The Egyptian,0.1820076261
2443,The Elephant Man,0.178456396
2444,The Emperor's New Groove,0.2218664095
2445,The Empire Strikes Back,0.2193752278
2446,The End of the Affair,0.2024834225
2447,The English Patient,0.219254653
2448,The Equalizer,0.1944791759
2449,The Evil Dead,0.2223915689
2450,The Exorcism of Emily Rose,0.1768958204
2451,The Exorcist,0.1768958204
2452,The Expendables,0.1768958204
2453,The Expendables 2,0.2040122225
2454,The Expendables 3,0.2202467165
2455,The Express,0.2327107535
2456,The Extra Man,0.2381462268
2457,The Eye,0.2151451332
2458,The Faculty,0.2175746111
2459,The Fall of the Roman Empire,0.2253012523
2460,The Fan,0.2103209088
2461,The Fast and the Furious,0.1911849832
2462,The Fast and the Furious: Tokyo Drift,0.2252842561
2463,The Fault in Our Stars,0.2101072241
2464,The Fifth Element,0.2084689338
2465,The Fifth Estate,0.2165946174
2466,The Fighter,0.2062448888
2467,The Final Destination,0.2339887973
2468,The Finest Hours,0.2309680224
2469,The Firm,0.234239923
2470,The First Wives Club,0.2109545732
2471,The Fisher King,0.1948433636
2472,The Five-Year Engagement,0.2161371967
2473,The Flintstones,0.1959651158
2474,The Flintstones in Viva Rock Vegas,0.2077681466
2475,The Flowers of War,0.2273916674
2476,The Fog,0.2312150838
2477,The Forbidden Kingdom,0.1980316376
2478,The Forest,0.2280827249
2479,The Fountain,0.2371970234
2480,The Four Feathers,0.2245345738
2481,The Fourth Kind,0.224481984
2482,The French Connection,0.2073897954
2483,The Frozen Ground,0.2325389436
2484,The Fugitive,0.2334380204
2485,The Full Monty,0.225980979
2486,The Funeral,0.2314328328
2487,The Gallows,0.225113801
2488,The Gambler,0.2289454691
2489,The Game,0.2276559713
2490,The Game Plan,0.2362899412
2491,The General's Daughter,0.2038384421
2492,The Ghost and the Darkness,0.2156366695
2493,The Ghost Writer,0.2095052122
2494,The Gift,0.2124413753
2495,The Girl Next Door,0.2213584927
2496,The Girl with the Dragon Tattoo,0.232671465
2497,The Giver,0.2141582424
2498,The Glass House,0.1880602603
2499,The Godfather,0.1600494615
2500,The Godfather: Part II,0.1600494615
2501,The Godfather: Part III,0.2253321658
2502,The Golden Child,0.235279773
2503,The Golden Compass,0.2093356192
2504,The Good Dinosaur,0.2137773048
2505,The Good German,0.221901141
2506,The Good Girl,0.2304280837
2507,The Good Night,0.2225813603
2508,"The Good, the Bad and the Ugly",0.2369882652
2509,The Grace Card,0.2165358695
2510,The Grand Budapest Hotel,0.2190457716
2511,The Grandmaster,0.2173289045
2512,The Great Beauty,0.2104434542
2513,The Great Debaters,0.2249870681
2514,The Great Escape,0.2054243889
2515,The Greatest Game Ever Played,0.2045552403
2516,The Greatest Show on Earth,0.1978148739
2517,The Greatest Story Ever Told,0.2156989891
2518,The Great Gatsby,0.237053787
2519,The Great Raid,0.2065377662
2520,The Green Hornet,0.2123118097
2521,The Green Inferno,0.2266977772
2522,The Green Mile,0.2218611136
2523,The Grey,0.2265493679
2524,The Grudge,0.2208378903
2525,The Grudge 2,0.2175177106
2526,The Guard,0.2219210931
2527,The Guilt Trip,0.2274548491
2528,The Gunman,0.2252136847
2529,The Hangover,0.2344288522
2530,The Hangover Part II,0.235470796
2531,The Happening,0.2355524519
2532,The Hateful Eight,0.2416810765
2533,The Haunted Mansion,0.2430636842
2534,The Haunting,0.2232177342
2535,The Heat,0.2418659415
2536,The Help,0.2187677968
2537,The Hills Have Eyes,0.2323343728
2538,The History Boys,0.2331304868
2539,The Hitchhiker's Guide to the Galaxy,0.1551560542
2540,The Hoax,0.1646993232
2541,The Hobbit: An Unexpected Journey,0.1551560542
2542,The Hobbit: The Battle of the Five Armies,0.2271463303
2543,The Hobbit: The Desolation of Smaug,0.2477601904
2544,The Holiday,0.2172859212
2545,The Homesman,0.2403935493
2546,The Horseman on the Roof,0.2081992108
2547,The Horse Whisperer,0.2264122895
2548,The Host,0.2283841004
2549,The Host,0.2110372144
2550,The Hours,0.2248783167
2551,The House Bunny,0.2306856138
2552,The House of Mirth,0.2134000621
2553,The Howling,0.1480821561
2554,The Hunchback of Notre Dame,0.1480821561
2555,The Hundred-Foot Journey,0.1480821561
2556,The Hunger Games,0.1746704206
2557,The Hunger Games: Catching Fire,0.2015608219
2558,The Hunger Games: Mockingjay - Part 1,0.2064771708
2559,The Hunger Games: Mockingjay - Part 2,0.2223133615
2560,The Hunt,0.231255727
2561,The Hunted,0.2107885519
2562,The Hunt for Red October,0.2104586031
2563,The Huntsman: Winter's War,0.2052531948
2564,The Hurricane,0.218117013
2565,The Hurt Locker,0.2306688639
2566,The Hustler,0.2052148917
2567,The Iceman,0.2106417438
2568,The Ice Storm,0.2178796814
2569,The Ides of March,0.217215473
2570,The Illusionist,0.2101332112
2571,The Imaginarium of Doctor Parnassus,0.2105483876
2572,The Imitation Game,0.2046733519
2573,The Immigrant,0.2137902368
2574,The Impossible,0.2107238923
2575,The Incredible Burt Wonderstone,0.2186058398
2576,The Incredible Hulk,0.2315823505
2577,The Incredibles,0.2102238578
2578,The In Crowd,0.2368256924
2579,The Infiltrator,0.230886736
2580,The Informant!,0.2196953238
2581,The Informers,0.2241836875
2582,The Inhabited Island,0.2203284956
2583,The Innkeepers,0.2254077867
2584,The Insider,0.2357841181
2585,The Intern,0.221893505
2586,The International,0.2347961189
2587,The Internship,0.2170254353
2588,The Interpreter,0.2327842807
2589,The Interview,0.2165962185
2590,The Invasion,0.2311282552
2591,The Invention of Lying,0.2167946312
2592,The Iron Giant,0.2137495936
2593,The Iron Lady,0.218880243
2594,The Island,0.1752374548
2595,The Island of Dr. Moreau,0.2372849605
2596,The Italian Job,0.2320427271
2597,The Jackal,0.2270274797
2598,The Jacket,0.2182308139
2599,The Joneses,0.1860156612
2600,The Judge,0.2037332624
2601,The Jungle Book,0.2288788389
2602,The Jungle Book 2,0.214039515
2603,The Karate Kid,0.2515932133
2604,The Kid,0.2213333678
2605,The Kids Are All Right,0.2262240992
2606,The Kingdom,0.2081319648
2607,The King's Speech,0.2194248618
2608,The Kite Runner,0.2175556442
2609,The Ladies Man,0.2218808194
2610,The Lake House,0.2021017459
2611,The Land Before Time,0.2166240529
2612,The Last Airbender,0.2239222163
2613,The Last Castle,0.2233731637
2614,The Last Dragon,0.2062283852
2615,The Last Emperor,0.189668992
2616,The Last Exorcism,0.2013350674
2617,The Last Exorcism Part II,0.1992286414
2618,The Last Godfather,0.1785150207
2619,The Last House on the Left,0.2205395939
2620,The Last King of Scotland,0.1973001833
2621,The Last Legion,0.2082368981
2622,The Last of the Mohicans,0.2214162553
2623,The Last Samurai,0.2306231711
2624,The Last Temptation of Christ,0.2244355522
2625,The Last Witch Hunter,0.216158873
2626,The Lawnmower Man,0.2416001596
2627,The Lazarus Effect,0.2398877262
2628,The League of Extraordinary Gentlemen,0.2297488497
2629,The Legend of Bagger Vance,0.2045596741
2630,The Legend of Hercules,0.2071110816
2631,The Legend of Tarzan,0.2160582503
2632,The Legend of the Lone Ranger,0.2166718394
2633,The Legend of Zorro,0.2310419191
2634,The Lego Movie,0.2077414206
2635,The Life Aquatic with Steve Zissou,0.2081823377
2636,The Life of David Gale,0.2105317608
2637,The Limey,0.2224735942
2638,The Lincoln Lawyer,0.1938737154
2639,The Lion King,0.1903404668
2640,The Little Prince,0.2415561911
2641,The Little Vampire,0.2146715783
2642,The Lives of Others,0.2134293744
2643,The Living Daylights,0.221945479
2644,The Lizzie McGuire Movie,0.2349251919
2645,The Lone Ranger,0.2301228902
2646,The Longest Day,0.2057622201
2647,The Longest Ride,0.2185254155
2648,The Longest Yard,0.2169841762
2649,The Long Kiss Goodnight,0.1917268925
2650,The Long Riders,0.2269731656
2651,The Lord of the Rings: The Fellowship of the Ring,0.2074882012
2652,The Lord of the Rings: The Return of the King,0.1851365365
2653,The Lord of the Rings: The Two Towers,0.1930374509
2654,The Lords of Salem,0.1941867912
2655,The Losers,0.24394675
2656,The Lost Boys,0.2324747766
2657,The Lost City,0.221555058
2658,The Lost Weekend,0.2206436651
2659,The Lost World: Jurassic Park,0.2330628713
2660,The Love Guru,0.2170248194
2661,The Lovely Bones,0.2261232302
2662,The Lucky One,0.2286896633
2663,The Lunchbox,0.2301791749
2664,The Machinist,0.2274695053
2665,The Majestic,0.1960711576
2666,The Manchurian Candidate,0.2246268216
2667,The Man from Snowy River,0.236925453
2668,The Man from U.N.C.L.E.,0.2202250402
2669,The Man Who Knew Too Little,0.2204681604
2670,The Man Who Shot Liberty Valance,0.2241520351
2671,The Man with the Golden Gun,0.2214442129
2672,The Man with the Iron Fists,0.2222429133
2673,The Marine,0.233863296
2674,The Martian,0.2484492773
2675,The Mask,0.2324462032
2676,The Mask of Zorro,0.2314992167
2677,The Master,0.2182603726
2678,The Matador,0.2062365138
2679,The Matrix,0.2041202349
2680,The Matrix Reloaded,0.2041202349
2681,The Matrix Revolutions,0.2251259939
2682,The Maze Runner,0.2181713271
2683,The Mechanic,0.2394177431
2684,The Men Who Stare at Goats,0.2288049422
2685,The Messenger,0.2315520529
2686,The Messenger: The Story of Joan of Arc,0.2358038239
2687,The Mexican,0.2182370952
2688,The Midnight Meat Train,0.235895579
2689,The Mighty Ducks,0.2277740829
2690,The Misfits,0.2166336595
2691,The Mist,0.2157101968
2692,The Molly Maguires,0.2072492684
2693,The Monkey King 2,0.2484943543
2694,The Monuments Men,0.2391009725
2695,The Mortal Instruments: City of Bones,0.2100371454
2696,The Mothman Prophecies,0.2072684816
2697,The Mudge Boy,0.217414871
2698,The Mummy Returns,0.2242319667
2699,The Mummy: Tomb of the Dragon Emperor,0.2309133389
2700,The Muppets,0.2190867843
2701,The Musketeer,0.2234401634
2702,The Naked Gun 2½: The Smell of Fear,0.2186184023
2703,The Naked Gun 33⅓: The Final Insult,0.2294267831
2704,The Namesake,0.2099445282
2705,The Negotiator,0.2187746938
2706,The Neon Demon,0.2238978304
2707,The Net,0.2179194624
2708,The NeverEnding Story,0.2184951179
2709,The Newton Boys,0.219628201
2710,The New World,0.2241620112
2711,The Next Best Thing,0.2203697546
2712,The Next Three Days,0.2295706354
2713,The Ninth Gate,0.2414933789
2714,The Notebook,0.2526987083
2715,The November Man,0.2339789444
2716,The Number 23,0.2044193935
2717,The Nun's Story,0.2251736573
2718,The Nutcracker,0.216568384
2719,The Nutcracker: The Untold Story,0.2121185698
2720,The Nutty Professor,0.2059786143
2721,The Object of My Affection,0.2289405427
2722,The Omen,0.2091041993
2723,The One,0.2263975102
2724,The Opposite Sex,0.2110180012
2725,The Order,0.2283897658
2726,The Other Guys,0.2267828816
2727,The Other Side of Heaven,0.224281847
2728,The Other Woman,0.2265125427
2729,The Out-of-Towners,0.1975966323
2730,The Outsiders,0.2197533327
2731,The Pacifier,0.228951504
2732,The Passion of the Christ,0.2413300671
2733,The Patriot,0.2247119259
2734,The Peanuts Movie,0.2032327353
2735,The Pelican Brief,0.2324994088
2736,The Perez Family,0.2188636162
2737,The Perfect Game,0.2125950804
2738,The Perfect Storm,0.2186445124
2739,The Perks of Being a Wallflower,0.2184121072
2740,The Phantom,0.2244186791
2741,The Phantom of the Opera,0.2368179333
2742,The Pianist,0.234468387
2743,The Piano,0.2110283468
2744,The Pirate,0.2298823564
2745,The Pirates! In an Adventure with Scientists!,0.2041532421
2746,The Place Beyond the Pines,0.2044798656
2747,The Pledge,0.2221030022
2748,The Polar Express,0.2277952667
2749,The Possession,0.2233291951
2750,The Postman,0.2251730415
2751,The Prestige,0.2407093346
2752,The Prince,0.2418007892
2753,The Prince of Egypt,0.1954030081
2754,The Prince of Tides,0.2073692274
2755,The Princess and the Frog,0.1943344615
2756,The Princess Bride,0.1961800321
2757,The Princess Diaries,0.2363901944
2758,The Princess Diaries 2: Royal Engagement,0.2232875666
2759,The Producers,0.2136335757
2760,The Prophecy,0.2004890731
2761,The Proposal,0.2593715823
2762,The Proposition,0.2249822648
2763,The Protector,0.2167344053
2764,The Punisher,0.2131132196
2765,The Purge,0.2284547949
2766,The Purge: Anarchy,0.2392857143
2767,The Purge: Election Year,0.2078489403
2768,The Pursuit of Happyness,0.2126635581
2769,The Queen,0.2290488014
2770,The Quick and the Dead,0.2039317983
2771,The Quiet,0.2243749569
2772,The Quiet American,0.2101036525
2773,The Rage: Carrie 2,0.2478906181
2774,The Raid,0.2295841831
2775,The Railway Man,0.2390824983
2776,The Rainmaker,0.2236180081
2777,The Raven,0.2329739489
2778,The Reader,0.1984272314
2779,The Reaping,0.2105917403
2780,The Red Violin,0.234430207
2781,There Goes My Baby,0.2152808568
2782,The Relic,0.2240294897
2783,The Remains of the Day,0.2416965948
2784,The Replacement Killers,0.218056664
2785,There's Something About Mary,0.2511616565
2786,The Return of the Living Dead,0.2205927995
2787,The Return of the Pink Panther,0.2398377228
2788,The Revenant,0.1978440631
2789,There Will Be Blood,0.2266805346
2790,The Right Stuff,0.2359721853
2791,The Ring Two,0.2354251032
2792,The Rite,0.2209641305
2793,The Road,0.2125119466
2794,The Road to El Dorado,0.2435909373
2795,The Robe,0.2178330033
2796,The Rock,0.1841824067
2797,The Rocker,0.2232730336
2798,The Rocket: The Legend of Rocket Richard,0.2119954086
2799,The Rookie,0.2150244352
2800,The Roommate,0.2212785611
2801,The Rose,0.2258874996
2802,The Royal Tenenbaums,0.2138487383
2803,The Rugrats Movie,0.2127324052
2804,The Runaways,0.2266052831
2805,The Rundown,0.2199891864
2806,The Running Man,0.2197671268
2807,The Saint,0.245603145
2808,The Santa Clause,0.2318731341
2809,The Santa Clause 2,0.216279571
2810,The Scarlet Letter,0.2185888436
2811,The Score,0.2307987989
2812,The Scorpion King,0.2208535318
2813,The Sea Inside,0.2369040229
2814,The Second Best Exotic Marigold Hotel,0.2159802893
2815,The Secret in Their Eyes,0.2238497975
2816,The Secret Life of Bees,0.210633492
2817,The Secret Life of Pets,0.2103066221
2818,The Secret Life of Walter Mitty,0.1938117653
2819,The Sentinel,0.2444544205
2820,The Sessions,0.2340506242
2821,The Shadow,0.2488642074
2822,The Shaggy Dog,0.2377889362
2823,The Shallows,0.2402563477
2824,The Shawshank Redemption,0.2530393722
2825,The Shining,0.241489684
2826,The Siege,0.2581182939
2827,The Signal,0.241749431
2828,The Silence of the Lambs,0.2074906644
2829,The Simpsons Movie,0.2355727735
2830,The Sisterhood of the Traveling Pants,0.2127365927
2831,The Sisterhood of the Traveling Pants 2,0.2044416856
2832,The Sitter,0.2050568758
2833,The Sixth Sense,0.2262526726
2834,The Skeleton Key,0.2485209571
2835,The Skulls,0.2342862316
2836,The Smurfs,0.2387002059
2837,The Smurfs 2,0.2251725488
2838,The Snow Queen,0.2078720946
2839,The Social Network,0.2250681081
2840,The Soloist,0.2188579508
2841,The Sorcerer's Apprentice,0.2162969367
2842,The Sound of Music,0.2192280502
2843,The Spanish Apartment,0.2140179618
2844,The Spanish Prisoner,0.2391224025
2845,The Specialist,0.2417667967
2846,The Spectacular Now,0.2250263565
2847,The Spiderwick Chronicles,0.2327196211
2848,The Spirit,0.2172727429
2849,The SpongeBob Movie: Sponge Out of Water,0.2285104638
2850,The SpongeBob SquarePants Movie,0.2276205009
2851,The Spy Next Door,0.2092954687
2852,The Spy Who Loved Me,0.2155685614
2853,The Squid and the Whale,0.2097163105
2854,The Station Agent,0.234175017
2855,The Stepford Wives,0.2068552757
2856,The Stewardesses,0.230556664
2857,The Sting,0.2233775975
2858,The Story of Us,0.2351657257
2859,The Sum of All Fears,0.2242322131
2860,The Sweeney,0.2430840058
2861,The Sweetest Thing,0.203070532
2862,The Sweet Hereafter,0.2473796222
2863,The Switch,0.2284162455
2864,The Tailor of Panama,0.2234294483
2865,The Taking of Pelham 1 2 3,0.2221430296
2866,The Talented Mr. Ripley,0.2166586612
2867,The Tale of Despereaux,0.2238715971
2868,The Tempest,0.2234179943
2869,The Terminal,0.2284780724
2870,The Terminator,0.2362699891
2871,The Texas Chain Saw Massacre,0.1932903008
2872,The Texas Chainsaw Massacre 2,0.2246930823
2873,The Theory of Everything,0.2113517681
2874,The Thief and the Cobbler,0.247485664
2875,The Thing,0.2304572729
2876,The Thin Red Line,0.2302680973
2877,The Thirteenth Floor,0.2338147705
2878,The Thomas Crown Affair,0.2090858483
2879,The Three Burials of Melquiades Estrada,0.2163092529
2880,The Three Musketeers,0.2223054792
2881,The Three Stooges,0.227918551
2882,The Tigger Movie,0.2012853103
2883,The Time Machine,0.2357827633
2884,The Time Traveler's Wife,0.2350318495
2885,The To Do List,0.2392834974
2886,The Tourist,0.2188048683
2887,The Town,0.1867063492
2888,The Train,0.1925696846
2889,The Transporter,0.231282453
2890,The Transporter Refueled,0.2226830914
2891,The Tree of Life,0.2087305282
2892,The Triplets of Belleville,0.2161532076
2893,The Trouble with Harry,0.1983735332
2894,The Truman Show,0.2128612318
2895,The Twilight Saga: Breaking Dawn - Part 2,0.2160248736
2896,The Twilight Saga: Eclipse,0.243360749
2897,The Twilight Saga: New Moon,0.2176747411
2898,The Ugly Truth,0.2404988521
2899,The Unborn,0.2245592061
2900,The Untouchables,0.2371413546
2901,The Usual Suspects,0.2216617156
2902,The Valley of Decision,0.2368675672
2903,The Vatican Tapes,0.2207005656
2904,The Verdict,0.246483994
2905,The Village,0.2394575242
2906,The Virginity Hit,0.2107333757
2907,The Virgin Suicides,0.2376097366
2908,The Visit,0.2411151508
2909,The Visual Bible: The Gospel of John,0.227437976
2910,The Vow,0.2254455972
2911,The Wackness,0.2238819426
2912,The Walk,0.2288058043
2913,The Warrior's Way,0.262007232
2914,The Wash,0.2194691998
2915,The Watch,0.2147490467
2916,The Waterboy,0.1928816519
2917,The Water Diviner,0.2350577133
2918,The Wave,0.2291958559
2919,The Way of the Gun,0.2279388726
2920,The Way Way Back,0.235584597
2921,The Weather Man,0.2073380676
2922,The Wedding Date,0.216873208
2923,The Wedding Planner,0.2104408678
2924,The Whole Nine Yards,0.2514494842
2925,The Whole Ten Yards,0.2229966599
2926,The Wild Bunch,0.2164731804
2927,The Wind That Shakes the Barley,0.2414018701
2928,The Witch,0.2129273694
2929,The Wiz,0.2282467756
2930,The Wizard of Oz,0.2426666125
2931,The Wolf of Wall Street,0.2129436267
2932,The Wolverine,0.2326176436
2933,The Woman in Black,0.2444034318
2934,The Women,0.2296881312
2935,The Wood,0.2263726316
2936,The Words,0.223075483
2937,The Work and the Glory,0.2189442868
2938,The Work and the Glory II: American Zion,0.2322610919
2939,The World Is Not Enough,0.2318072429
2940,The World's End,0.2082344349
2941,The Wraith,0.2600717537
2942,The Wrestler,0.2220228242
2943,The X Files,0.201706029
2944,The X Files: I Want to Believe,0.210845945
2945,The Yellow Handkerchief,0.2208079621
2946,They Live,0.2441846975
2947,The Young and Prodigious T.S. Spivet,0.2228430778
2948,The Young Messiah,0.2183409201
2949,The Young Victoria,0.2217774871
2950,Things to Do in Denver When You're Dead,0.2229905018
2951,Things We Lost in the Fire,0.2152700186
2952,Think Like a Man,0.2209582188
2953,Think Like a Man Too,0.2204294877
2954,Thirteen,0.2299994827
2955,Thirteen Days,0.2148879726
2956,This Is 40,0.2310461066
2957,This Is England,0.2319389022
2958,This Is the End,0.2620115427
2959,This Is Where I Leave You,0.239183121
2960,This Means War,0.238536032
2961,Thor,0.2278850512
2962,Thor: The Dark World,0.2218192388
2963,Three Kings,0.2254590218
2964,Thunderball,0.2420192772
2965,Thunderbirds,0.2184775058
2966,Tidal Wave,0.2072950844
2967,Time Bandits,0.2296013026
2968,Timecop,0.2121816283
2969,Timecrimes,0.2185307115
2970,Timeline,0.2191525524
2971,Tin Cup,0.2114890928
2972,Tiny Furniture,0.2073048141
2973,Titan A.E.,0.2257102707
2974,Titanic,0.2563492063
2975,TMNT,0.2241291271
2976,To Die For,0.2411889244
2977,To Kill a Mockingbird,0.2035619452
2978,Tombstone,0.2249055354
2979,Tomcats,0.2179620762
2980,Tom Jones,0.2142784478
2981,Tomorrowland,0.237003414
2982,Tomorrow Never Dies,0.244363897
2983,Tootsie,0.2307947346
2984,Topaz,0.2134531446
2985,Top Gun,0.2261380095
2986,Top Hat,0.2094426463
2987,Tora! Tora! Tora!,0.24517984
2988,Torn Curtain,0.2326128403
2989,To Rome with Love,0.2335949277
2990,Torque,0.2369128905
2991,Total Recall,0.2249317687
2992,Tower Heist,0.2414693624
2993,Town & Country,0.2267443321
2994,Toy Story,0.23943905
2995,Toy Story 2,0.2356375563
2996,Toy Story 3,0.2211615579
2997,Trading Places,0.233322372
2998,Traffic,0.2246783029
2999,Training Day,0.2340146611
3000,Trainspotting,0.2219692491
3001,Trainwreck,0.2434262708
3002,Trance,0.2195811534
3003,Transamerica,0.2332458889
3004,Transcendence,0.2429378134
3005,Transformers,0.2332041372
3006,Transformers: Age of Extinction,0.2460099465
3007,Transformers: Dark of the Moon,0.1938202635
3008,Transformers: Revenge of the Fallen,0.2055188535
3009,Transporter 2,0.2272315578
3010,Transsiberian,0.2206928064
3011,Trapeze,0.2086741204
3012,Treasure Planet,0.2415550826
3013,Tremors,0.2036740219
3014,Triple 9,0.2450385741
3015,Troll Hunter,0.2460779315
3016,TRON: Legacy,0.2432617274
3017,Tropic Thunder,0.2610165233
3018,Troy,0.2172572246
3019,True Grit,0.2180315391
3020,True Lies,0.2342648015
3021,True Romance,0.2260420669
3022,Trust,0.2328300967
3023,Tsotsi,0.2435611323
3024,Tucker and Dale vs Evil,0.2454608939
3025,Tumbleweeds,0.2364299755
3026,Tupac: Resurrection,0.2404870287
3027,Turbo,0.222643803
3028,Turbulence,0.2370449194
3029,Tusk,0.2332867784
3030,Twilight,0.2512669593
3031,Twilight Zone: The Movie,0.2313638625
3032,Twins,0.2459936892
3033,Twister,0.2301725242
3034,Two Brothers,0.2349724858
3035,Two Girls and a Guy,0.2366861508
3036,Two Lovers,0.2534350891
3037,Two Weeks Notice,0.2313765481
3038,U2 3D,0.2664176347
3039,U-571,0.224146616
3040,Ultraviolet,0.2227211483
3041,Unbreakable,0.2388231208
3042,Unbroken,0.2298733657
3043,Undercover Brother,0.2201192447
3044,Underdogs,0.2127266166
3045,Under Siege 2: Dark Territory,0.2392476575
3046,Under the Rainbow,0.2388986186
3047,Under the Skin,0.2239374883
3048,Underworld,0.2318854502
3049,Underworld: Awakening,0.2217324101
3050,Underworld: Evolution,0.2338695772
3051,Underworld: Rise of the Lycans,0.2636923236
3052,Undiscovered,0.2403040111
3053,Undisputed,0.2309330446
3054,Unfaithful,0.219205758
3055,Unfinished Business,0.2105359483
3056,Unforgiven,0.2354875459
3057,Unfriended,0.2609341285
3058,United 93,0.227085735
3059,Universal Soldier: The Return,0.2198569113
3060,Unknown,0.2354807721
3061,Unleashed,0.2375140404
3062,Unstoppable,0.2317593332
3063,Untraceable,0.2512244687
3064,Up,0.2338557832
3065,Up in the Air,0.2487984393
3066,Urban Legend,0.2172620279
3067,Urban Legends: Final Cut,0.221182988
3068,Vacation,0.2484379465
3069,Valentine's Day,0.2403384963
3070,Valiant,0.2544689043
3071,Valkyrie,0.2578149478
3072,Vampire in Brooklyn,0.2283131595
3073,Vampires Suck,0.2413021095
3074,Vanilla Sky,0.2294634852
3075,Vanity Fair,0.247227395
3076,Vantage Point,0.2896611096
3077,Veer-Zaara,0.2464294336
3078,Veronica Guerin,0.2277855369
3079,Vertical Limit,0.2537291981
3080,Very Bad Things,0.231232819
3081,V for Vendetta,0.2410640389
3082,Vicky Cristina Barcelona,0.2138358064
3083,Victor Frankenstein,0.2459667169
3084,Videodrome,0.2557853744
3085,Virgin Territory,0.2365552304
3086,Virtuosity,0.2806615974
3087,Volver,0.2313194013
3088,W.,0.2312829456
3089,Wag the Dog,0.2535584966
3090,Waiting...,0.2208918349
3091,Waitress,0.2411362114
3092,Walk Hard: The Dewey Cox Story,0.249270393
3093,Walking Tall,0.258295646
3094,Walking With Dinosaurs,0.2477470121
3095,Walk the Line,0.2185863803
3096,WALL·E,0.2252037086
3097,Wall Street,0.233184062
3098,Wall Street: Money Never Sleeps,0.2599354143
3099,Waltz with Bashir,0.2120165923
3100,Wanderlust,0.2763763264
3101,Wanted,0.2501592474
3102,War,0.2822381839
3103,Warcraft,0.2529034022
3104,WarGames,0.2544027667
3105,War Horse,0.2474054861
3106,"War, Inc.",0.2480531909
3107,Warm Bodies,0.2477402382
3108,War of the Worlds,0.2650720986
3109,Warrior,0.2929114569
3110,Watchmen,0.2332306169
3111,Water for Elephants,0.2458067305
3112,Waterloo,0.256209911
3113,Waterworld,0.2430601125
3114,Wayne's World,0.2165148089
3115,We Are Marshall,0.2254268767
3116,We Are Your Friends,0.220813997
3117,We Bought a Zoo,0.2368029076
3118,Weekend,0.218465436
3119,Welcome Home Roscoe Jenkins,0.2074113486
3120,Welcome to Mooseport,0.2026708739
3121,Welcome to the Sticks,0.2430219325
3122,We Need to Talk About Kevin,0.2423328456
3123,We Own the Night,0.22396249
3124,We're the Millers,0.2373841053
3125,West Side Story,0.236013198
3126,We Were Soldiers,0.2258494428
3127,Whale Rider,0.2429477895
3128,What Dreams May Come,0.231820298
3129,Whatever It Takes,0.2488679022
3130,Whatever Works,0.2686932843
3131,What Happens in Vegas,0.2551690757
3132,What Just Happened,0.2216570355
3133,What Lies Beneath,0.2531165942
3134,What's Eating Gilbert Grape,0.2294378676
3135,What's Your Number?,0.2589466761
3136,What to Expect When You're Expecting,0.2355157499
3137,What Women Want,0.2257619984
3138,When a Stranger Calls,0.2289494103
3139,When Harry Met Sally...,0.2492286414
3140,When the Game Stands Tall,0.2508099081
3141,Where the Heart Is,0.2340837545
3142,Where the Wild Things Are,0.2195400175
3143,While We're Young,0.2348158247
3144,Whip It,0.2479549082
3145,Whiplash,0.2634554846
3146,White Chicks,0.2686906979
3147,White Fang,0.2313737154
3148,White House Down,0.2461053964
3149,White Noise,0.211740588
3150,Whiteout,0.2532847093
3151,White Squall,0.2308055728
3152,Who Killed the Electric Car?,0.2240216074
3153,Why Did I Get Married?,0.2422290207
3154,Why Did I Get Married Too?,0.2445127989
3155,Wicker Park,0.2250241396
3156,Wild,0.2343915344
3157,Wild Target,0.2522107436
3158,Wild Things,0.2434723331
3159,Wild Wild West,0.2567951731
3160,Willy Wonka & the Chocolate Factory,0.2446658883
3161,Wimbledon,0.2127821623
3162,Win a Date with Tad Hamilton!,0.2309754121
3163,Windtalkers,0.2170698964
3164,Winged Migration,0.2291057019
3165,Winnie the Pooh,0.2413112234
3166,Winter in Wartime,0.2455264156
3167,Winter Passing,0.2447267299
3168,Winter's Bone,0.2480092223
3169,Winter's Tale,0.2538636901
3170,Wish I Was Here,0.2546163282
3171,Without a Paddle,0.2494660962
3172,Without Limits,0.2270085129
3173,Witness,0.2333107948
3174,Woman in Gold,0.258950371
3175,Woman Thou Art Loosed,0.249279507
3176,Wonderland,0.2484921374
3177,Woo,0.2314702738
3178,Woodstock,0.2324223099
3179,World's Greatest Dad,0.2259240785
3180,World Trade Center,0.234538712
3181,World War Z,0.2450836511
3182,Wrath of the Titans,0.2588690846
3183,Wreck-It Ralph,0.2346025095
3184,Wrong Turn,0.2238382204
3185,Wyatt Earp,0.2520103603
3186,X2,0.238141793
3187,X-Men,0.2290776211
3188,X-Men: Apocalypse,0.2453681535
3189,X-Men: Days of Future Past,0.2458126423
3190,X-Men: First Class,0.2073950913
3191,X-Men Origins: Wolverine,0.2150254205
3192,X-Men: The Last Stand,0.2099531495
3193,xXx,0.2176937079
3194,xXx: State of the Union,0.2537044427
3195,Year One,0.2326942498
3196,Yeh Jawaani Hai Deewani,0.2262286562
3197,Yentl,0.2163625817
3198,Yes Man,0.2295325786
3199,Yogi Bear,0.2389366754
3200,You Again,0.227619762
3201,You Can't Take It With You,0.2180735371
3202,You Don't Mess with the Zohan,0.2346956194
3203,You Kill Me,0.2830994502
3204,"You, Me and Dupree",0.249300937
3205,Young Adult,0.2421859143
3206,Young Frankenstein,0.2640451805
3207,Young Guns,0.2570719163
3208,You Only Live Twice,0.2534354586
3209,Your Highness,0.231322973
3210,Your Sister's Sister,0.2295601667
3211,You've Got Mail,0.2269727962
3212,Y Tu Mamá También,0.2483609707
3213,Zack and Miri Make a Porno,0.248208374
3214,Zathura: A Space Adventure,0.2623721587
3215,Zero Dark Thirty,0.2863922881
3216,Zero Effect,0.2643415063
3217,Zodiac,0.2370662262
3218,Zombieland,0.2848526499
3219,Zookeeper,0.2525438947
3220,Zoolander,0.2178619461
3221,Zoolander 2,0.2357809159
3222,Zoom,0.2434927778
