name,id,movie
Ingenious Film Partners,289,Avatar
Twentieth Century Fox Film Corporation,306,Avatar
Dune Entertainment,444,Avatar
Lightstorm Entertainment,574,Avatar
Walt Disney Pictures,2,Pirates of the Caribbean: At World's End
Jerry Bruckheimer Films,130,Pirates of the Caribbean: At World's End
Second Mate Productions,19936,Pirates of the Caribbean: At World's End
Columbia Pictures,5,Spectre
Danjaq,10761,Spectre
B24,69434,Spectre
Legendary Pictures,923,The Dark Knight Rises
Warner Bros.,6194,The Dark Knight Rises
DC Entertainment,9993,The Dark Knight Rises
Syncopy,9996,The Dark Knight Rises
Walt Disney Pictures,2,John Carter
Columbia Pictures,5,Spider-Man 3
Laura Ziskin Productions,326,Spider-Man 3
Marvel Enterprises,19551,Spider-Man 3
Walt Disney Pictures,2,Tangled
Walt Disney Animation Studios,6125,Tangled
Marvel Studios,420,Avengers: Age of Ultron
Prime Focus,15357,Avengers: Age of Ultron
Revolution Sun Studios,76043,Avengers: Age of Ultron
Warner Bros.,6194,Harry Potter and the Half-Blood Prince
Heyday Films,7364,Harry Potter and the Half-Blood Prince
DC Comics,429,Batman v Superman: Dawn of Justice
Atlas Entertainment,507,Batman v Superman: Dawn of Justice
Warner Bros.,6194,Batman v Superman: Dawn of Justice
DC Entertainment,9993,Batman v Superman: Dawn of Justice
Cruel & Unusual Films,9995,Batman v Superman: Dawn of Justice
RatPac-Dune Entertainment,41624,Batman v Superman: Dawn of Justice
DC Comics,429,Superman Returns
Legendary Pictures,923,Superman Returns
Warner Bros.,6194,Superman Returns
Bad Hat Harry Productions,9168,Superman Returns
Eon Productions,7576,Quantum of Solace
Walt Disney Pictures,2,Pirates of the Caribbean: Dead Man's Chest
Jerry Bruckheimer Films,130,Pirates of the Caribbean: Dead Man's Chest
Second Mate Productions,19936,Pirates of the Caribbean: Dead Man's Chest
Walt Disney Pictures,2,The Lone Ranger
Jerry Bruckheimer Films,130,The Lone Ranger
Infinitum Nihil,2691,The Lone Ranger
Silver Bullet Productions (II),37380,The Lone Ranger
Blind Wink Productions,37381,The Lone Ranger
Classic Media,37382,The Lone Ranger
Legendary Pictures,923,Man of Steel
Warner Bros.,6194,Man of Steel
DC Entertainment,9993,Man of Steel
Syncopy,9996,Man of Steel
Cruel and Unusual Films,78685,Man of Steel
Walt Disney,5888,The Chronicles of Narnia: Prince Caspian
Walden Media,10221,The Chronicles of Narnia: Prince Caspian
Stillking Films,11345,The Chronicles of Narnia: Prince Caspian
Ozumi Films,11440,The Chronicles of Narnia: Prince Caspian
Propeler,11441,The Chronicles of Narnia: Prince Caspian
Silverbell Films,11442,The Chronicles of Narnia: Prince Caspian
Revolution Sun Studios,76043,The Chronicles of Narnia: Prince Caspian
Paramount Pictures,4,The Avengers
Marvel Studios,420,The Avengers
Walt Disney Pictures,2,Pirates of the Caribbean: On Stranger Tides
Jerry Bruckheimer Films,130,Pirates of the Caribbean: On Stranger Tides
Moving Picture Company (MPC),20478,Pirates of the Caribbean: On Stranger Tides
Amblin Entertainment,56,Men in Black 3
Media Magik Entertainment,5627,Men in Black 3
Imagenation Abu Dhabi FZ,6736,Men in Black 3
Hemisphere Media Capital,9169,Men in Black 3
Parkes/MacDonald Productions,11084,Men in Black 3
WingNut Films,11,The Hobbit: The Battle of the Five Armies
New Line Cinema,12,The Hobbit: The Battle of the Five Armies
Warner Bros. Pictures,174,The Hobbit: The Battle of the Five Armies
3Foot7,7413,The Hobbit: The Battle of the Five Armies
Metro-Goldwyn-Mayer (MGM),8411,The Hobbit: The Battle of the Five Armies
Columbia Pictures,5,The Amazing Spider-Man
Laura Ziskin Productions,326,The Amazing Spider-Man
Marvel Entertainment,7505,The Amazing Spider-Man
Imagine Entertainment,23,Robin Hood
Universal Pictures,33,Robin Hood
Scott Free Productions,1645,Robin Hood
Relativity Media,7295,Robin Hood
WingNut Films,11,The Hobbit: The Desolation of Smaug
New Line Cinema,12,The Hobbit: The Desolation of Smaug
Warner Bros. Pictures,174,The Hobbit: The Desolation of Smaug
Metro-Goldwyn-Mayer (MGM),8411,The Hobbit: The Desolation of Smaug
New Line Cinema,12,The Golden Compass
Ingenious Film Partners,289,The Golden Compass
Depth of Field,1473,The Golden Compass
Scholastic Productions,1938,The Golden Compass
WingNut Films,11,King Kong
Universal Pictures,33,King Kong
Big Primate Pictures,68,King Kong
MFPV Film,69,King Kong
Paramount Pictures,4,Titanic
Twentieth Century Fox Film Corporation,306,Titanic
Lightstorm Entertainment,574,Titanic
Studio Babelsberg,264,Captain America: Civil War
Marvel Studios,420,Captain America: Civil War
Walt Disney Studios Motion Pictures,3036,Captain America: Civil War
Vita-Ray Dutch Productions (III),84424,Captain America: Civil War
Deluxe Digital Studios,84425,Captain America: Civil War
Universal Pictures,33,Battleship
Hasbro,2598,Battleship
Bluegrass Films,13778,Battleship
Film 44,20153,Battleship
Universal Studios,13,Jurassic World
Amblin Entertainment,56,Jurassic World
Legendary Pictures,923,Jurassic World
Fuji Television Network,3341,Jurassic World
Dentsu,6452,Jurassic World
Columbia Pictures,5,Skyfall
Columbia Pictures,5,Spider-Man 2
Laura Ziskin Productions,326,Spider-Man 2
Marvel Enterprises,19551,Spider-Man 2
Marvel Studios,420,Iron Man 3
Walt Disney Pictures,2,Alice in Wonderland
Team Todd,598,Alice in Wonderland
Tim Burton Productions,8601,Alice in Wonderland
Roth Films,16314,Alice in Wonderland
"Zanuck Company, The",20004,Alice in Wonderland
Ingenious Film Partners,289,X-Men: The Last Stand
Twentieth Century Fox Film Corporation,306,X-Men: The Last Stand
Donners' Company,431,X-Men: The Last Stand
Dune Entertainment,444,X-Men: The Last Stand
Major Studio Partners,445,X-Men: The Last Stand
Bad Hat Harry Productions,9168,X-Men: The Last Stand
thinkfilm,12247,X-Men: The Last Stand
Marvel Enterprises,19551,X-Men: The Last Stand
X3 Canada Productions,79028,X-Men: The Last Stand
X3US Productions,79029,X-Men: The Last Stand
XM3 Service,79030,X-Men: The Last Stand
Walt Disney Pictures,2,Monsters University
Pixar Animation Studios,3,Monsters University
Paramount Pictures,4,Transformers: Revenge of the Fallen
DreamWorks SKG,27,Transformers: Revenge of the Fallen
Amblin Entertainment,56,Transformers: Revenge of the Fallen
Di Bonaventura Pictures,435,Transformers: Revenge of the Fallen
Platinum Dunes,2481,Transformers: Revenge of the Fallen
Hasbro Studios,22826,Transformers: Revenge of the Fallen
Revolution Sun Studios,76043,Transformers: Revenge of the Fallen
Paramount Pictures,4,Transformers: Age of Extinction
Amblin Entertainment,56,Transformers: Age of Extinction
Di Bonaventura Pictures,435,Transformers: Age of Extinction
Platinum Dunes,2481,Transformers: Age of Extinction
China Movie Channel,11413,Transformers: Age of Extinction
Hasbro Studios,22826,Transformers: Age of Extinction
Ian Bryce Productions,38833,Transformers: Age of Extinction
Revolution Sun Studios,76043,Transformers: Age of Extinction
Walt Disney Pictures,2,Oz: The Great and Powerful
Roth Films,16314,Oz: The Great and Powerful
Columbia Pictures,5,The Amazing Spider-Man 2
Marvel Enterprises,19551,The Amazing Spider-Man 2
Avi Arad Productions,31828,The Amazing Spider-Man 2
Matt Tolmach Productions,53462,The Amazing Spider-Man 2
Walt Disney Pictures,2,TRON: Legacy
LivePlanet,7161,TRON: Legacy
Prana Studios,18713,TRON: Legacy
Sean Bailey Productions,23791,TRON: Legacy
Revolution Sun Studios,76043,TRON: Legacy
Kontsept Film Company,76067,TRON: Legacy
Walt Disney Pictures,2,Cars 2
Pixar Animation Studios,3,Cars 2
De Line Pictures,2609,Green Lantern
Warner Bros.,6194,Green Lantern
DC Entertainment,9993,Green Lantern
Walt Disney Pictures,2,Toy Story 3
Pixar Animation Studios,3,Toy Story 3
Columbia Pictures,5,Terminator Salvation
The Halcyon Company,4021,Terminator Salvation
Wonderland Sound and Vision,4022,Terminator Salvation
Warner Bros.,6194,Terminator Salvation
Universal Pictures,33,Furious 7
Original Film,333,Furious 7
Fuji Television Network,3341,Furious 7
Dentsu,6452,Furious 7
One Race Films,7154,Furious 7
China Film Co.,40890,Furious 7
Québec Production Services Tax Credit,86352,Furious 7
Media Rights Capital (MRC),86655,Furious 7
Abu Dhabi Film Commission,87857,Furious 7
"Colorado Office of Film, Television & Media",87858,Furious 7
Paramount Pictures,4,World War Z
GK Films,3281,World War Z
Skydance Productions,6277,World War Z
Hemisphere Media Capital,9169,World War Z
Apparatus Productions,11956,World War Z
Latina Pictures,19108,World War Z
2DUX²,23644,World War Z
Paramount Pictures,4,Transformers: Dark of the Moon
Di Bonaventura Pictures,435,Transformers: Dark of the Moon
Indochina Productions,19751,Transformers: Dark of the Moon
Hasbro Studios,22826,Transformers: Dark of the Moon
Twentieth Century Fox Film Corporation,306,X-Men: Days of Future Past
Donners' Company,431,X-Men: Days of Future Past
Marvel Entertainment,7505,X-Men: Days of Future Past
Bad Hat Harry Productions,9168,X-Men: Days of Future Past
TSG Entertainment,22213,X-Men: Days of Future Past
Down Productions,37336,X-Men: Days of Future Past
Revolution Sun Studios,76043,X-Men: Days of Future Past
Paramount Pictures,4,Star Trek Into Darkness
Skydance Productions,6277,Star Trek Into Darkness
Bad Robot,11461,Star Trek Into Darkness
Kurtzman/Orci,12536,Star Trek Into Darkness
New Line Cinema,12,Jack the Giant Slayer
Original Film,333,Jack the Giant Slayer
Legendary Pictures,923,Jack the Giant Slayer
Warner Bros.,6194,Jack the Giant Slayer
Big Kid Pictures,8406,Jack the Giant Slayer
Bad Hat Harry Productions,9168,Jack the Giant Slayer
Village Roadshow Pictures,79,The Great Gatsby
Bazmark Films,240,The Great Gatsby
Warner Bros.,6194,The Great Gatsby
A&E Television Networks,11858,The Great Gatsby
Red Wagon Entertainment,14440,The Great Gatsby
Spectrum Films,14604,The Great Gatsby
Walt Disney Pictures,2,Prince of Persia: The Sands of Time
Jerry Bruckheimer Films,130,Prince of Persia: The Sands of Time
Legendary Pictures,923,Pacific Rim
Warner Bros.,6194,Pacific Rim
Disney Double Dare You (DDY),19750,Pacific Rim
Indochina Productions,19751,Pacific Rim
Lucasfilm,1,Indiana Jones and the Kingdom of the Crystal Skull
Paramount Pictures,4,Indiana Jones and the Kingdom of the Crystal Skull
Walt Disney Pictures,2,The Good Dinosaur
Pixar Animation Studios,3,The Good Dinosaur
Walt Disney Pictures,2,Brave
Pixar Animation Studios,3,Brave
Paramount Pictures,4,Star Trek Beyond
Bad Robot,11461,Star Trek Beyond
Perfect Storm Entertainment,34530,Star Trek Beyond
Alibaba Pictures Group,69484,Star Trek Beyond
Skydance Media,82819,Star Trek Beyond
Sneaky Shark,83644,Star Trek Beyond
Huahua Media,83645,Star Trek Beyond
Walt Disney Pictures,2,WALL·E
Pixar Animation Studios,3,WALL·E
FortyFour Studios,93408,WALL·E
New Line Cinema,12,Rush Hour 3
Columbia Pictures,5,2012
Centropolis Entertainment,347,2012
The Mark Gordon Company,1557,2012
Farewell Productions,10905,2012
Walt Disney,5888,A Christmas Carol
ImageMovers,11395,A Christmas Carol
Village Roadshow Pictures,79,Jupiter Ascending
Dune Entertainment,444,Jupiter Ascending
Anarchos Productions,450,Jupiter Ascending
Warner Bros.,6194,Jupiter Ascending
Village Roadshow Pictures,79,The Legend of Tarzan
Dark Horse Entertainment,552,The Legend of Tarzan
Jerry Weintraub Productions,2596,The Legend of Tarzan
RatPac-Dune Entertainment,41624,The Legend of Tarzan
Beagle Pug Films,46339,The Legend of Tarzan
Riche Productions,86565,The Legend of Tarzan
Village Roadshow Films North America,86566,The Legend of Tarzan
Walt Disney,5888,"The Chronicles of Narnia: The Lion, the Witch and the Wardrobe"
Walden Media,10221,"The Chronicles of Narnia: The Lion, the Witch and the Wardrobe"
Ingenious Media,290,Dawn of the Planet of the Apes
Chernin Entertainment,7076,Dawn of the Planet of the Apes
TSG Entertainment,22213,Dawn of the Planet of the Apes
Twentieth Century Fox Film Corporation,306,X-Men: Apocalypse
Donners' Company,431,X-Men: Apocalypse
Marvel Entertainment,7505,X-Men: Apocalypse
Bad Hat Harry Productions,9168,X-Men: Apocalypse
TSG Entertainment,22213,X-Men: Apocalypse
Kinberg Genre,78091,X-Men: Apocalypse
DC Comics,429,The Dark Knight
Legendary Pictures,923,The Dark Knight
Warner Bros.,6194,The Dark Knight
DC Entertainment,9993,The Dark Knight
Syncopy,9996,The Dark Knight
Pixar Animation Studios,3,Up
DreamWorks Animation,521,Monsters vs Aliens
Marvel Studios,420,Iron Man
Paramount Pictures,4,Hugo
Infinitum Nihil,2691,Hugo
GK Films,3281,Hugo
"Todman, Simon, LeMasters Productions",2507,Wild Wild West
Warner Bros.,6194,Wild Wild West
Peters Entertainment,16774,Wild Wild West
Sonnenfeld Josephson Worldwide Entertainment,57088,Wild Wild West
Universal Pictures,33,The Mummy: Tomb of the Dragon Emperor
China Film Co-Production Corporation,2269,The Mummy: Tomb of the Dragon Emperor
Relativity Media,7295,The Mummy: Tomb of the Dragon Emperor
Alphaville Films,11462,The Mummy: Tomb of the Dragon Emperor
"Sommers Company, The",19643,The Mummy: Tomb of the Dragon Emperor
DC Comics,429,Suicide Squad
Dune Entertainment,444,Suicide Squad
Atlas Entertainment,507,Suicide Squad
Warner Bros.,6194,Suicide Squad
DC Entertainment,9993,Suicide Squad
Columbia Pictures,5,Evan Almighty
Universal Pictures,33,Evan Almighty
Spyglass Entertainment,158,Evan Almighty
Shady Acres Entertainment,159,Evan Almighty
Original Film,333,Evan Almighty
Playtone,4171,Evan Almighty
Relativity Media,7295,Evan Almighty
Village Roadshow Pictures,79,Edge of Tomorrow
Warner Bros.,6194,Edge of Tomorrow
Viz Media,6687,Edge of Tomorrow
Province of British Columbia Production Services Tax Credit,12200,Edge of Tomorrow
3 Arts Entertainment,36390,Edge of Tomorrow
RatPac-Dune Entertainment,41624,Edge of Tomorrow
Universal Pictures,33,Waterworld
Gordon Company,1073,Waterworld
Davis Entertainment,1302,Waterworld
Licht/Mueller Film Corporation,6092,Waterworld
Paramount Pictures,4,G.I. Joe: The Rise of Cobra
Spyglass Entertainment,158,G.I. Joe: The Rise of Cobra
Di Bonaventura Pictures,435,G.I. Joe: The Rise of Cobra
Hasbro,2598,G.I. Joe: The Rise of Cobra
Kontsept Film Company,76067,G.I. Joe: The Rise of Cobra
Walt Disney Pictures,2,Inside Out
Pixar Animation Studios,3,Inside Out
Walt Disney Pictures,2,The Jungle Book
Walt Disney Studios Motion Pictures,3036,The Jungle Book
Fairview Entertainment,7297,The Jungle Book
Moving Picture Company (MPC),20478,The Jungle Book
Marvel Studios,420,Iron Man 2
Universal Pictures,33,Snow White and the Huntsman
Roth Films,16314,Snow White and the Huntsman
Walt Disney Pictures,2,Maleficent
Walt Disney Studios Motion Pictures,3036,Maleficent
Roth Films,16314,Maleficent
Corsan,7299,The Lovers
Bliss Media,8186,The Lovers
Limelight International Media Entertainment,8187,The Lovers
Neelmudra Entertainment,8188,The Lovers
Aristos Films,76098,The Lovers
Singularity Productions,76099,The Lovers
Wildkite,76100,The Lovers
Mid Atlantic Films,2735,47 Ronin
Stuber Productions,4403,47 Ronin
Universal,6292,47 Ronin
Moving Picture Company (MPC),20478,47 Ronin
H2F Entertainment,20851,47 Ronin
Marvel Studios,420,Captain America: The Winter Soldier
DreamWorks Animation,521,Shrek Forever After
Walt Disney Pictures,2,Tomorrowland
Babieka,20656,Tomorrowland
A113,59778,Tomorrowland
Walt Disney Pictures,2,Big Hero 6
Walt Disney Animation Studios,6125,Big Hero 6
Summit Entertainment,491,Divergent
Red Wagon Entertainment,14440,Divergent
Walt Disney Animation Studios,6125,Wreck-It Ralph
Golden Mean,1867,The Polar Express
Playtone,4171,The Polar Express
ImageMovers,11395,The Polar Express
Twentieth Century Fox Film Corporation,306,Independence Day: Resurgence
Centropolis Entertainment,347,Independence Day: Resurgence
TSG Entertainment,22213,Independence Day: Resurgence
Stereo D,86561,Independence Day: Resurgence
DreamWorks Animation,521,How to Train Your Dragon
Vertigo Entertainment,829,How to Train Your Dragon
Mad Hatter Entertainment,20154,How to Train Your Dragon
Columbia Pictures,5,Terminator 3: Rise of the Machines
Intermedia Films,763,Terminator 3: Rise of the Machines
Warner Bros.,6194,Terminator 3: Rise of the Machines
C-2 Pictures,7340,Terminator 3: Rise of the Machines
IMF Internationale Medien und Film GmbH & Co. 3. Produktions KG,19116,Terminator 3: Rise of the Machines
Mostow/Lieberman Productions,23636,Terminator 3: Rise of the Machines
Marvel Studios,420,Guardians of the Galaxy
Moving Picture Company (MPC),20478,Guardians of the Galaxy
Bulletproof Cupid,54850,Guardians of the Galaxy
Revolution Sun Studios,76043,Guardians of the Galaxy
Paramount Pictures,4,Interstellar
Legendary Pictures,923,Interstellar
Warner Bros.,6194,Interstellar
Syncopy,9996,Interstellar
Lynda Obst Productions,13769,Interstellar
Columbia Pictures,5,Daddy Day Care
Revolution Studios,497,Daddy Day Care
Davis Entertainment,1302,Daddy Day Care
Legendary Pictures,923,Inception
Warner Bros.,6194,Inception
Syncopy,9996,Inception
Cine Bazar,5896,Shin Godzilla
Toho Pictures,49301,Shin Godzilla
WingNut Films,11,The Hobbit: An Unexpected Journey
New Line Cinema,12,The Hobbit: An Unexpected Journey
Warner Bros. Pictures,174,The Hobbit: An Unexpected Journey
Metro-Goldwyn-Mayer (MGM),8411,The Hobbit: An Unexpected Journey
Universal Pictures,33,The Fast and the Furious
Original Film,333,The Fast and the Furious
Ardustry Entertainment,26281,The Fast and the Furious
Mediastream Film GmbH & Co. Productions KG,26282,The Fast and the Furious
Paramount Pictures,4,The Curious Case of Benjamin Button
Warner Bros.,6194,The Curious Case of Benjamin Button
"Kennedy/Marshall Company, The",7383,The Curious Case of Benjamin Button
Ingenious Film Partners,289,X-Men: First Class
Ingenious Media,290,X-Men: First Class
Twentieth Century Fox Film Corporation,306,X-Men: First Class
Donners' Company,431,X-Men: First Class
Dune Entertainment,444,X-Men: First Class
Dune Entertainment III,6332,X-Men: First Class
Marvel Entertainment,7505,X-Men: First Class
Bad Hat Harry Productions,9168,X-Men: First Class
Big Screen Productions,10893,X-Men: First Class
Walt Disney Pictures,2,Frozen
Walt Disney Animation Studios,6125,Frozen
Studio Babelsberg,264,The Hunger Games: Mockingjay - Part 2
Lionsgate,1632,The Hunger Games: Mockingjay - Part 2
Color Force,5420,The Hunger Games: Mockingjay - Part 2
Walt Disney Pictures,2,The Sorcerer's Apprentice
Jerry Bruckheimer Films,130,The Sorcerer's Apprentice
Saturn Films,831,The Sorcerer's Apprentice
Broken Road Productions,8000,The Sorcerer's Apprentice
Junction Entertainment,19097,The Sorcerer's Apprentice
Virtual Studios,449,Poseidon
Next Entertainment,1633,Poseidon
Warner Bros.,6194,Poseidon
Irwin Allen Productions,14024,Poseidon
Radiant Productions,18990,Poseidon
Synthesis Entertainment,19943,Poseidon
Walt Disney Pictures,2,Alice Through the Looking Glass
Team Todd,598,Alice Through the Looking Glass
Tim Burton Productions,8601,Alice Through the Looking Glass
Roth Films,16314,Alice Through the Looking Glass
Legend3D,37455,Alice Through the Looking Glass
DreamWorks SKG,27,Shrek the Third
DreamWorks Animation,521,Shrek the Third
Universal Pictures,33,Warcraft
Atlas Entertainment,507,Warcraft
Legendary Pictures,923,Warcraft
Blizzard Entertainment,16028,Warcraft
Paramount Pictures,4,Terminator Genisys
Annapurna Pictures,13184,Terminator Genisys
Skydance Media,82819,Terminator Genisys
Dune Entertainment,444,The Chronicles of Narnia: The Voyage of the Dawn Treader
Fox 2000 Pictures,711,The Chronicles of Narnia: The Voyage of the Dawn Treader
Walden Media,10221,The Chronicles of Narnia: The Voyage of the Dawn Treader
Jerry Bruckheimer Films,130,Pearl Harbor
Touchstone Pictures,9195,Pearl Harbor
Paramount Pictures,4,Transformers
DreamWorks SKG,27,Transformers
Amblin Entertainment,56,Transformers
Di Bonaventura Pictures,435,Transformers
Platinum Dunes,2481,Transformers
thinkfilm,12247,Transformers
SprocketHeads,20011,Transformers
Hasbro Studios,22826,Transformers
Revolution Sun Studios,76043,Transformers
France 3 Cinéma,591,Alexander
Intermedia Films,763,Alexander
Pathé Renn Productions,866,Alexander
Egmond Film & Television,4588,Alexander
Warner Bros.,6194,Alexander
Pacifica Film,10926,Alexander
IMF Internationale Medien und Film GmbH & Co. 3. Produktions KG,19116,Alexander
WR Universal Group,54997,Alexander
DC Comics,429,Batman Begins
Legendary Pictures,923,Batman Begins
Warner Bros.,6194,Batman Begins
DC Entertainment,9993,Batman Begins
Syncopy,9996,Batman Begins
Patalex III Productions Limited,19231,Batman Begins
Warner Bros.,6194,Harry Potter and the Order of the Phoenix
Heyday Films,7364,Harry Potter and the Order of the Phoenix
Patalex IV Productions Limited,462,Harry Potter and the Goblet of Fire
Warner Bros.,6194,Harry Potter and the Goblet of Fire
Heyday Films,7364,Harry Potter and the Goblet of Fire
Columbia Pictures,5,Hancock
Weed Road Pictures,433,Hancock
Forward Pass,675,Hancock
Relativity Media,7295,Hancock
Overbrook Entertainment,12485,Hancock
Blue Light,28064,Hancock
GH Three,41756,Hancock
Village Roadshow Pictures,79,I Am Legend
Original Film,333,I Am Legend
Weed Road Pictures,433,I Am Legend
Warner Bros.,6194,I Am Legend
Heyday Films,7364,I Am Legend
Overbrook Entertainment,12485,I Am Legend
Village Roadshow Pictures,79,Charlie and the Chocolate Factory
The Zanuck Company,80,Charlie and the Chocolate Factory
Warner Bros.,6194,Charlie and the Chocolate Factory
Tim Burton Productions,8601,Charlie and the Chocolate Factory
Plan B Entertainment,45778,Charlie and the Chocolate Factory
Theobald Film Productions,55512,Charlie and the Chocolate Factory
Walt Disney Pictures,2,Ratatouille
Pixar Animation Studios,3,Ratatouille
DreamWorks Animation,521,Madagascar: Escape 2 Africa
Twentieth Century Fox Film Corporation,306,Night at the Museum: Battle of the Smithsonian
1492 Pictures,436,Night at the Museum: Battle of the Smithsonian
Dune Entertainment,444,Night at the Museum: Battle of the Smithsonian
21 Laps Entertainment,2575,Night at the Museum: Battle of the Smithsonian
Museum Canada Productions,10224,Night at the Museum: Battle of the Smithsonian
Moving Picture Company (MPC),20478,Night at the Museum: Battle of the Smithsonian
Ingenious Film Partners,289,X-Men Origins: Wolverine
Twentieth Century Fox Film Corporation,306,X-Men Origins: Wolverine
Donners' Company,431,X-Men Origins: Wolverine
Dune Entertainment,444,X-Men Origins: Wolverine
Seed Productions,9076,X-Men Origins: Wolverine
Bad Hat Harry Productions,9168,X-Men Origins: Wolverine
Big Screen Productions,10893,X-Men Origins: Wolverine
Marvel Enterprises,19551,X-Men Origins: Wolverine
Village Roadshow Pictures,79,The Matrix Revolutions
NPV Entertainment,172,The Matrix Revolutions
Silver Pictures,1885,The Matrix Revolutions
Warner Bros.,6194,The Matrix Revolutions
Laika Entertainment,11537,The Boxtrolls
Village Roadshow Pictures,79,The Matrix Reloaded
NPV Entertainment,172,The Matrix Reloaded
Heineken Branded Entertainment,375,The Matrix Reloaded
Silver Pictures,1885,The Matrix Reloaded
Warner Bros.,6194,The Matrix Reloaded
Marvel Studios,420,Thor: The Dark World
Village Roadshow Pictures,79,Mad Max: Fury Road
Kennedy Miller Productions,2537,Mad Max: Fury Road
Warner Bros.,6194,Mad Max: Fury Road
Columbia Pictures,5,Angels & Demons
Imagine Entertainment,23,Angels & Demons
Panorama Films,5561,Angels & Demons
Skylark Productions,8253,Angels & Demons
Marvel Studios,420,Thor
Walt Disney Animation Studios,6125,Bolt
Twentieth Century Fox Film Corporation,306,Kung Fu Panda 3
DreamWorks Animation,521,Kung Fu Panda 3
China Film Co.,40890,Kung Fu Panda 3
Oriental DreamWorks,76266,Kung Fu Panda 3
Walt Disney Pictures,2,G-Force
Jerry Bruckheimer Films,130,G-Force
Whamaphram Productions,3639,G-Force
Legendary Pictures,923,Wrath of the Titans
Thunder Road Pictures,3528,Wrath of the Titans
Warner Bros.,6194,Wrath of the Titans
Cott Productions,24175,Wrath of the Titans
"Furia de Titanes II, A.I.E.",24176,Wrath of the Titans
Village Roadshow Pictures,79,Dark Shadows
Infinitum Nihil,2691,Dark Shadows
GK Films,3281,Dark Shadows
Warner Bros.,6194,Dark Shadows
Tim Burton Productions,8601,Dark Shadows
Dan Curtis Productions,9228,Dark Shadows
"Zanuck Company, The",20004,Dark Shadows
Paramount Pictures,4,Mission: Impossible - Rogue Nation
Skydance Productions,6277,Mission: Impossible - Rogue Nation
China Movie Channel,11413,Mission: Impossible - Rogue Nation
Bad Robot,11461,Mission: Impossible - Rogue Nation
TC Productions,21777,Mission: Impossible - Rogue Nation
Alibaba Pictures Group,69484,Mission: Impossible - Rogue Nation
Odin,69485,Mission: Impossible - Rogue Nation
Universal Pictures,33,The Wolfman
Stuber Productions,4403,The Wolfman
Relativity Media,7295,The Wolfman
DreamWorks Animation,521,How to Train Your Dragon 2
Mad Hatter Entertainment,20154,How to Train Your Dragon 2
Pacific Data Images (PDI),520,Bee Movie
DreamWorks Animation,521,Bee Movie
Columbus 81 Productions,1903,Bee Movie
DreamWorks Animation,521,Kung Fu Panda 2
Paramount Pictures,4,The Last Airbender
Nickelodeon Movies,2348,The Last Airbender
"Kennedy/Marshall Company, The",7383,The Last Airbender
Industrial Light & Magic (ILM),8805,The Last Airbender
Blinding Edge Pictures,12236,The Last Airbender
Paramount Pictures,4,Mission: Impossible III
Cruise/Wagner Productions,44,Mission: Impossible III
Studio Babelsberg,264,Mission: Impossible III
MI 3 Film,658,Mission: Impossible III
China Film Co-Production Corporation,2269,Mission: Impossible III
China Film Group Corporation (CFGC),14714,Mission: Impossible III
The Fourth Production Company Film Group,22102,Mission: Impossible III
Columbia Pictures,5,White House Down
Centropolis Entertainment,347,White House Down
Iron Horse Entertainment (II),34981,White House Down
Mythology Entertainment (II),34982,White House Down
Walt Disney Animation Studios,6125,Mars Needs Moms
Aardman Animations,297,Flushed Away
DreamWorks Animation,521,Flushed Away
Warner Bros.,6194,Pan
Moving Picture Company (MPC),20478,Pan
Berlanti Productions,27711,Pan
RatPac-Dune Entertainment,41624,Pan
Pacific Data Images (PDI),520,Mr. Peabody & Sherman
DreamWorks Animation,521,Mr. Peabody & Sherman
Classic Media Productions,73951,Mr. Peabody & Sherman
Bullwinkle Studios,73952,Mr. Peabody & Sherman
Plan B Entertainment,81,Troy
Warner Bros.,6194,Troy
Nimar Studios,7636,Troy
Radiant Productions,18990,Troy
Helena Productions,19107,Troy
Latina Pictures,19108,Troy
Paramount Pictures,4,Mission: Impossible - Ghost Protocol
Skydance Productions,6277,Mission: Impossible - Ghost Protocol
Bad Robot,11461,Mission: Impossible - Ghost Protocol
TC Productions,21777,Mission: Impossible - Ghost Protocol
Revolution Sun Studios,76043,Mission: Impossible - Ghost Protocol
Kontsept Film Company,76067,Mission: Impossible - Ghost Protocol
DreamWorks Animation,521,Madagascar 3: Europe's Most Wanted
Eon Productions,7576,Die Another Day
Columbia Pictures,5,Ghostbusters
Village Roadshow Pictures,79,Ghostbusters
"Montecito Picture Company, The",4607,Ghostbusters
LStar Capital,34034,Ghostbusters
Feigco Entertainment,61791,Ghostbusters
Pascal Pictures,84041,Ghostbusters
Ghostcorps,84042,Ghostbusters
Jerry Bruckheimer Films,130,Armageddon
Touchstone Pictures,9195,Armageddon
Valhalla Motion Pictures,11533,Armageddon
Columbia Pictures,5,Men in Black II
Amblin Entertainment,56,Men in Black II
Columbia Pictures Corporation,441,Men in Black II
Parkes+MacDonald Image Nation,49325,Men in Black II
Paramount Pictures,4,Beowulf
Shangri-La Entertainment,2265,Beowulf
ImageMovers,11395,Beowulf
Paramount Animation,24955,Beowulf
DreamWorks Animation,521,Rise of the Guardians
Imagine Entertainment,23,Fun with Dick and Jane
Columbia Pictures Corporation,441,Fun with Dick and Jane
JC 23 Entertainment,76714,Fun with Dick and Jane
Cruise/Wagner Productions,44,The Last Samurai
Warner Bros.,6194,The Last Samurai
Radar Pictures,14718,The Last Samurai
"Bedford Falls Company, The",20634,The Last Samurai
Scott Free Productions,1645,Exodus: Gods and Kings
Chernin Entertainment,7076,Exodus: Gods and Kings
Babieka,20656,Exodus: Gods and Kings
Volcano Films,52184,Exodus: Gods and Kings
Paramount Pictures,4,Star Trek
Spyglass Entertainment,158,Star Trek
Bad Robot,11461,Star Trek
MavroCine Pictures GmbH & Co. KG,23419,Star Trek
Columbia Pictures,5,Spider-Man
Marvel Enterprises,19551,Spider-Man
Summit Entertainment,491,Gods of Egypt
Mystery Clock Cinema,908,Gods of Egypt
Thunder Road Pictures,3528,Gods of Egypt
TIK Films,72441,Gods of Egypt
Pyramania,88715,Gods of Egypt
Laura Ziskin Productions,326,Stealth
Original Film,333,Stealth
Columbia Pictures Corporation,441,Stealth
Phoenix Pictures,11317,Stealth
AFG Talons Productions,19523,Stealth
Paramount Pictures,4,Watchmen
DC Comics,429,Watchmen
Lawrence Gordon Productions,840,Watchmen
Legendary Pictures,923,Watchmen
Warner Bros.,6194,Watchmen
Cruel and Unusual Films,78685,Watchmen
Silver Pictures,1885,Lethal Weapon 4
Donner/Shuler-Donner Productions,5739,Lethal Weapon 4
Warner Bros.,6194,Lethal Weapon 4
Universal Pictures,33,Hulk
Good Machine,10565,Hulk
Valhalla Motion Pictures,11533,Hulk
Marvel Enterprises,19551,Hulk
Paramount Pictures,4,G.I. Joe: Retaliation
Di Bonaventura Pictures,435,G.I. Joe: Retaliation
Hasbro,2598,G.I. Joe: Retaliation
Skydance Productions,6277,G.I. Joe: Retaliation
Metro-Goldwyn-Mayer (MGM),8411,G.I. Joe: Retaliation
Saints LA,19719,G.I. Joe: Retaliation
Paramount Pictures,4,Sahara
Bristol Bay Productions,2233,Sahara
Baldwin Entertainment Group,2234,Sahara
Desertlands Entertainment,2235,Sahara
Mace Neufeld Productions,2767,Sahara
Kanzaman,4169,Sahara
J.K. Livin Productions,12124,Sahara
Moguletta,12125,Sahara
Sahara Productions,12126,Sahara
Babelsberg Film,19481,Sahara
Metro-Goldwyn-Mayer (MGM),8411,Walking Tall
Mandeville Films,10227,Walking Tall
WWE Studios,10339,Walking Tall
Hyde Park Entertainment,13816,Walking Tall
Burke/Samples/Foster Productions,23938,Walking Tall
Cub Eight Productions,23940,Walking Tall
Columbia Pictures,5,Final Fantasy: The Spirits Within
Square USA,4164,Final Fantasy: The Spirits Within
Chris Lee Productions,20033,Final Fantasy: The Spirits Within
Marvel Studios,420,Captain America: The First Avenger
Eon Productions,7576,The World Is Not Enough
Metro-Goldwyn-Mayer (MGM),8411,The World Is Not Enough
Universal Pictures,33,Master and Commander: The Far Side of the World
Twentieth Century Fox Film Corporation,306,Master and Commander: The Far Side of the World
Samuel Goldwyn Films,9118,Master and Commander: The Far Side of the World
Miramax,53009,Master and Commander: The Far Side of the World
Summit Entertainment,491,The Twilight Saga: Breaking Dawn - Part 2
Sunswept Entertainment,5219,The Twilight Saga: Breaking Dawn - Part 2
Temple Hill Entertainment,12292,The Twilight Saga: Breaking Dawn - Part 2
Village Roadshow Pictures,79,Happy Feet Two
Warner Bros.,6194,Happy Feet Two
Dr D Studios,28381,Happy Feet Two
Kennedy Miller Mitchell,28382,Happy Feet Two
Universal Pictures,33,The Incredible Hulk
Marvel Studios,420,The Incredible Hulk
Valhalla Motion Pictures,11533,The Incredible Hulk
MVL Incredible Productions,25121,The Incredible Hulk
Walt Disney Pictures,2,The BFG
Amblin Entertainment,56,The BFG
Reliance Entertainment,7294,The BFG
"Kennedy/Marshall Company, The",7383,The BFG
Walden Media,10221,The BFG
Regency Enterprises,508,The Revenant
Appian Way,562,The Revenant
CatchPlay,8870,The Revenant
Anonymous Content,10039,The Revenant
New Regency Pictures,10104,The Revenant
Hong Kong Alpha Motion Pictures Co.,13796,The Revenant
RatPac Entertainment,28732,The Revenant
M Productions,52660,The Revenant
Monarchy Enterprises S.a.r.l.,77845,The Revenant
DreamWorks Animation,521,Turbo
Paramount Pictures,4,Rango
Nickelodeon Movies,2348,Rango
GK Films,3281,Rango
Blind Wink,10262,Rango
Paramount Animation,24955,Rango
DreamWorks Animation,521,Penguins of Madagascar
Universal Pictures,33,The Bourne Ultimatum
The Kennedy/Marshall Company,862,The Bourne Ultimatum
Ludlum Entertainment,11347,The Bourne Ultimatum
Motion Picture BETA Produktionsgesellschaft,11348,The Bourne Ultimatum
Bourne Again,11349,The Bourne Ultimatum
DreamWorks Animation,521,Kung Fu Panda
Marvel Studios,420,Ant-Man
Lionsgate,1632,The Hunger Games: Catching Fire
Color Force,5420,The Hunger Games: Catching Fire
Twentieth Century Fox Film Corporation,306,Home
DreamWorks Animation,521,Home
Paramount Pictures,4,War of the Worlds
DreamWorks SKG,27,War of the Worlds
Cruise/Wagner Productions,44,War of the Worlds
Amblin Entertainment,56,War of the Worlds
Columbia Pictures Corporation,441,Bad Boys II
Don Simpson/Jerry Bruckheimer Films,10288,Bad Boys II
Columbia Pictures,5,After Earth
Blinding Edge Pictures,12236,After Earth
Overbrook Entertainment,12485,After Earth
DreamWorks,7,Puss in Boots
Columbia Pictures,5,Salt
Di Bonaventura Pictures,435,Salt
Relativity Media,7295,Salt
Wintergreen Productions,11845,Salt
Paramount Pictures,4,Noah
Regency Enterprises,508,Noah
Protozoa Pictures,7503,Noah
Disruption Entertainment,10256,Noah
Paramount Pictures,4,The Adventures of Tintin
Columbia Pictures,5,The Adventures of Tintin
WingNut Films,11,The Adventures of Tintin
Amblin Entertainment,56,The Adventures of Tintin
Nickelodeon Movies,2348,The Adventures of Tintin
"Kennedy/Marshall Company, The",7383,The Adventures of Tintin
Hemisphere Media Capital,9169,The Adventures of Tintin
1492 Pictures,436,Harry Potter and the Prisoner of Azkaban
Heyday films,437,Harry Potter and the Prisoner of Azkaban
Warner Bros.,6194,Harry Potter and the Prisoner of Azkaban
Bazmark Films,240,Australia
Ingenious Film Partners,289,Australia
Twentieth Century Fox Film Corporation,306,Australia
Dune Entertainment III,6332,Australia
ScreenWest,7888,Australia
Walt Disney Pictures,2,Dinosaur
Walt Disney Feature Animation,10217,Dinosaur
Twentieth Century Fox Film Corporation,306,Night at the Museum: Secret of the Tomb
1492 Pictures,436,Night at the Museum: Secret of the Tomb
21 Laps Entertainment,2575,Night at the Museum: Secret of the Tomb
Moving Picture Company (MPC),20478,Night at the Museum: Secret of the Tomb
TSG Entertainment,22213,Night at the Museum: Secret of the Tomb
DreamWorks Animation,521,Megamind
1492 Pictures,436,Harry Potter and the Philosopher's Stone
Warner Bros.,6194,Harry Potter and the Philosopher's Stone
Heyday Films,7364,Harry Potter and the Philosopher's Stone
Universal Pictures,33,R.I.P.D.
Original Film,333,R.I.P.D.
Dark Horse Entertainment,552,R.I.P.D.
Walt Disney Pictures,2,Pirates of the Caribbean: The Curse of the Black Pearl
Jerry Bruckheimer Films,130,Pirates of the Caribbean: The Curse of the Black Pearl
Lionsgate,1632,The Hunger Games: Mockingjay - Part 1
Color Force,5420,The Hunger Games: Mockingjay - Part 1
Columbia Pictures,5,The Da Vinci Code
Imagine Entertainment,23,The Da Vinci Code
Skylark Productions,8253,The Da Vinci Code
Government of Malta,19927,The Da Vinci Code
Blue Sky Studios,9383,Rio 2
Twentieth Century Fox Animation,11749,Rio 2
Twentieth Century Fox Film Corporation,306,X2
Donners' Company,431,X2
Bad Hat Harry Productions,9168,X2
Marvel Enterprises,19551,X2
XM2 Productions,79026,X2
XF2 Canada Productions,79027,X2
Universal Pictures,33,Fast Five
Original Film,333,Fast Five
One Race Productions,1225,Fast Five
Village Roadshow Pictures,79,Sherlock Holmes: A Game of Shadows
Silver Pictures,1885,Sherlock Holmes: A Game of Shadows
Lin Pictures,2723,Sherlock Holmes: A Game of Shadows
Warner Bros.,6194,Sherlock Holmes: A Game of Shadows
Wigram Productions,23202,Sherlock Holmes: A Game of Shadows
The Zanuck Company,80,Clash of the Titans
Legendary Pictures,923,Clash of the Titans
Thunder Road Pictures,3528,Clash of the Titans
Warner Bros.,6194,Clash of the Titans
Moving Picture Company (MPC),20478,Clash of the Titans
TriStar Pictures,559,Total Recall
Carolco Pictures,14723,Total Recall
Carolco International N.V.,80461,Total Recall
Touchstone Pictures,9195,The 13th Warrior
Universal Pictures,33,The Bourne Legacy
Dentsu,6452,The Bourne Legacy
Relativity Media,7295,The Bourne Legacy
"Kennedy/Marshall Company, The",7383,The Bourne Legacy
Captivate Entertainment,25716,The Bourne Legacy
PolyGram Filmed Entertainment,1382,Batman & Robin
Warner Bros.,6194,Batman & Robin
Imagine Entertainment,23,How the Grinch Stole Christmas
Universal Pictures,33,How the Grinch Stole Christmas
Lions Gate Films,35,The Day After Tomorrow
Twentieth Century Fox Film Corporation,306,The Day After Tomorrow
Centropolis Entertainment,347,The Day After Tomorrow
Mark Gordon Productions,11362,The Day After Tomorrow
Mel's Cite du Cinema,54502,The Day After Tomorrow
Paramount Pictures,4,Mission: Impossible II
Cruise/Wagner Productions,44,Mission: Impossible II
Munich Film Partners & Company (MFP) MI2 Productions,51199,Mission: Impossible II
Warner Bros.,6194,The Perfect Storm
Baltimore Spring Creek Productions,16061,The Perfect Storm
Radiant Productions,18990,The Perfect Storm
Ingenious Film Partners,289,Fantastic 4: Rise of the Silver Surfer
Twentieth Century Fox Film Corporation,306,Fantastic 4: Rise of the Silver Surfer
1492 Pictures,436,Fantastic 4: Rise of the Silver Surfer
Dune Entertainment,444,Fantastic 4: Rise of the Silver Surfer
Constantin Film Produktion,5755,Fantastic 4: Rise of the Silver Surfer
Bernd Eichinger Productions,10881,Fantastic 4: Rise of the Silver Surfer
Marvel Enterprises,19551,Fantastic 4: Rise of the Silver Surfer
Ingenious Film Partners,289,Life of Pi
Ingenious Media,290,Life of Pi
Dune Entertainment,444,Life of Pi
Fox 2000 Pictures,711,Life of Pi
Big Screen Productions,10893,Life of Pi
Haishang Films,13480,Life of Pi
Columbia Pictures Corporation,441,Ghost Rider
Relativity Media,7295,Ghost Rider
Michael De Luca Productions,11370,Ghost Rider
Marvel Enterprises,19551,Ghost Rider
Crystal Sky Pictures,20241,Ghost Rider
GH One,20475,Ghost Rider
Vengeance Productions Pty. Ltd.,20476,Ghost Rider
The Kennedy/Marshall Company,862,Jason Bourne
Captivate Entertainment,25716,Jason Bourne
Pearl Street Films,29313,Jason Bourne
Double Negative,31922,Jason Bourne
Perfect World (Beijing) Pictures Co.,83871,Jason Bourne
Columbia Pictures,5,Charlie's Angels: Full Throttle
Wonderland Sound and Vision,4022,Charlie's Angels: Full Throttle
Tall Trees Productions,10239,Charlie's Angels: Full Throttle
Flower Films (II),19813,Charlie's Angels: Full Throttle
Twentieth Century Fox Film Corporation,306,Prometheus
Dune Entertainment,444,Prometheus
Scott Free Productions,1645,Prometheus
Brandywine Productions,19747,Prometheus
Columbia Pictures,5,Stuart Little 2
Sony Pictures Entertainment,5752,Stuart Little 2
TriStar Pictures,559,Elysium
Media Rights Capital,2531,Elysium
Sony Pictures Entertainment (SPE),7431,Elysium
QED International,11029,Elysium
Alpha Core,18209,Elysium
Genre Films,28788,Elysium
Simon Kinberg Productions,31076,Elysium
One Race Films,7154,The Chronicles of Riddick
Radar Pictures,14718,The Chronicles of Riddick
Columbia Pictures,5,RoboCop
Strike Entertainment,655,RoboCop
Metro-Goldwyn-Mayer (MGM),8411,RoboCop
Lucasfilm,1,Star Wars: Episode II - Attack of the Clones
Village Roadshow Pictures,79,Speed Racer
Studio Babelsberg,264,Speed Racer
Anarchos Productions,450,Speed Racer
Silver Pictures,1885,Speed Racer
Warner Bros.,6194,Speed Racer
Velocity Productions,12170,Speed Racer
Columbia Pictures,5,How Do You Know
Gracie Films,18,How Do You Know
Road Rebel,2648,How Do You Know
Tree Line Films,84,Knight and Day
Twentieth Century Fox Film Corporation,306,Knight and Day
Dune Entertainment,444,Knight and Day
Regency Enterprises,508,Knight and Day
Pink Machine,21845,Knight and Day
Universal Pictures,33,Oblivion
Chernin Entertainment,7076,Oblivion
Relativity Media,7295,Oblivion
Monolith Pictures (III),19647,Oblivion
Radical Studios,19648,Oblivion
Lucasfilm,1,Star Wars: Episode III - Revenge of the Sith
Walt Disney Pictures,2,"Monsters, Inc."
Pixar Animation Studios,3,"Monsters, Inc."
Twentieth Century Fox Film Corporation,306,The Wolverine
Donners' Company,431,The Wolverine
Marvel Entertainment,7505,The Wolverine
Bad Hat Harry Productions,9168,The Wolverine
Big Screen Productions,10893,The Wolverine
TSG Entertainment,22213,The Wolverine
Lucasfilm,1,Star Wars: Episode I - The Phantom Menace
DreamWorks Animation,521,The Croods
Constantin Film,47,Asterix at the Olympic Games
TF1 Films Productions,356,Asterix at the Olympic Games
Pathé Renn Productions,866,Asterix at the Olympic Games
La Petite Reine,1992,Asterix at the Olympic Games
Tri Pictures,1994,Asterix at the Olympic Games
Sorolla Films,1995,Asterix at the Olympic Games
Novo RPI,1996,Asterix at the Olympic Games
Canal+,5358,Asterix at the Olympic Games
uFilm,8676,Asterix at the Olympic Games
Canal+ España,9335,Asterix at the Olympic Games
Le Tax Shelter du Gouvernement Fédéral de Belgique,11921,Asterix at the Olympic Games
Les Editions Albert René,20409,Asterix at the Olympic Games
Lion Rock Productions,2812,Windtalkers
Metro-Goldwyn-Mayer (MGM),8411,Windtalkers
Summit Entertainment,491,Ender's Game
Chartoff Productions,3200,Ender's Game
Odd Lot Entertainment,3263,Ender's Game
K/O Paper Products,7296,Ender's Game
Digital Domain,31825,Ender's Game
Taleswapper,31826,Ender's Game
Universal Pictures,33,The Huntsman: Winter's War
Perfect World Pictures,10338,The Huntsman: Winter's War
Roth Films,16314,The Huntsman: Winter's War
Paramount Pictures,4,Teenage Mutant Ninja Turtles
Nickelodeon Movies,2348,Teenage Mutant Ninja Turtles
Platinum Dunes,2481,Teenage Mutant Ninja Turtles
Warner Bros.,6194,Gravity
Heyday Films,7364,Gravity
Esperanto Filmoj,7470,Gravity
Universal Pictures,33,Dante's Peak
Pacific Western,1280,Dante's Peak
Paramount Pictures,4,Teenage Mutant Ninja Turtles: Out of the Shadows
Nickelodeon Movies,2348,Teenage Mutant Ninja Turtles: Out of the Shadows
Platinum Dunes,2481,Teenage Mutant Ninja Turtles: Out of the Shadows
5150 Action,47354,Teenage Mutant Ninja Turtles: Out of the Shadows
Gama Entertainment Partners,77208,Teenage Mutant Ninja Turtles: Out of the Shadows
David Foster Productions,496,Collateral Damage
Bel Air Entertainment,788,Collateral Damage
Warner Bros.,6194,Collateral Damage
Hacienda Productions,43717,Collateral Damage
Twentieth Century Fox Film Corporation,306,Fantastic Four
Marv Films,5374,Fantastic Four
Marvel Entertainment,7505,Fantastic Four
Constantin Film.,9078,Fantastic Four
Moving Picture Company (MPC),20478,Fantastic Four
TSG Entertainment,22213,Fantastic Four
Genre Films,28788,Fantastic Four
Ingenious Film Partners,289,Night at the Museum
Twentieth Century Fox Film Corporation,306,Night at the Museum
1492 Pictures,436,Night at the Museum
21 Laps Entertainment,2575,Night at the Museum
New Line Cinema,12,San Andreas
Village Roadshow Pictures,79,San Andreas
Warner Bros.,6194,San Andreas
Flynn Picture Company,34081,San Andreas
Eon Productions,7576,Tomorrow Never Dies
Centropolis Entertainment,347,The Patriot
Columbia Pictures Corporation,441,The Patriot
Mutual Film Company,762,The Patriot
Global Entertainment Productions GmbH & Company Medien KG,9269,The Patriot
Village Roadshow Pictures,79,Ocean's Twelve
Section Eight,129,Ocean's Twelve
Jerry Weintraub Productions,2596,Ocean's Twelve
Warner Bros.,6194,Ocean's Twelve
WV Films III,12202,Ocean's Twelve
Columbia Pictures,5,Goosebumps
Village Roadshow Pictures,79,Goosebumps
Original Film,333,Goosebumps
Sony Pictures Animation,2251,Goosebumps
Sony Pictures Entertainment (SPE),7431,Goosebumps
Scholastic Entertainment,30246,Goosebumps
LStar Capital,34034,Goosebumps
Weed Road Pictures,433,Mr. & Mrs. Smith
Summit Entertainment,491,Mr. & Mrs. Smith
Regency Enterprises,508,Mr. & Mrs. Smith
Epsilon Motion Pictures,1171,Mr. & Mrs. Smith
New Regency Pictures,10104,Mr. & Mrs. Smith
Summit Entertainment,491,Insurgent
Mandeville Films,10227,Insurgent
Red Wagon Entertainment,14440,Insurgent
NeoReel,24097,Insurgent
Miramax Films,14,The Aviator
Appian Way,562,The Aviator
Forward Pass,675,The Aviator
Cappa Productions,691,The Aviator
Warner Bros.,6194,The Aviator
Initial Entertainment Group (IEG),7380,The Aviator
IMF Internationale Medien und Film GmbH & Co. 3. Produktions KG,19116,The Aviator
Mel's Cite du Cinema,54502,The Aviator
Twentieth Century Fox Film Corporation,306,Gulliver's Travels
Dune Entertainment,444,Gulliver's Travels
Davis Entertainment,1302,Gulliver's Travels
Dune Entertainment III,6332,Gulliver's Travels
Original Film,333,The Green Hornet
Sony Pictures Entertainment,5752,The Green Hornet
Reliance BIG Entertainment,6733,The Green Hornet
Legendary Pictures,923,300: Rise of an Empire
Hollywood Gang Productions,2994,300: Rise of an Empire
Atmosphere Entertainment MM,2995,300: Rise of an Empire
Warner Bros.,6194,300: Rise of an Empire
Nimar Studios,7636,300: Rise of an Empire
Cruel and Unusual Films,78685,300: Rise of an Empire
Columbia Pictures,5,The Smurfs
Sony Pictures Animation,2251,The Smurfs
Kerner Entertainment Company,7311,The Smurfs
Walt Disney Pictures,2,Home on the Range
Summit Entertainment,491,Allegiant
Lionsgate,1632,Allegiant
Mandeville Films,10227,Allegiant
Red Wagon Entertainment,14440,Allegiant
DreamWorks SKG,27,Real Steel
21 Laps Entertainment,2575,Real Steel
Reliance Entertainment,7294,Real Steel
Touchstone Pictures,9195,Real Steel
ImageMovers,11395,Real Steel
Angry Films,12087,Real Steel
Revolution Sun Studios,76043,Real Steel
Kontsept Film Company,76067,Real Steel
Wardour Street Pictures,76069,Real Steel
Columbia Pictures,5,The Smurfs 2
Sony Pictures Animation,2251,The Smurfs 2
Kerner Entertainment Company,7311,The Smurfs 2
Hemisphere Media Capital,9169,The Smurfs 2
NeoReel,24097,The Smurfs 2
Twentieth Century Fox Film Corporation,306,Speed 2: Cruise Control
Blue Tulip Productions,35304,Speed 2: Cruise Control
Lakeshore Entertainment,126,The Lincoln Lawyer
Sidney Kimmel Entertainment,737,The Lincoln Lawyer
Lionsgate,1632,The Lincoln Lawyer
Ingenious Film Partners,289,Live Free or Die Hard
Twentieth Century Fox Film Corporation,306,Live Free or Die Hard
Dune Entertainment,444,Live Free or Die Hard
Cheyenne Enterprises,890,Live Free or Die Hard
Wintergreen Productions,11845,Live Free or Die Hard
WingNut Films,11,The Lord of the Rings: The Fellowship of the Ring
New Line Cinema,12,The Lord of the Rings: The Fellowship of the Ring
The Saul Zaentz Company,5237,The Lord of the Rings: The Fellowship of the Ring
Studio Babelsberg,264,Around the World in 80 Days
Walden Media,10221,Around the World in 80 Days
Babelsberg Film,19481,Around the World in 80 Days
Mostow/Lieberman Productions,23636,Around the World in 80 Days
80 Days Productions,53413,Around the World in 80 Days
Spanknyce Films,53414,Around the World in 80 Days
Fitzwilliam Productions,53416,Around the World in 80 Days
Columbia Pictures Corporation,441,Ali
Imagine Entertainment,23,The Cat in the Hat
DreamWorks SKG,27,The Cat in the Hat
Universal Pictures,33,The Cat in the Hat
Twentieth Century Fox Film Corporation,306,"I, Robot"
Laurence Mark Productions,415,"I, Robot"
Davis Entertainment,1302,"I, Robot"
Overbrook Entertainment,12485,"I, Robot"
Mediastream Vierte Film GmbH & Co. Vermarktungs KG,19354,"I, Robot"
Canlaws Productions,19355,"I, Robot"
Ingenious Film Partners,289,Eragon
Twentieth Century Fox Film Corporation,306,Eragon
Dune Entertainment,444,Eragon
Major Studio Partners,445,Eragon
Fox 2000 Pictures,711,Eragon
Davis Entertainment,1302,Eragon
Mid Atlantic Films,2735,Eragon
Studio Babelsberg,264,Kingdom of Heaven
Twentieth Century Fox Film Corporation,306,Kingdom of Heaven
Scott Free Productions,1645,Kingdom of Heaven
Kanzaman,4169,Kingdom of Heaven
Dune Films,19477,Kingdom of Heaven
BK,19478,Kingdom of Heaven
KOH,19479,Kingdom of Heaven
Reino del Cielo,19480,Kingdom of Heaven
Inside Track 3,19482,Kingdom of Heaven
Calle Cruzada,19483,Kingdom of Heaven
Columbia Pictures Corporation,441,Stuart Little
Global Medien KG,5555,Stuart Little
Franklin/Waterman Productions,58331,Stuart Little
Walt Disney Pictures,2,The Princess and the Frog
Walt Disney Animation Studios,6125,The Princess and the Frog
Twentieth Century Fox Film Corporation,306,The Martian
Scott Free Productions,1645,The Martian
Mid Atlantic Films,2735,The Martian
International Traders,6408,The Martian
TSG Entertainment,22213,The Martian
Genre Films,28788,The Martian
DreamWorks SKG,27,The Island
Warner Bros.,6194,The Island
Parkes/MacDonald Productions,11084,The Island
New Line Cinema,12,Town & Country
Jerry Bruckheimer Films,130,Gone in Sixty Seconds
Touchstone Pictures,9195,Gone in Sixty Seconds
DreamWorks SKG,27,Gladiator
Universal Pictures,33,Gladiator
Scott Free Productions,1645,Gladiator
Red Wagon Entertainment,14440,Gladiator
Mill Film,21904,Gladiator
C & L,21905,Gladiator
Dawliz,21906,Gladiator
DreamWorks SKG,27,Minority Report
Cruise/Wagner Productions,44,Minority Report
Amblin Entertainment,56,Minority Report
Twentieth Century Fox Film Corporation,306,Minority Report
Blue Tulip Productions,766,Minority Report
Ronald Shusett/Gary Goldman,26265,Minority Report
Digital Image Associates,76068,Minority Report
1492 Pictures,436,Harry Potter and the Chamber of Secrets
Heyday films,437,Harry Potter and the Chamber of Secrets
Warner Bros.,6194,Harry Potter and the Chamber of Secrets
Eon Productions,7576,Casino Royale
Stillking Films,11345,Casino Royale
Babelsberg Film,19481,Casino Royale
Twentieth Century Fox Film Corporation,306,Planet of the Apes
Tim Burton Productions,8601,Planet of the Apes
"Zanuck Company, The",20004,Planet of the Apes
Lightstorm Entertainment,574,Terminator 2: Judgment Day
Pacific Western,1280,Terminator 2: Judgment Day
Canal+,5358,Terminator 2: Judgment Day
Carolco Pictures,14723,Terminator 2: Judgment Day
T2 Productions,61409,Terminator 2: Judgment Day
Universal Pictures,33,Public Enemies
Appian Way,562,Public Enemies
Forward Pass,675,Public Enemies
Dentsu,6452,Public Enemies
Relativity Media,7295,Public Enemies
Tribeca Productions,11391,Public Enemies
Misher Films,11581,Public Enemies
Imagine Entertainment,23,American Gangster
Universal Pictures,33,American Gangster
Scott Free Productions,1645,American Gangster
Relativity Media,7295,American Gangster
Film Rites,8083,American Gangster
Twentieth Century Fox Film Corporation,306,True Lies
Lightstorm Entertainment,574,True Lies
Columbia Pictures,5,The Taking of Pelham 1 2 3
Escape Artists,1423,The Taking of Pelham 1 2 3
Scott Free Productions,1645,The Taking of Pelham 1 2 3
Relativity Media,7295,The Taking of Pelham 1 2 3
Metro-Goldwyn-Mayer (MGM),8411,The Taking of Pelham 1 2 3
Paramount Pictures,4,Little Fockers
Universal Pictures,33,Little Fockers
Everyman Pictures,2242,Little Fockers
Relativity Media,7295,Little Fockers
Dreamworks Pictures,7852,Little Fockers
Tribeca Productions,11391,Little Fockers
Alcon Entertainment,1088,Transcendence
Syncopy,9996,Transcendence
DMG Entertainment,10289,Transcendence
Straight Up Films,13403,Transcendence
Columbia Pictures,5,The Other Guys
Gary Sanchez Productions,4740,The Other Guys
Kopelson Entertainment,824,Eraser
Warner Bros.,6194,Eraser
Columbia Pictures,5,Django Unchained
The Weinstein Company,308,Django Unchained
Walt Disney Pictures,2,The Hunchback of Notre Dame
Walt Disney Pictures,2,The Emperor's New Groove
Walt Disney Feature Animation,10217,The Emperor's New Groove
Nu Image Films,925,The Expendables 2
Millennium Films,10254,The Expendables 2
Walt Disney Pictures,2,National Treasure
Jerry Bruckheimer Films,130,National Treasure
Saturn Films,831,National Treasure
Junction Entertainment,19097,National Treasure
Walt Disney Pictures,2,Mulan
Walt Disney Feature Animation,10217,Mulan
Village Roadshow Pictures,79,Where the Wild Things Are
Legendary Pictures,923,Where the Wild Things Are
Playtone,4171,Where the Wild Things Are
Wild Things Productions,5289,Where the Wild Things Are
Warner Bros.,6194,Where the Wild Things Are
Blue Sky Studios,9383,Epic
Twentieth Century Fox Animation,11749,Epic
Columbia Pictures,5,The Tourist
Spyglass Entertainment,158,The Tourist
Peninsula Films,682,The Tourist
StudioCanal,694,The Tourist
Sony Pictures Releasing,3045,The Tourist
GK Films,3281,The Tourist
Sony Pictures Worldwide Acquisitions (SPWA),14577,The Tourist
Italian Tax Credit,21212,The Tourist
Birnbaum/Barber,23731,The Tourist
Cineroma SRL,23732,The Tourist
French Tax Credit,23733,The Tourist
Beacon Communications,919,End of Days
Bedford Falls Productions,348,Blood Diamond
Lonely Film Productions GmbH & Co. KG.,430,Blood Diamond
Virtual Studios,449,Blood Diamond
Spring Creek Productions,705,Blood Diamond
Warner Bros.,6194,Blood Diamond
Initial Entertainment Group (IEG),7380,Blood Diamond
Liberty Pictures,20938,Blood Diamond
Paramount Pictures,4,The Wolf of Wall Street
Appian Way,562,The Wolf of Wall Street
EMJAG Productions,14654,The Wolf of Wall Street
Red Granite Pictures,19177,The Wolf of Wall Street
Sikelia Productions,23243,The Wolf of Wall Street
Warner Bros.,6194,Batman Forever
Polygram Filmed Entertainment,31080,Batman Forever
TriStar Pictures,559,Starship Troopers
Touchstone Pictures,9195,Starship Troopers
Big Bug Pictures,23434,Starship Troopers
Anarchos Productions,450,Cloud Atlas
X-Filme Creative Pool,1972,Cloud Atlas
Ascension Pictures,7829,Cloud Atlas
ARD Degeto Film,10947,Cloud Atlas
Cloud Atlas Productions,11080,Cloud Atlas
Five Drops,11082,Cloud Atlas
Media Asia Group,11083,Cloud Atlas
Dreams of Dragon Picture,19621,Cloud Atlas
Village Roadshow Pictures,79,Legend of the Guardians: The Owls of Ga'Hoole
Warner Bros.,6194,Legend of the Guardians: The Owls of Ga'Hoole
Animal Logic,8089,Legend of the Guardians: The Owls of Ga'Hoole
Cruel and Unusual Films,78685,Legend of the Guardians: The Owls of Ga'Hoole
Village Roadshow Pictures,79,Catwoman
DiNovi Pictures,813,Catwoman
Warner Bros.,6194,Catwoman
Frantic Films,52945,Catwoman
Maple Shade Films,52946,Catwoman
Catwoman Films,52947,Catwoman
Warner Bros.,6194,The Pelican Brief
Paramount Pictures,4,Hercules
Metro-Goldwyn-Mayer (MGM),8411,Hercules
Radical Studios,19648,Hercules
Flynn Picture Company,34081,Hercules
Walt Disney Pictures,2,Treasure Planet
Walt Disney Feature Animation,10217,Treasure Planet
Universal Pictures,33,Land of the Lost
Mosaic Media Group,748,Land of the Lost
Relativity Media,7295,Land of the Lost
Sid & Marty Krofft Pictures,11916,Land of the Lost
Davis-Films,342,The Expendables 3
Nu Image Films,925,The Expendables 3
LionsGate,7571,The Expendables 3
Millennium Films,10254,The Expendables 3
Ex3 Productions,28384,The Expendables 3
Fipex Holding,40822,The Expendables 3
Studio Babelsberg,264,Point Break
Alcon Entertainment,1088,Point Break
DMG Entertainment,10289,Point Break
Ehman Productions,70993,Point Break
New Line Cinema,12,Son of the Mask
Pathé Distribution,3012,Son of the Mask
Summit Entertainment,491,Man on a Ledge
Di Bonaventura Picture,5955,Man on a Ledge
Imagine Entertainment,23,In the Heart of the Sea
Spring Creek Productions,705,In the Heart of the Sea
Warner Bros.,6194,In the Heart of the Sea
Roth Films,16314,In the Heart of the Sea
K. JAM Media,17888,In the Heart of the Sea
Cott Productions,24175,In the Heart of the Sea
Surf Film,34401,In the Heart of the Sea
"Enelmar Productions, A.I.E.",63571,In the Heart of the Sea
Village Roadshow Pictures,79,The Adventures of Pluto Nash
Castle Rock Entertainment,97,The Adventures of Pluto Nash
NPV Entertainment,172,The Adventures of Pluto Nash
Mel's Cite du Cinema,54502,The Adventures of Pluto Nash
Universal Pictures,33,Green Zone
StudioCanal,694,Green Zone
Dentsu,6452,Green Zone
Relativity Media,7295,Green Zone
Working Title Films,10163,Green Zone
Blue Sky Studios,9383,The Peanuts Movie
Twentieth Century Fox Animation,11749,The Peanuts Movie
Jean Doumanian Productions,16280,The Spanish Prisoner
Sweetland Films,21716,The Spanish Prisoner
Magnolia Films,65514,The Spanish Prisoner
Jasmine Productions Inc.,65515,The Spanish Prisoner
Universal Pictures,33,The Mummy Returns
Alphaville Films,11462,The Mummy Returns
Imhotep Productions,20242,The Mummy Returns
Miramax Films,14,Gangs of New York
Initial Entertainment Group (IEG),7380,Gangs of New York
Alberto Grimaldi Productions,7381,Gangs of New York
Beijing New Picture Film Co. Ltd.,724,The Flowers of War
EDKO Film,12205,The Flowers of War
New Picture Company,49512,The Flowers of War
Columbia Pictures,5,Surf's Up
Sony Pictures Animation,2251,Surf's Up
Paramount Pictures,4,The Stepford Wives
De Line Pictures,2609,The Stepford Wives
DreamWorks Pictures,7293,The Stepford Wives
Jerry Bruckheimer Films,130,Black Hawk Down
Revolution Studios,497,Black Hawk Down
Scott Free Productions,1645,Black Hawk Down
Everyman Pictures,2242,The Campaign
Gary Sanchez Productions,4740,The Campaign
Warner Bros.,6194,The Campaign
Location Gourmet,36431,The Campaign
Columbia Pictures,5,The Fifth Element
Gaumont,9,The Fifth Element
New Line Cinema,12,Sex and the City 2
Village Roadshow Pictures,79,Sex and the City 2
Home Box Office (HBO),3268,Sex and the City 2
HBO Films,7429,Sex and the City 2
DreamWorks SKG,27,The Road to El Dorado
DreamWorks Animation,521,The Road to El Dorado
Blue Sky Studios,9383,Ice Age: Continental Drift
Twentieth Century Fox Animation,11749,Ice Age: Continental Drift
Walt Disney Pictures,2,Cinderella
Genre Films,28788,Cinderella
Beagle Pug Films,46339,Cinderella
Allison Shearmur Productions,47706,Cinderella
WingNut Films,11,The Lovely Bones
DreamWorks SKG,27,The Lovely Bones
Key Creatives,2300,The Lovely Bones
Film4,9349,The Lovely Bones
Goldcrest Pictures,11843,The Lovely Bones
New Zealand Large Budget Screen Production Grant,12248,The Lovely Bones
Pixar Animation Studios,3,Finding Nemo
WingNut Films,11,The Lord of the Rings: The Return of the King
New Line Cinema,12,The Lord of the Rings: The Return of the King
WingNut Films,11,The Lord of the Rings: The Two Towers
New Line Cinema,12,The Lord of the Rings: The Two Towers
The Saul Zaentz Company,5237,The Lord of the Rings: The Two Towers
Legendary Pictures,923,Seventh Son
Thunder Road Pictures,3528,Seventh Son
Outlaw Sinema,13444,Seventh Son
Moving Picture Company (MPC),20478,Seventh Son
Pendle Mountain Productions,40112,Seventh Son
China Film Co.,40890,Seventh Son
Paramount Pictures,4,Lara Croft: Tomb Raider
Toho-Towa,657,Lara Croft: Tomb Raider
Mutual Film Company,762,Lara Croft: Tomb Raider
Lawrence Gordon Productions,840,Lara Croft: Tomb Raider
British Broadcasting Corporation (BBC),3324,Lara Croft: Tomb Raider
Marubeni,4650,Lara Croft: Tomb Raider
Eidos Interactive,19105,Lara Croft: Tomb Raider
Walt Disney Pictures,2,Atlantis: The Lost Empire
Walt Disney Feature Animation,10217,Atlantis: The Lost Empire
Universal Studios,13,Jurassic Park III
Amblin Entertainment,56,Jurassic Park III
Ingenious Film Partners,289,Rise of the Planet of the Apes
Ingenious Media,290,Rise of the Planet of the Apes
Twentieth Century Fox Film Corporation,306,Rise of the Planet of the Apes
Dune Entertainment,444,Rise of the Planet of the Apes
Dune Entertainment III,6332,Rise of the Planet of the Apes
Chernin Entertainment,7076,Rise of the Planet of the Apes
Big Screen Productions,10893,Rise of the Planet of the Apes
Paramount Pictures,4,The Spiderwick Chronicles
The Kennedy/Marshall Company,862,The Spiderwick Chronicles
Ingenious Media,290,A Good Day to Die Hard
Twentieth Century Fox Film Corporation,306,A Good Day to Die Hard
Dune Entertainment,444,A Good Day to Die Hard
Mid Atlantic Films,2735,A Good Day to Die Hard
Big Screen Productions,10893,A Good Day to Die Hard
Temple Hill Entertainment,12292,A Good Day to Die Hard
TSG Entertainment,22213,A Good Day to Die Hard
Giant Pictures,34396,A Good Day to Die Hard
Origo Film Group,34397,A Good Day to Die Hard
Imagine Entertainment,23,The Alamo
Touchstone Pictures,9195,The Alamo
Walt Disney Pictures,2,The Incredibles
Pixar Animation Studios,3,The Incredibles
Le Studio Canal+,183,Cutthroat Island
Laurence Mark Productions,415,Cutthroat Island
Metro-Goldwyn-Mayer (MGM),8411,Cutthroat Island
Carolco Pictures,14723,Cutthroat Island
Ingenious Film Partners,289,Percy Jackson & the Olympians: The Lightning Thief
1492 Pictures,436,Percy Jackson & the Olympians: The Lightning Thief
Dune Entertainment,444,Percy Jackson & the Olympians: The Lightning Thief
Fox 2000 Pictures,711,Percy Jackson & the Olympians: The Lightning Thief
Sunswept Entertainment,5219,Percy Jackson & the Olympians: The Lightning Thief
Dune Entertainment III,6332,Percy Jackson & the Olympians: The Lightning Thief
Big Screen Productions,10893,Percy Jackson & the Olympians: The Lightning Thief
TCF Vancouver Productions,28431,Percy Jackson & the Olympians: The Lightning Thief
Amblin Entertainment,56,Men in Black
Columbia Pictures Corporation,441,Men in Black
Parkes+MacDonald Image Nation,49325,Men in Black
Pixar Animation Studios,3,Toy Story 2
Twentieth Century Fox Film Corporation,306,Unstoppable
Scott Free Productions,1645,Unstoppable
Firm Films,1838,Unstoppable
Prospect Park,19776,Unstoppable
Millbrook Farm Productions,19777,Unstoppable
New Line Cinema,12,Rush Hour 2
DreamWorks SKG,27,What Lies Beneath
Twentieth Century Fox Film Corporation,306,What Lies Beneath
ImageMovers,11395,What Lies Beneath
Warner Bros.,6194,Contact
South Side Amusement Company,43910,Contact
Columbia Pictures,5,Cloudy with a Chance of Meatballs
Sony Pictures Animation,2251,Cloudy with a Chance of Meatballs
Blue Sky Studios,9383,Ice Age: Dawn of the Dinosaurs
Twentieth Century Fox Animation,11749,Ice Age: Dawn of the Dinosaurs
New Line Cinema,12,The Secret Life of Walter Mitty
Ingenious Media,290,The Secret Life of Walter Mitty
Twentieth Century Fox Film Corporation,306,The Secret Life of Walter Mitty
Samuel Goldwyn Films,9118,The Secret Life of Walter Mitty
Big Screen Productions,10893,The Secret Life of Walter Mitty
Red Hour Films,12178,The Secret Life of Walter Mitty
TSG Entertainment,22213,The Secret Life of Walter Mitty
Down Productions,37336,The Secret Life of Walter Mitty
Columbia Pictures,5,Charlie's Angels
Vertigo Entertainment,829,The Departed
Media Asia Films,5552,The Departed
Warner Bros.,6194,The Departed
Initial Entertainment Group (IEG),7380,The Departed
Plan B Entertainment,45778,The Departed
DreamWorks SKG,27,Tropic Thunder
Goldcrest Pictures,11843,Tropic Thunder
Red Hour Films,12178,Tropic Thunder
Internationale Filmproduktion Stella-del-Sud Second,12379,Tropic Thunder
Columbia Pictures,5,The Girl with the Dragon Tattoo
Scott Rudin Productions,258,The Girl with the Dragon Tattoo
Film Rites,8083,The Girl with the Dragon Tattoo
Metro-Goldwyn-Mayer (MGM),8411,The Girl with the Dragon Tattoo
Yellow Bird,33817,The Girl with the Dragon Tattoo
Ground Control,47479,The Girl with the Dragon Tattoo
Twentieth Century Fox Film Corporation,306,Die Hard: With a Vengeance
Cinergi Pictures Entertainment,1504,Die Hard: With a Vengeance
Village Roadshow Pictures,79,Sherlock Holmes
Silver Pictures,1885,Sherlock Holmes
Warner Bros.,6194,Sherlock Holmes
Internationale Filmproduktion Blackbird Dritte,19855,Sherlock Holmes
Wigram Productions,23202,Sherlock Holmes
Paramount Pictures,4,Ben-Hur
Metro-Goldwyn-Mayer (MGM),8411,Ben-Hur
Sean Daniel Company,19857,Ben-Hur
LightWorkers Media,23920,Ben-Hur
Regency Enterprises,508,Alvin and the Chipmunks: The Road Chip
Fox 2000 Pictures,711,Alvin and the Chipmunks: The Road Chip
Sunswept Entertainment,5219,Alvin and the Chipmunks: The Road Chip
Bagdasarian Productions,10930,Alvin and the Chipmunks: The Road Chip
TSG Entertainment,22213,Alvin and the Chipmunks: The Road Chip
United Artists,60,Valkyrie
Achte Babelsberg Film,6100,Valkyrie
Metro-Goldwyn-Mayer (MGM),8411,Valkyrie
Bad Hat Harry Productions,9168,Valkyrie
Columbia Pictures,5,You Don't Mess with the Zohan
Happy Madison Productions,2608,You Don't Mess with the Zohan
Sony Pictures Releasing,3045,You Don't Mess with the Zohan
Relativity Media,7295,You Don't Mess with the Zohan
Columbia Pictures,5,Pixels
Happy Madison Productions,2608,Pixels
DreamWorks SKG,27,A.I. Artificial Intelligence
Amblin Entertainment,56,A.I. Artificial Intelligence
Stanley Kubrick Productions,385,A.I. Artificial Intelligence
Warner Bros.,6194,A.I. Artificial Intelligence
Walt Disney Pictures,2,The Haunted Mansion
Gunn Films,3538,The Haunted Mansion
Doom Buggy Productions,47122,The Haunted Mansion
Imagine Entertainment,23,The Doors
Ixtlan Productions,525,The Doors
Carolco Pictures,14723,The Doors
Bill Graham Films,78806,The Doors
Columbia Pictures Corporation,441,Hollow Man
Global Entertainment Productions GmbH & Company Medien KG,9269,Hollow Man
Universal Pictures,33,The Interpreter
StudioCanal,694,The Interpreter
Mirage Enterprises,932,The Interpreter
Working Title Films,10163,The Interpreter
Misher Films,11581,The Interpreter
Motion Picture JOTA Produktions,20194,The Interpreter
1492 Pictures,436,Percy Jackson: Sea of Monsters
Dune Entertainment,444,Percy Jackson: Sea of Monsters
Fox 2000 Pictures,711,Percy Jackson: Sea of Monsters
Sunswept Entertainment,5219,Percy Jackson: Sea of Monsters
Dune Entertainment III,6332,Percy Jackson: Sea of Monsters
TSG Entertainment,22213,Percy Jackson: Sea of Monsters
Paramount Pictures,4,Lara Croft Tomb Raider: The Cradle of Life
Toho-Towa,657,Lara Croft Tomb Raider: The Cradle of Life
Mutual Film Company,762,Lara Croft Tomb Raider: The Cradle of Life
Lawrence Gordon Productions,840,Lara Croft Tomb Raider: The Cradle of Life
British Broadcasting Corporation (BBC),3324,Lara Croft Tomb Raider: The Cradle of Life
October Pictures,14362,Lara Croft Tomb Raider: The Cradle of Life
Eidos Interactive,19105,Lara Croft Tomb Raider: The Cradle of Life
Summit Entertainment,491,Now You See Me 2
Lionsgate,1632,Now You See Me 2
K/O Paper Products,7296,Now You See Me 2
TIK Films,72441,Now You See Me 2
Vnesheconombank,24013,The Nutcracker: The Untold Story
Nutcracker Holdings,24014,The Nutcracker: The Untold Story
HCC Media Group,24015,The Nutcracker: The Untold Story
Russian Roulette Ltd.,24016,The Nutcracker: The Untold Story
Paramount Pictures,4,The Saint
Mace Neufeld Productions,2767,The Saint
Rysher Entertainment,11661,The Saint
Universal Pictures,33,Spy Game
Metropolitan Filmexport,656,Spy Game
Toho-Towa,657,Spy Game
Red Wagon Productions,780,Spy Game
Beacon Communications,919,Spy Game
Kalima Productions GmbH & Co. KG,7385,Spy Game
Spyglass Entertainment,158,Mission to Mars
The Jacobson Company,3638,Mission to Mars
Touchstone Pictures,9195,Mission to Mars
Red Horizon Productions,22103,Mission to Mars
Blue Sky Studios,9383,Rio
Twentieth Century Fox Animation,11749,Rio
Laurence Mark Productions,415,Bicentennial Man
1492 Pictures,436,Bicentennial Man
Columbia Pictures Corporation,441,Bicentennial Man
Touchstone Pictures,9195,Bicentennial Man
Radiant Productions,18990,Bicentennial Man
Paramount Pictures,4,Top Gun
Twentieth Century Fox Film Corporation,306,Volcano
Columbia Pictures,5,The Devil's Own
Paramount Pictures,4,K-19: The Widowmaker
Intermedia Films,763,K-19: The Widowmaker
National Geographic Society,2471,K-19: The Widowmaker
New Regency Pictures,10104,K-19: The Widowmaker
Palomar Pictures (II),11371,K-19: The Widowmaker
First Light Production,20344,K-19: The Widowmaker
Universal Pictures,33,Conan the Barbarian
Dino De Laurentiis Company,10308,Conan the Barbarian
Miramax Films,14,Cinderella Man
Imagine Entertainment,23,Cinderella Man
Universal Pictures,33,Cinderella Man
Parkway Pictures (I),631,Cinderella Man
Touchstone Pictures,9195,Cinderella Man
Universal Pictures,33,Seabiscuit
Spyglass Entertainment,158,Seabiscuit
The Kennedy/Marshall Company,862,Seabiscuit
DreamWorks Pictures,7293,Seabiscuit
Touchstone Pictures,9195,Seabiscuit
Universal Pictures,33,Twister
Amblin Entertainment,56,Twister
Warner Bros.,6194,Twister
Constant c Productions,23370,Twister
DreamWorks SKG,27,Cast Away
Twentieth Century Fox Film Corporation,306,Cast Away
Playtone,4171,Cast Away
ImageMovers,11395,Cast Away
Kennedy Miller Productions,2537,Happy Feet
Animal Logic,8089,Happy Feet
Universal Pictures,33,The Bourne Supremacy
The Kennedy/Marshall Company,862,The Bourne Supremacy
Hypnotic,7384,The Bourne Supremacy
Motion Picture THETA Produktionsgesellschaft,11346,The Bourne Supremacy
Ludlum Entertainment,11347,The Bourne Supremacy
Columbia Pictures Corporation,441,Air Force One
Beacon Communications,919,Air Force One
Radiant Productions,18990,Air Force One
Village Roadshow Pictures,79,Ocean's Eleven
Section Eight,129,Ocean's Eleven
NPV Entertainment,172,Ocean's Eleven
Jerry Weintraub Productions,2596,Ocean's Eleven
Warner Bros.,6194,Ocean's Eleven
WV Films II,24939,Ocean's Eleven
Impact Pictures,248,The Three Musketeers
Studio Babelsberg,264,The Three Musketeers
Nouvelles Éditions de Films (NEF),753,The Three Musketeers
New Legacy,939,The Three Musketeers
Constantin Film Produktion,5755,The Three Musketeers
Columbia Pictures,5,Hotel Transylvania
Sony Pictures Animation,2251,Hotel Transylvania
Walt Disney Pictures,2,Enchanted
Josephson Entertainment,1894,Enchanted
Andalasia Productions,8908,Enchanted
Right Coast Productions,8909,Enchanted
Universal Pictures,33,Safe House
Dentsu,6452,Safe House
Relativity Media,7295,Safe House
Bluegrass Films,13778,Safe House
Walt Disney Pictures,2,102 Dalmatians
Cruella Productions,10472,102 Dalmatians
Sony Pictures Animation,2251,Open Season
Universal Pictures,33,Tower Heist
Image Entertainment,3086,Tower Heist
Relativity Media,7295,Tower Heist
Rat Entertainment,12007,Tower Heist
Columbia Pictures,5,The Holiday
Universal Pictures,33,The Holiday
Waverly Films,735,The Holiday
Relativity Media,7295,The Holiday
Jerry Bruckheimer Films,130,Enemy of the State
Scott Free Productions,1645,Enemy of the State
Touchstone Pictures,9195,Enemy of the State
No Such Productions,79209,Enemy of the State
Universal Pictures,33,It's Complicated
Scott Rudin Productions,258,It's Complicated
Waverly Films,735,It's Complicated
Dentsu,6452,It's Complicated
Relativity Media,7295,It's Complicated
Village Roadshow Pictures,79,Ocean's Thirteen
Section Eight,129,Ocean's Thirteen
Jerry Weintraub Productions,2596,Ocean's Thirteen
Warner Bros.,6194,Ocean's Thirteen
Paramount Pictures,4,Enemy at the Gates
Swanford Films,549,Enemy at the Gates
Mandalay Pictures,551,Enemy at the Gates
Little Bird,11358,Enemy at the Gates
KC Medien,22182,Enemy at the Gates
Reperage,24136,Enemy at the Gates
DOS,24137,Enemy at the Gates
MP Film Management,24138,Enemy at the Gates
Columbia Pictures,5,The Rundown
Universal Pictures,33,The Rundown
Strike Entertainment,655,The Rundown
WWE Studios,10339,The Rundown
Misher Films,11581,The Rundown
IM3 Entertainment,90249,The Rundown
Columbia Pictures Corporation,441,Last Action Hero
Oak Productions,55528,Last Action Hero
DreamWorks SKG,27,Memoirs of a Geisha
Spyglass Entertainment,158,Memoirs of a Geisha
Columbia Pictures Corporation,441,Memoirs of a Geisha
Red Wagon Productions,780,Memoirs of a Geisha
Universal Pictures,33,The Fast and the Furious: Tokyo Drift
Columbia Pictures,5,Arthur Christmas
Aardman Animations,297,Arthur Christmas
Sony Pictures Animation,2251,Arthur Christmas
Universal Pictures,33,Meet Joe Black
City Light Films,136,Meet Joe Black
Twentieth Century Fox Film Corporation,306,All That Jazz
Columbia Pictures Corporation,441,All That Jazz
Relativity Media,7295,Mirror Mirror
Misher Films,11581,Mirror Mirror
Yucaipa Films,12005,Mirror Mirror
Goldmann Pictures,12006,Mirror Mirror
Rat Entertainment,12007,Mirror Mirror
Misha Films,12008,Mirror Mirror
Universal Pictures,33,Scott Pilgrim vs. the World
Marc Platt Productions,2527,Scott Pilgrim vs. the World
Paramount Pictures,4,The Core
David Foster Productions,496,The Core
Horsepower Films,2199,The Core
LivePlanet,7161,The Core
Core Productions,12213,The Core
Munich Film Partners New Century & Company (MFP) Core Productions,12214,The Core
Imagine Entertainment,23,Nutty Professor II: The Klumps
Universal Pictures,33,Nutty Professor II: The Klumps
Atlas Entertainment,507,Scooby-Doo
Mosaic Media Group,748,Scooby-Doo
Warner Bros.,6194,Scooby-Doo
DNA Films,284,Dredd
Reliance BIG Entertainment,6733,Dredd
IM Global,7437,Dredd
Rena Film,46506,Dredd
Peach Trees,46507,Dredd
Original Film,333,Click
Columbia Pictures Corporation,441,Click
Revolution Studios,497,Click
Happy Madison Productions,2608,Click
Warner Bros.,6194,Creepshow
Creepshow Films Inc.,14179,Creepshow
Laurel Entertainment Inc.,14180,Creepshow
Village Roadshow Pictures,79,Cats & Dogs 2 : The Revenge of Kitty Galore
Dune Entertainment,444,Jumper
Hypnotic,7384,Jumper
New Regency Pictures,10104,Jumper
Paramount Pictures,4,Deep Impact
DreamWorks SKG,27,Deep Impact
Zanuck/Brown Productions,1865,Deep Impact
Manhattan Project,2478,Deep Impact
Universal Pictures,33,Hellboy II: The Golden Army
Dark Horse Entertainment,552,Hellboy II: The Golden Army
Lawrence Gordon Productions,840,Hellboy II: The Golden Army
Mid Atlantic Films,2735,Hellboy II: The Golden Army
Relativity Media,7295,Hellboy II: The Golden Army
Internationale Filmproduktion Eagle,21498,Hellboy II: The Golden Army
Paramount Pictures,4,Zodiac
Warner Bros.,6194,Zodiac
Phoenix Pictures,11317,Zodiac
Phoenix Pictures,11317,The 6th Day
Universal Pictures,33,Bruce Almighty
Spyglass Entertainment,158,Bruce Almighty
Shady Acres Entertainment,159,Bruce Almighty
Pit Bull Productions,160,Bruce Almighty
Millennium Films,10254,The Expendables
Paramount Pictures,4,Mission: Impossible
Cruise/Wagner Productions,44,Mission: Impossible
Lionsgate,1632,The Hunger Games
Color Force,5420,The Hunger Games
Legendary Pictures,923,The Hangover Part II
Living Films,2877,The Hangover Part II
Green Hat Films,3527,The Hangover Part II
Warner Bros.,6194,The Hangover Part II
PolyGram Filmed Entertainment,1382,Batman Returns
Warner Bros.,6194,Batman Returns
Pacific Data Images (PDI),520,Over the Hedge
DreamWorks Animation,521,Over the Hedge
Walt Disney Pictures,2,Lilo & Stitch
Walt Disney Feature Animation,10217,Lilo & Stitch
Paramount Pictures,4,Charlotte's Web
Kerner Entertainment Company,7311,Charlotte's Web
DC Comics,429,RED 2
Di Bonaventura Pictures,435,RED 2
Summit Entertainment,491,RED 2
DC Entertainment,9993,RED 2
Paramount Pictures,4,The Longest Yard
Columbia Pictures Corporation,441,The Longest Yard
MTV Films,746,The Longest Yard
Happy Madison Productions,2608,The Longest Yard
Callahan Filmworks,60378,The Longest Yard
Fox 2000 Pictures,711,Alvin and the Chipmunks: Chipwrecked
Columbia Pictures,5,Grown Ups 2
Happy Madison Productions,2608,Grown Ups 2
Sony Pictures Entertainment (SPE),7431,Grown Ups 2
Columbia Pictures,5,Fury
QED International,11029,Fury
Crave Films,16312,Fury
LStar Capital,34034,Fury
Huayi Brothers Media,39649,Fury
Le Grisbi Productions,47169,Fury
Village Roadshow Pictures,79,Get Smart
Atlas Entertainment,507,Get Smart
Mosaic Media Group,748,Get Smart
Mad Chance,1757,Get Smart
Warner Bros.,6194,Get Smart
WV Films IV,27352,Get Smart
Mel's Cite du Cinema,54502,Get Smart
Callahan Filmworks,60378,Get Smart
Columbia Pictures Corporation,441,Something's Gotta Give
Waverly Films,735,Something's Gotta Give
Warner Bros.,6194,Something's Gotta Give
Paramount Pictures,4,Shutter Island
Appian Way,562,Shutter Island
Phoenix Pictures,11317,Shutter Island
Sikelia Productions,23243,Shutter Island
New Line Cinema,12,Four Christmases
Spyglass Entertainment,158,Four Christmases
Type A Films,2308,Four Christmases
Ott Medien,2795,Four Christmases
Wild West Picture Show Productions,2796,Four Christmases
Blue Sky Studios,9383,Robots
Twentieth Century Fox Animation,11749,Robots
Paramount Pictures,4,Face/Off
Permut Presentations,455,Face/Off
WCG Entertainment Productions,456,Face/Off
Douglas/Reuther Productions,458,Face/Off
Touchstone Pictures,9195,Face/Off
Krane Entertainment,25358,Face/Off
Walt Disney Pictures,2,Bedtime Stories
Happy Madison Productions,2608,Bedtime Stories
Gunn Films,3538,Bedtime Stories
DreamWorks SKG,27,Road to Perdition
The Zanuck Company,80,Road to Perdition
Twentieth Century Fox Film Corporation,306,Road to Perdition
Columbia Pictures,5,Just Go with It
Happy Madison Productions,2608,Just Go with It
Jerry Bruckheimer Films,130,Con Air
Kouf/Bigelow Productions,3589,Con Air
Touchstone Pictures,9195,Con Air
Hiett Designs of Las Vegas,78338,Con Air
Runway Pictures Inc,78339,Con Air
DreamWorks SKG,27,Eagle Eye
K/O Paper Products,7296,Eagle Eye
Goldcrest Pictures,11843,Eagle Eye
KMP Film Invest,20157,Eagle Eye
Miramax Films,14,Cold Mountain
Mirage Enterprises,932,Cold Mountain
Castel Film Romania,1370,Cold Mountain
Bona Fide Productions,2570,Cold Mountain
Cattleya,10102,Cold Mountain
Alcon Entertainment,1088,The Book of Eli
Silver Pictures,1885,The Book of Eli
Walt Disney Pictures,2,Flubber
Great Oaks Entertainment,2173,Flubber
DreamWorks,7,The Haunting
Roth-Arnold Productions,1560,The Haunting
Warner Bros. Family Entertainment,3592,Space Jam
Northern Lights Entertainment,8816,Space Jam
Courtside Seats Productions,55527,Space Jam
Columbia Pictures,5,The Pink Panther
International Production Company,1507,The Pink Panther
The Montecito Picture Company,2364,The Pink Panther
Robert Simonds Productions,3929,The Pink Panther
Metro-Goldwyn-Mayer (MGM),8411,The Pink Panther
Twentieth Century Fox Film Corporation,306,The Day the Earth Stood Still
Dune Entertainment III,6332,The Day the Earth Stood Still
Earth Canada Productions,20374,The Day the Earth Stood Still
Hammerhead Productions,20375,The Day the Earth Stood Still
3 Arts Entertainment,36390,The Day the Earth Stood Still
Silver Pictures,1885,Conspiracy Theory
Warner Bros.,6194,Conspiracy Theory
Donner/Shuler-Donner Productions,23397,Conspiracy Theory
Caravan Pictures,175,Six Days Seven Nights
Roger Birnbaum Productions,961,Six Days Seven Nights
Northern Lights Entertainment,8816,Six Days Seven Nights
Touchstone Pictures,9195,Six Days Seven Nights
De Line Pictures,2609,Yogi Bear
Warner Bros. Animation,2785,Yogi Bear
Sunswept Entertainment,5219,Yogi Bear
Rhythm and Hues,13481,Yogi Bear
Picnic Basket,19045,Yogi Bear
DreamWorks SKG,27,Spirit: Stallion of the Cimarron
DreamWorks Animation,521,Spirit: Stallion of the Cimarron
Columbia Pictures,5,Zookeeper
Happy Madison Productions,2608,Zookeeper
Sony Pictures Releasing,3045,Zookeeper
Broken Road Productions,8000,Zookeeper
Metro-Goldwyn-Mayer (MGM),8411,Zookeeper
Zookeeper Productions,46221,Zookeeper
Hey Eddie,46222,Zookeeper
New Line Cinema,12,Lost in Space
Irwin Allen Productions,14024,Lost in Space
Prelude Pictures,19902,Lost in Space
Saltire Entertainment,30253,Lost in Space
Paramount Pictures,4,The Manchurian Candidate
Scott Rudin Productions,258,The Manchurian Candidate
Clinica Estetico,1274,The Manchurian Candidate
"Rainbow Film Company, The",27584,Déjà Vu
Revere Entertainment,40955,Déjà Vu
Jagtoria Films,40956,Déjà Vu
Columbia Pictures,5,Hotel Transylvania 2
Sony Pictures Animation,2251,Hotel Transylvania 2
Walt Disney Pictures,2,Fantasia 2000
DreamWorks SKG,27,The Time Machine
Warner Bros.,6194,The Time Machine
Walt Disney Pictures,2,Mighty Joe Young
RKO Pictures,4361,Mighty Joe Young
Village Roadshow Pictures,79,Swordfish
NPV Entertainment,172,Swordfish
Silver Pictures,1885,Swordfish
Warner Bros.,6194,Swordfish
Jonathan Krane Group,46458,Swordfish
Casey Silver Productions,877,Hidalgo
Touchstone Pictures,9195,Hidalgo
Dune Films,19477,Hidalgo
Amblin Entertainment,56,The Legend of Zorro
Columbia Pictures Corporation,441,The Legend of Zorro
PolyGram Filmed Entertainment,1382,What Dreams May Come
New Line Cinema,12,Little Nicky
Avery Pix,1565,Little Nicky
Happy Madison Productions,2608,Little Nicky
The Weinstein Company,308,The Brothers Grimm
Summit Entertainment,491,The Brothers Grimm
Atlas Entertainment,507,The Brothers Grimm
Mosaic Media Group,748,The Brothers Grimm
Reforma Films,1649,The Brothers Grimm
Dimension Films,7405,The Brothers Grimm
Metro-Goldwyn-Mayer (MGM),8411,The Brothers Grimm
Revolution Sun Studios,76043,The Brothers Grimm
Tim Burton Productions,8601,Mars Attacks!
Ex Nihilo,3307,Evolution
Canal+,5358,Evolution
Les films du Worso,7395,Evolution
Noodles Production,7792,Evolution
Ciné+,10611,Evolution
Scope Pictures,11199,Evolution
Le Tax Shelter du Gouvernement Fédéral de Belgique,11921,Evolution
Centre National de la Cinématographie (CNC),18367,Evolution
Ministère de la Culture et de la Communication,25818,Evolution
Volcano Films,52184,Evolution
Left Field Ventures,58659,Evolution
Evo Films A.I.E.,76444,Evolution
Indéfilms 3,76445,Evolution
Palatine Étoile 12,76446,Evolution
Cinéfeel Prod,76447,Evolution
Art Linson Productions,8769,The Edge
Touchstone Pictures,9195,Surrogates
Mandeville Films,10227,Surrogates
Wintergreen Productions,11845,Surrogates
Top Shelf Productions,41978,Surrogates
New Line Cinema,12,Thirteen Days
Tig Productions,335,Thirteen Days
Universal Pictures,33,Daylight
Davis Entertainment,1302,Daylight
BBC Worldwide,3164,Walking With Dinosaurs
Reliance BIG Entertainment,6733,Walking With Dinosaurs
Animal Logic,8089,Walking With Dinosaurs
BBC Earth,8090,Walking With Dinosaurs
Evergreen Films,8091,Walking With Dinosaurs
BBC Earth MD (WWD),53498,Walking With Dinosaurs
Evergreen MD,53499,Walking With Dinosaurs
Paramount Pictures,4,Eye for an Eye
Franchise Pictures,1403,Battlefield Earth
Warner Bros.,6194,Battlefield Earth
JTP Films,7406,Battlefield Earth
Morgan Creek Productions,10210,Battlefield Earth
Battlefield Productions,19718,Battlefield Earth
Lonely Film Productions GmbH & Co. KG.,430,Looney Tunes: Back in Action
Warner Bros. Animation,2785,Looney Tunes: Back in Action
Warner Bros.,6194,Looney Tunes: Back in Action
Goldmann Pictures,12006,Looney Tunes: Back in Action
Baltimore Spring Creek Productions,16061,Looney Tunes: Back in Action
Warner Bros. Feature Animation,20734,Looney Tunes: Back in Action
The Weinstein Company,308,Nine
Relativity Media,7295,Nine
Paramount Pictures,4,Timeline
Donners' Company,431,Timeline
Mutual Film Company,762,Timeline
Cobalt Media Group,18619,Timeline
Artists Production Group (APG),18620,Timeline
Tig Productions,335,The Postman
Warner Bros.,6194,The Postman
Universal Pictures,33,Wanted
Spyglass Entertainment,158,Wanted
Bazelevs Production,1038,Wanted
Kickstart Productions,2526,Wanted
Marc Platt Productions,2527,Wanted
Top Cow Productions,2528,Wanted
Relativity Media,7295,Wanted
Ringerike Zweite Filmproduktion,23955,Wanted
Revolution Sun Studios,76043,Wanted
Kennedy Miller Productions,2537,Babe: Pig in the City
Summit Entertainment,491,The Last Witch Hunter
Atmosphere Entertainment MM,2995,The Last Witch Hunter
One Race Films,7154,The Last Witch Hunter
Goldmann Pictures,12006,The Last Witch Hunter
NeoReel,24097,The Last Witch Hunter
Aperture Entertainment,33832,The Last Witch Hunter
TIK Films,72441,The Last Witch Hunter
Village Roadshow Pictures,79,Red Planet
NPV Entertainment,172,Red Planet
Warner Bros.,6194,Red Planet
The Canton Company,22351,Red Planet
Mars Production Pty. Ltd.,53997,Red Planet
Canal Plus,104,Arthur and the Invisibles
Sofica Europacorp,854,Arthur and the Invisibles
Avalanche Productions,2525,Arthur and the Invisibles
EuropaCorp,6896,Arthur and the Invisibles
Pathé Films,4959,Oceans
Canal+,5358,Oceans
TPS Star,6586,Oceans
Participant Media,6735,Oceans
France Télévision,7454,Oceans
France 2 Cinéma,15671,Oceans
France 3 Cinema,16804,Oceans
Centre National de la Cinématographie (CNC),18367,Oceans
Conseil Régional du Calvados,19267,Oceans
Région Bretagne,20346,Oceans
Ministère du Développement Durable et de la Mer,33250,Oceans
JMH-TSR,33251,Oceans
HH Sheikha Salama bint Hamdan Al Nahyan,33252,Oceans
Conseil Général des Côtes d'Armor,33253,Oceans
Conseil Général du Morbihan,33254,Oceans
Région Basse-Normandie,33255,Oceans
Epsilon Motion Pictures,1171,A Sound of Thunder
Franchise Pictures,1403,A Sound of Thunder
Baldwin Entertainment Group,2234,A Sound of Thunder
Dante Entertainment,2755,A Sound of Thunder
Crusader Entertainment,2978,A Sound of Thunder
ETIC Films,2979,A Sound of Thunder
Forge,2980,A Sound of Thunder
QI Quality International GmbH Co. KG,2981,A Sound of Thunder
Signature Pictures,2982,A Sound of Thunder
ApolloMedia Distribution,16850,A Sound of Thunder
Coco,87847,A Sound of Thunder
Film 111,87848,A Sound of Thunder
Jericho Productions Ltd.,87849,A Sound of Thunder
MFF (Sound of Thunder),87850,A Sound of Thunder
Matrix Film Finance,87851,A Sound of Thunder
Scenario Lane Productions,87852,A Sound of Thunder
[],[],Lisa Picard Is Famous
Impact Pictures,248,Pompeii
TriStar Pictures,559,Pompeii
Don Carmody Productions,4253,Pompeii
FilmDistrict,7263,Pompeii
Constantin Film International,12162,Pompeii
Anima Estudios,9965,Top Cat Begins
Discreet Art Productions,79433,Top Cat Begins
Imagine Entertainment,23,A Beautiful Mind
DreamWorks SKG,27,A Beautiful Mind
Universal Pictures,33,A Beautiful Mind
Walt Disney Pictures,2,The Lion King
Walt Disney Feature Animation,10217,The Lion King
New Line Cinema,12,Journey 2: The Mysterious Island
Contrafilm,1836,Journey 2: The Mysterious Island
Walden Media,10221,Journey 2: The Mysterious Island
Columbia Pictures,5,Cloudy with a Chance of Meatballs 2
Sony,649,Cloudy with a Chance of Meatballs 2
Universal Pictures,33,Red Dragon
Metro-Goldwyn-Mayer (MGM),8411,Red Dragon
Columbia Pictures,5,Jack and Jill
Happy Madison Productions,2608,Jack and Jill
Broken Road Productions,8000,Jack and Jill
Mikona Productions GmbH & Co. KG,24,2 Fast 2 Furious
Universal Pictures,33,2 Fast 2 Furious
Original Film,333,2 Fast 2 Furious
Ardustry Entertainment,26281,2 Fast 2 Furious
Onyx Films,2203,The Little Prince
NetFlix,8858,The Little Prince
Orange Studios,15433,The Little Prince
CityMation,41042,The Little Prince
On Entertainment,59725,The Little Prince
Zippcast Films,60658,The Little Prince
Village Roadshow Pictures,79,The Invasion
Vertigo Entertainment,829,The Invasion
Silver Pictures,1885,The Invasion
Warner Bros.,6194,The Invasion
Universal Pictures,33,The Adventures of Rocky & Bullwinkle
Capella International,594,The Adventures of Rocky & Bullwinkle
KC Medien AG,596,The Adventures of Rocky & Bullwinkle
Tribeca Productions,11391,The Adventures of Rocky & Bullwinkle
Universal Pictures,33,The Secret Life of Pets
Fuji Television Network,3341,The Secret Life of Pets
Dentsu,6452,The Secret Life of Pets
Illumination Entertainment,6704,The Secret Life of Pets
Twentieth Century Fox Film Corporation,306,The League of Extraordinary Gentlemen
JD Productions,475,The League of Extraordinary Gentlemen
International Production Company,1507,The League of Extraordinary Gentlemen
Angry Films,12087,The League of Extraordinary Gentlemen
Mediastream Dritte Film GmbH & Co. Beteiligungs KG,19352,The League of Extraordinary Gentlemen
Universal Pictures,33,Despicable Me 2
Illumination Entertainment,6704,Despicable Me 2
Twentieth Century Fox Film Corporation,306,Independence Day
Centropolis Entertainment,347,Independence Day
Universal Pictures,33,The Lost World: Jurassic Park
Amblin Entertainment,56,The Lost World: Jurassic Park
DreamWorks SKG,27,Madagascar
Pacific Data Images (PDI),520,Madagascar
DreamWorks Animation,521,Madagascar
Universal Pictures,33,Children of Men
Strike Entertainment,655,Children of Men
Hit & Run Productions,11429,Children of Men
Twentieth Century Fox Film Corporation,306,X-Men
Donners' Company,431,X-Men
Bad Hat Harry Productions,9168,X-Men
Marvel Enterprises,19551,X-Men
Springwood Productions,22969,X-Men
Genetics Productions,22970,X-Men
Hollywood Pictures,915,The Rock
Don Simpson/Jerry Bruckheimer Films,10288,The Rock
Blue Sky Studios,9383,Ice Age: The Meltdown
Twentieth Century Fox Animation,11749,Ice Age: The Meltdown
Columbia Pictures Corporation,441,50 First Dates
Happy Madison Productions,2608,50 First Dates
Anonymous Content,10039,50 First Dates
Flower Films (II),19813,50 First Dates
New Line Cinema,12,Hairspray
Ingenious Film Partners,289,Hairspray
Offspring Entertainment,2378,Hairspray
Zadan / Meron Productions,70994,Hairspray
Morgan Creek Productions,10210,Exorcist: The Beginning
Dominion Productions,36452,Exorcist: The Beginning
Walt Disney Pictures,2,Inspector Gadget
Caravan Pictures,175,Inspector Gadget
DiC Entertainment,20477,Inspector Gadget
Summit Entertainment,491,Now You See Me
K/O Paper Products,7296,Now You See Me
SOIXAN7E QUIN5E,23271,Now You See Me
See Me Louisiana,23272,Now You See Me
Columbia Pictures,5,Grown Ups
Happy Madison Productions,2608,Grown Ups
Relativity Media,7295,Grown Ups
DreamWorks SKG,27,The Terminal
Amblin Entertainment,56,The Terminal
Parkes/MacDonald Productions,11084,The Terminal
DreamWorks SKG,27,Hotel for Dogs
Nickelodeon Movies,2348,Hotel for Dogs
Columbia Pictures Corporation,441,Vertical Limit
Global Entertainment Productions GmbH & Company Medien KG,9269,Vertical Limit
Universal Pictures,33,Charlie Wilson's War
Participant Productions,2030,Charlie Wilson's War
Playtone Production,2031,Charlie Wilson's War
DreamWorks SKG,27,Shark Tale
Pacific Data Images (PDI),520,Shark Tale
DreamWorks Animation,521,Shark Tale
Paramount Pictures,4,Dreamgirls
DreamWorks SKG,27,Dreamgirls
Laurence Mark Productions,415,Dreamgirls
Double Feature Films,215,Be Cool
Jersey Films,216,Be Cool
Nina Saxon Film Design,1693,Be Cool
Metro-Goldwyn-Mayer (MGM),8411,Be Cool
DreamWorks SKG,27,Munich
Universal Pictures,33,Munich
Amblin Entertainment,56,Munich
Peninsula Films,682,Munich
Alliance Atlantis Communications,803,Munich
"Kennedy/Marshall Company, The",7383,Munich
Barry Mendel Productions,17032,Munich
Columbia Pictures,5,Tears of the Sun
Revolution Studios,497,Tears of the Sun
Cheyenne Enterprises,890,Tears of the Sun
Michael Lobell Productions,13473,Tears of the Sun
Katalyst Films,817,Killers
Lionsgate,1632,Killers
Aversano Films,60022,Killers
Davis Entertainment,1302,The Man from U.N.C.L.E.
Warner Bros.,6194,The Man from U.N.C.L.E.
Wigram Productions,23202,The Man from U.N.C.L.E.
RatPac-Dune Entertainment,41624,The Man from U.N.C.L.E.
Gracie Films,18,Spanglish
Columbia Pictures Corporation,441,Spanglish
Columbia Pictures,5,Monster House
Amblin Entertainment,56,Monster House
Sony Pictures Animation,2251,Monster House
Sony Pictures Entertainment,5752,Monster House
ImageMovers,11395,Monster House
Cheyenne Enterprises,890,Bandits
Epsilon Motion Pictures,1171,Bandits
Empire Pictures,1212,Bandits
Metro-Goldwyn-Mayer (MGM),8411,Bandits
Hyde Park Entertainment,13816,Bandits
Baltimore Spring Creek Productions,16061,Bandits
Lotus Pictures,52944,Bandits
Columbia Pictures Corporation,441,First Knight
First Knight Productions,10158,First Knight
Fox 2000 Pictures,711,Anna and the King
UK Film Council,2452,Attack the Block
Studio Canal,5870,Attack the Block
Film4,9349,Attack the Block
Virgin Produced,8852,Immortals
Mark Canton Productions,11761,Immortals
Miramax Films,14,Hostage
Cheyenne Enterprises,890,Hostage
Yari Film Group,2448,Hostage
Stratus Film Co.,11027,Hostage
Syndicate Films International,26947,Hostage
Equity Pictures Medienfonds GmbH & Co. KG II,26948,Hostage
Hostage GmbH,26949,Hostage
Twentieth Century Fox Film Corporation,306,Titan A.E.
David Kirschner Productions,11050,Titan A.E.
Fox Animation Studios,11231,Titan A.E.
Columbia Pictures,5,Hollywood Homicide
Revolution Studios,497,Hollywood Homicide
Impact Pictures,248,Soldier
Jerry Weintraub Productions,2596,Soldier
Warner Bros.,6194,Soldier
Morgan Creek Productions,10210,Soldier
Paramount Pictures,4,Snake Eyes
DeBart,2519,Snake Eyes
Touchstone Pictures,9195,Snake Eyes
Mel's Cite du Cinema,54502,Snake Eyes
Paramount Vantage,838,Carriers
Likely Story,1785,Carriers
Ivy Boy Productions,4482,Carriers
This Is That Productions,10059,Carriers
Twentieth Century Fox Film Corporation,306,Monkeybone
1492 Pictures,436,Monkeybone
Twitching Image Studio,89626,Monkeybone
Twentieth Century Fox Film Corporation,306,Flight of the Phoenix
Davis Entertainment,1302,Flight of the Phoenix
Aldrich Group,49478,Flight of the Phoenix
Optional Pictures,54004,Flight of the Phoenix
Limited Edition Productions Inc.,3683,Unbreakable
Touchstone Pictures,9195,Unbreakable
Blinding Edge Pictures,12236,Unbreakable
Barry Mendel Productions,17032,Unbreakable
Universal Pictures,33,Minions
Illumination Entertainment,6704,Minions
Legendary Pictures,923,Sucker Punch
Warner Bros.,6194,Sucker Punch
Lennox House Films,22119,Sucker Punch
Cruel and Unusual Films,78685,Sucker Punch
Punch Productions,2154,Sphere
Warner Bros.,6194,Sphere
Baltimore Pictures,11407,Sphere
Constant c Productions,23370,Sphere
Columbia Pictures,5,The Angry Birds Movie
Rovio Entertainment,18642,The Angry Birds Movie
Sony Pictures Imageworks (SPI),30692,The Angry Birds Movie
Rovio Mobile,50848,The Angry Birds Movie
Rovio Animation,91920,The Angry Birds Movie
De Line Pictures,2609,Fool's Gold
Warner Bros.,6194,Fool's Gold
Columbia Pictures,5,Funny People
Universal Pictures,33,Funny People
Happy Madison Productions,2608,Funny People
Relativity Media,7295,Funny People
Apatow Productions,10105,Funny People
Madison 23,11708,Funny People
Universal Pictures,33,The Kingdom
Forward Pass,675,The Kingdom
Relativity Media,7295,The Kingdom
FilmWorks,7786,The Kingdom
MDBF Zweite Filmgesellschaft,12246,The Kingdom
Columbia Pictures,5,Talladega Nights: The Ballad of Ricky Bobby
Apatow Productions,10105,Talladega Nights: The Ballad of Ricky Bobby
Twentieth Century Fox Film Corporation,306,Dr. Dolittle 2
Joseph M. Singer Entertainment,1301,Dr. Dolittle 2
Davis Entertainment,1302,Dr. Dolittle 2
Icon Entertainment International,4564,Braveheart
The Ladd Company,7965,Braveheart
B.H. Finance C.V.,11353,Braveheart
Universal Pictures,33,Jarhead
Neal Street Productions,1522,Jarhead
Red Wagon Entertainment,14440,Jarhead
Motion Picture KAPPA Produktionsgesellschaft,19934,Jarhead
Gracie Films,18,The Simpsons Movie
Twentieth Century Fox Film Corporation,306,The Simpsons Movie
Village Roadshow Pictures,79,The Majestic
Castle Rock Entertainment,97,The Majestic
NPV Entertainment,172,The Majestic
Darkwoods Productions,3982,The Majestic
Walt Disney Pictures,2,Cars
Pixar Animation Studios,3,Cars
Epsilon Motion Pictures,1171,Driven
Franchise Pictures,1403,Driven
Trackform Film Productions,10107,Driven
Mel's Cite du Cinema,54502,Driven
Pathé Renn Productions,866,Two Brothers
TF1 Films Production,3823,Two Brothers
Canal+,5358,Two Brothers
Pathe,7396,Two Brothers
Two Brothers Productions,19238,Two Brothers
Scott Rudin Productions,258,The Village
Touchstone Pictures,9195,The Village
Blinding Edge Pictures,12236,The Village
Twentieth Century Fox Film Corporation,306,Doctor Dolittle
Joseph M. Singer Entertainment,1301,Doctor Dolittle
Davis Entertainment,1302,Doctor Dolittle
"Kennedy/Marshall Company, The",7383,Signs
Touchstone Pictures,9195,Signs
Blinding Edge Pictures,12236,Signs
DreamWorks SKG,27,Shrek 2
Pacific Data Images (PDI),520,Shrek 2
DreamWorks Animation,521,Shrek 2
Columbia Pictures,5,Wolf
Paramount Pictures,4,Runaway Bride
Lakeshore Entertainment,126,Runaway Bride
Touchstone Pictures,9195,Runaway Bride
Interscope Communications,10201,Runaway Bride
Columbia Pictures,5,xXx
Original Film,333,xXx
Revolution Studios,497,xXx
Paramount Pictures,4,The SpongeBob Movie: Sponge Out of Water
Nickelodeon Movies,2348,The SpongeBob Movie: Sponge Out of Water
Nickelodeon Animation Studios,4859,The SpongeBob Movie: Sponge Out of Water
United Plankton Pictures,8921,The SpongeBob Movie: Sponge Out of Water
Disruption Entertainment,10256,The SpongeBob Movie: Sponge Out of Water
Paramount Animation,24955,The SpongeBob Movie: Sponge Out of Water
Touchstone Pictures,9195,Ransom
Brian Grazer/Scott Rudin Productions,90663,Ransom
Universal Pictures,33,Inglourious Basterds
A Band Apart,59,Inglourious Basterds
The Weinstein Company,308,Inglourious Basterds
Zehnte Babelsberg,6817,Inglourious Basterds
Visiona Romantica,6818,Inglourious Basterds
Amblin Entertainment,56,Hook
TriStar Pictures,559,Hook
Twentieth Century Fox Film Corporation,306,Die Hard 2
Gordon Company,1073,Die Hard 2
Silver Pictures,1885,Die Hard 2
Original Film,333,S.W.A.T.
Columbia Pictures Corporation,441,S.W.A.T.
Camelot Pictures,11728,S.W.A.T.
Chris Lee Productions,20033,S.W.A.T.
Illusion Entertainment,20034,S.W.A.T.
Paramount Pictures,4,Vanilla Sky
Cruise-Wagner Productions,349,Vanilla Sky
Vinyl Films,485,Vanilla Sky
Legendary Pictures,923,Lady in the Water
Warner Bros.,6194,Lady in the Water
Blinding Edge Pictures,12236,Lady in the Water
Impact Pictures,248,AVP: Alien vs. Predator
Studio Babelsberg,264,AVP: Alien vs. Predator
Twentieth Century Fox Film Corporation,306,AVP: Alien vs. Predator
Davis Entertainment,1302,AVP: Alien vs. Predator
Stillking Films,11345,AVP: Alien vs. Predator
Brandywine Productions,19747,AVP: Alien vs. Predator
Lonlink Productions,19828,AVP: Alien vs. Predator
Kut Productions,19829,AVP: Alien vs. Predator
Inside Track Films,19834,AVP: Alien vs. Predator
Charenton Productions Limited,19835,AVP: Alien vs. Predator
Revolution Sun Studios,76043,AVP: Alien vs. Predator
DreamWorks SKG,27,War Horse
Amblin Entertainment,56,War Horse
Reliance Entertainment,7294,War Horse
"Kennedy/Marshall Company, The",7383,War Horse
Regency Enterprises,508,Alvin and the Chipmunks: The Squeakquel
Fox 2000 Pictures,711,Alvin and the Chipmunks: The Squeakquel
Bagdasarian Productions,10930,Alvin and the Chipmunks: The Squeakquel
Icon Entertainment International,4564,We Were Soldiers
Wheelhouse Entertainment,53005,We Were Soldiers
Motion Picture Production GmbH & Co. Erste KG,53006,We Were Soldiers
Nu Image Films,925,Olympus Has Fallen
Millennium Films,10254,Olympus Has Fallen
Paramount Pictures,4,Star Trek: Insurrection
Columbia Pictures,5,Battle: Los Angeles
Original Film,333,Battle: Los Angeles
Relativity Media,7295,Battle: Los Angeles
Columbia Pictures,5,Big Fish
The Zanuck Company,80,Big Fish
Jinks/Cohen Company,2721,Big Fish
Tim Burton Productions,8601,Big Fish
Columbia Pictures,5,The Monuments Men
Studio Babelsberg,264,The Monuments Men
Fox 2000 Pictures,711,The Monuments Men
Smokehouse Pictures,22695,The Monuments Men
Obelisk Productions,24970,The Monuments Men
Twentieth Century Fox Film Corporation,306,The Abyss
Lightstorm Entertainment,574,The Abyss
Pacific Western,1280,The Abyss
Twentieth Century Fox Film Corporation,306,Wall Street: Money Never Sleeps
Dune Entertainment,444,Wall Street: Money Never Sleeps
Dune Entertainment III,6332,Wall Street: Money Never Sleeps
Edward R. Pressman Film,6455,Wall Street: Money Never Sleeps
Universal Pictures,33,Dracula Untold
Legendary Pictures,923,Dracula Untold
Fuji Television Network,3341,Dracula Untold
Dentsu,6452,Dracula Untold
Michael De Luca Productions,27551,Dracula Untold
Twentieth Century Fox Film Corporation,306,The Siege
Lynda Obst Productions,13769,The Siege
"Bedford Falls Company, The",20634,The Siege
Paramount Pictures,4,Stardust
Ingenious Film Partners,289,Stardust
Di Bonaventura Pictures,435,Stardust
Marv Films,5374,Stardust
Vaughn Productions,23420,Stardust
Lakeshore Entertainment,126,Underworld: Awakening
Saturn Films,831,Underworld: Awakening
Screen Gems,3287,Underworld: Awakening
Sketch Films,7738,Underworld: Awakening
UW4 Productions,7740,Underworld: Awakening
TriStar Pictures,559,Seven Years in Tibet
Mandalay Entertainment,1236,Seven Years in Tibet
Applecross,57435,Seven Years in Tibet
Reperage & Vanguard Films,57436,Seven Years in Tibet
Imagine Entertainment,23,The Dilemma
Universal Pictures,33,The Dilemma
Spyglass Entertainment,158,The Dilemma
Wild West Picture Show Productions,2796,The Dilemma
Jerry Bruckheimer Films,130,Bad Company
Touchstone Pictures,9195,Bad Company
Stillking Films,11345,Bad Company
Di Bonaventura Pictures,435,Doom
John Wells Productions,1512,Doom
Reaper Productions,2539,Doom
Stillking Films,11345,Doom
Babelsberg Film,19481,Doom
Doom Productions,19922,Doom
Distant Planet Productions,19923,Doom
Columbia Pictures Corporation,441,I Spy
New Line Cinema,12,Rock of Ages
Offspring Entertainment,2378,Rock of Ages
Corner Store Entertainment,8871,Rock of Ages
Material Pictures,12139,Rock of Ages
David Foster Productions,496,Hart's War
Cheyenne Enterprises,890,Hart's War
Metro-Goldwyn-Mayer (MGM),8411,Hart's War
David Ladd Films,21447,Hart's War
Current Entertainment,972,Killer Elite
Omnilab Media,2729,Killer Elite
Ambience Entertainment,3427,Killer Elite
International Traders,6408,Killer Elite
Open Road Films,10427,Killer Elite
Sighvatsson Films,11369,Killer Elite
Palomar Pictures (II),11371,Killer Elite
Film Victoria,11840,Killer Elite
Wales Creative IP Fund,11841,Killer Elite
Atlas Entertainment,507,Rollerball
Toho-Towa,657,Rollerball
Mosaic Media Group,748,Rollerball
Yorktown Productions,1484,Rollerball
Helkon Media AG,2216,Rollerball
Metro-Goldwyn-Mayer (MGM),8411,Rollerball
Epsilon Motion Pictures,1171,Ballistic: Ecks vs. Sever
Franchise Pictures,1403,Ballistic: Ecks vs. Sever
Dante Entertainment,2755,Ballistic: Ecks vs. Sever
Chris Lee Productions,20033,Ballistic: Ecks vs. Sever
SuperMega,76491,Ballistic: Ecks vs. Sever
MHF Erste Academy Film GmbH & Co. Produktions KG,76492,Ballistic: Ecks vs. Sever
Paramount Pictures,4,Hard Rain
Toho-Towa,657,Hard Rain
Mutual Film Company,762,Hard Rain
PolyGram Filmed Entertainment,1382,Hard Rain
Marubeni,4650,Hard Rain
Tele München Fernseh Produktionsgesellschaft (TMG),7237,Hard Rain
UGC PH,23932,Hard Rain
British Broadcasting Corporation (BBC) Television,48136,Hard Rain
Stargate Studios,55474,Hard Rain
Conundrum Entertainment,1156,Osmosis Jones
Warner Bros. Animation,2785,Osmosis Jones
Warner Bros.,6194,Osmosis Jones
Prana Animation Studios,22135,Legends of Oz: Dorothy's Return
Summertime Entertainment,48471,Legends of Oz: Dorothy's Return
Universal Pictures,33,Blackhat
Forward Pass,675,Blackhat
Legendary Pictures,923,Blackhat
Paramount Pictures,4,Sky Captain and the World of Tomorrow
Natural Nylon Entertainment,804,Sky Captain and the World of Tomorrow
Riff Raff Film Productions,1668,Sky Captain and the World of Tomorrow
Filmauro,4753,Sky Captain and the World of Tomorrow
Blue Flower Productions,10671,Sky Captain and the World of Tomorrow
Brooklyn Films II,10672,Sky Captain and the World of Tomorrow
Intermedia Films,763,Basic Instinct 2
Kanzaman,4169,Basic Instinct 2
C-2 Pictures,7340,Basic Instinct 2
IMF Internationale Medien und Film GmbH & Co. 3. Produktions KG,19116,Basic Instinct 2
Ingenious Film Partners,289,Flyboys
Electric Entertainment,3241,Flyboys
Skydance Productions,6277,Flyboys
Flyboys Films,6362,Flyboys
Summit Entertainment,491,Escape Plan
Atmosphere Entertainment MM,2995,Escape Plan
Emmett/Furla Films,10405,Escape Plan
Mark Canton Productions,11761,Escape Plan
Envision Entertainment,31832,Escape Plan
Boies / Schiller Film Group,36212,Escape Plan
Knightsbridge Entertainment,46961,Escape Plan
Millennium Films,10254,The Legend of Hercules
Paramount Pictures,4,The Sum of All Fears
Mace Neufeld Productions,2767,The Sum of All Fears
MFP Munich Film Partners GmbH & Company I. Produktions KG,21409,The Sum of All Fears
S.O.A.F. Productions,21410,The Sum of All Fears
Mel's Cite du Cinema,54502,The Sum of All Fears
Summit Entertainment,491,The Twilight Saga: Eclipse
Maverick Films,4000,The Twilight Saga: Eclipse
Imprint Entertainment,5218,The Twilight Saga: Eclipse
Sunswept Entertainment,5219,The Twilight Saga: Eclipse
Temple Hill Entertainment,12292,The Twilight Saga: Eclipse
Paramount Pictures,4,The Score
Mandalay Pictures,551,The Score
Horseshoe Bay Productions,19552,The Score
Spyglass Entertainment,158,The Insider
Forward Pass,675,The Insider
Kaitz Productions,8758,The Insider
Mann/Roth Productions,8759,The Insider
Touchstone Pictures,9195,The Insider
Universal Pictures,33,Despicable Me
Illumination Entertainment,6704,Despicable Me
Columbia Pictures,5,Money Train
Universal Pictures,33,Ted 2
Fuzzy Door Productions,8789,Ted 2
Bluegrass Films,13778,Ted 2
Smart Entertainment,44783,Ted 2
Media Rights Capital (MRC),86655,Ted 2
Himenóptero,784,Agora
Telecinco Cinema,2674,Agora
Mod Producciones,5444,Agora
Nimar Studios,7636,Agora
Canal+ España,9335,Agora
Instituto de la Cinematografía y de las Artes Audiovisuales (ICAA),9974,Agora
Government of Malta,19927,Agora
Universal Pictures,33,Mystery Men
Dark Horse Entertainment,552,Mystery Men
Golar Productions,2484,Mystery Men
New Line Cinema,12,Hall Pass
Conundrum Entertainment,1156,Hall Pass
Walt Disney Pictures,2,The Finest Hours
Whitaker Entertainment,51164,The Finest Hours
Bergsten Music,77739,The Finest Hours
Red Hawk Entertainment,78217,The Finest Hours
Scott Free Productions,1645,Body of Lies
De Line Pictures,2609,Body of Lies
Warner Bros.,6194,Body of Lies
Paramount Pictures,4,Dinner for Schmucks
DreamWorks SKG,27,Dinner for Schmucks
Spyglass Entertainment,158,Dinner for Schmucks
Everyman Pictures,2242,Dinner for Schmucks
Reliance BIG Entertainment,6733,Dinner for Schmucks
Parkes/MacDonald Productions,11084,Dinner for Schmucks
Twentieth Century Fox Film Corporation,306,Abraham Lincoln: Vampire Hunter
Bazelevs Production,1038,Abraham Lincoln: Vampire Hunter
Tim Burton Productions,8601,Abraham Lincoln: Vampire Hunter
Abraham Productions,36430,Abraham Lincoln: Vampire Hunter
Location Gourmet,36431,Abraham Lincoln: Vampire Hunter
Fountainbridge Films,414,Entrapment
Regency Enterprises,508,Entrapment
Twentieth Century Fox Film Corporation,306,The X Files
Ten Thirteen Productions,545,The X Files
Ingenious Film Partners,289,The Last Legion
Quinta Communications,6370,The Last Legion
Dino De Laurentiis Company,10308,The Last Legion
Zephyr Films,16923,The Last Legion
Paramount Pictures,4,Saving Private Ryan
DreamWorks SKG,27,Saving Private Ryan
Amblin Entertainment,56,Saving Private Ryan
Mutual Film Company,762,Saving Private Ryan
Mark Gordon Productions,11362,Saving Private Ryan
DreamWorks SKG,27,Need for Speed
Reliance Entertainment,7294,Need for Speed
Bandito Brothers,8403,Need for Speed
Touchstone Pictures,9195,Need for Speed
Electronic Arts,34890,Need for Speed
Revolution Sun Studios,76043,Need for Speed
Paramount Pictures,4,What Women Want
Centropolis Entertainment,347,What Women Want
Icon Entertainment International,4564,What Women Want
Wind Dancer Productions,8116,What Women Want
Twentieth Century Fox Film Corporation,306,Ice Age
Blue Sky Studios,9383,Ice Age
Twentieth Century Fox Animation,11749,Ice Age
Village Roadshow Pictures,79,Dreamcatcher
Castle Rock Entertainment,97,Dreamcatcher
NPV Entertainment,172,Dreamcatcher
Kasdan Pictures,13040,Dreamcatcher
WV Films II,24939,Dreamcatcher
Sunswept Entertainment,5219,Marley & Me
Dune Entertainment III,6332,Marley & Me
DreamWorks,7,Lincoln
Amblin Entertainment,56,Lincoln
Twentieth Century Fox Film Corporation,306,Lincoln
Dune Entertainment,444,Lincoln
The Kennedy/Marshall Company,862,Lincoln
Participant Media,6735,Lincoln
Reliance Entertainment,7294,Lincoln
Village Roadshow Pictures,79,The Matrix
Groucho II Film Partnership,372,The Matrix
Silver Pictures,1885,The Matrix
Warner Bros.,6194,The Matrix
Imagine Entertainment,23,Apollo 13
Universal Pictures,33,Apollo 13
Walt Disney Pictures,2,The Santa Clause 2
Outlaw Productions,889,The Santa Clause 2
Boxing Cat Films,12626,The Santa Clause 2
Universal Pictures,33,Les Misérables
Relativity Media,7295,Les Misérables
CAMERON MACKINTOSH,7923,Les Misérables
Working Title Films,10163,Les Misérables
Warner Bros.,6194,You've Got Mail
Columbia Pictures,5,Step Brothers
Mosaic Media Group,748,Step Brothers
Gary Sanchez Productions,4740,Step Brothers
Relativity Media,7295,Step Brothers
Apatow Productions,10105,Step Brothers
Amblin Entertainment,56,The Mask of Zorro
TriStar Pictures,559,The Mask of Zorro
Legendary Pictures,923,Due Date
Green Hat Films,3527,Due Date
Warner Bros.,6194,Due Date
Legendary Pictures,923,Unbroken
3 Arts Entertainment,36390,Unbroken
Jolie Pas,39443,Unbroken
Village Roadshow Pictures,79,Space Cowboys
Malpaso Productions,171,Space Cowboys
Mad Chance,1757,Space Cowboys
Warner Bros.,6194,Space Cowboys
Clipsal Films,10566,Space Cowboys
Digital Image Associates,76068,Space Cowboys
TriStar Pictures,559,Cliffhanger
Canal+,5358,Cliffhanger
Carolco Pictures,14723,Cliffhanger
RCS Video,23246,Cliffhanger
Cliffhanger Productions,45728,Cliffhanger
Pioneer,45729,Cliffhanger
Twentieth Century Fox Film Corporation,306,Broken Arrow
WCG Entertainment Productions,456,Broken Arrow
Mark Gordon Productions,11362,Broken Arrow
Castle Rock Entertainment,97,The Green Mile
Darkwoods Productions,3982,The Green Mile
Warner Bros.,6194,The Green Mile
Walt Disney Pictures,2,The Kid
Paramount Pictures,4,World Trade Center
Double Feature Films,215,World Trade Center
Intermedia Films,763,World Trade Center
Kernos Filmproduktionsgesellschaft & Company,20396,World Trade Center
Columbia Pictures,5,Mona Lisa Smile
Revolution Studios,497,Mona Lisa Smile
Paramount Pictures,4,The Dictator
Hobby Films,194,Eyes Wide Shut
Pole Star,195,Eyes Wide Shut
Stanley Kubrick Productions,385,Eyes Wide Shut
Warner Bros.,6194,Eyes Wide Shut
Columbia Pictures,5,Annie
Olive Bridge Entertainment,7291,Annie
Sony Pictures Entertainment (SPE),7431,Annie
Overbrook Entertainment,12485,Annie
Marcy Media,95063,Annie
Kramer & Sigman Films,21914,Focus
RatPac-Dune Entertainment,41624,Focus
Zaftig Films,47586,Focus
Dune Entertainment,444,This Means War
Overbrook Films,907,This Means War
Robert Simonds Productions,3929,This Means War
New Line Cinema,12,Blade: Trinity
Amen Ra Films,421,Blade: Trinity
Shawn Danielle Productions Ltd.,8851,Blade: Trinity
Imaginary Forces,11321,Blade: Trinity
Marvel Enterprises,19551,Blade: Trinity
Peter Frankfurt Productions,42209,Blade: Trinity
United Artists,60,Red Dawn
Valkyrie Films,774,Red Dawn
Universal Pictures,33,Primary Colors
Mutual Film Company,762,Primary Colors
Universal Pictures,33,The Adjustment Bureau
Media Rights Capital,2531,The Adjustment Bureau
Gambit Pictures,6933,The Adjustment Bureau
Electric Shepherd Productions,11834,The Adjustment Bureau
Davis-Films,342,Resident Evil: Retribution
Universal Pictures,33,Death Race
Cruise/Wagner Productions,44,Death Race
Impact Pictures,248,Death Race
Relativity Media,7295,Death Race
Scion Films,7419,Death Race
H2S2 Filmproduktionsgesellschaft,28121,Death Race
New Line Cinema,12,The Long Kiss Goodnight
Forge,2980,The Long Kiss Goodnight
The Steve Tisch Company,21920,The Long Kiss Goodnight
Castle Rock Entertainment,97,Proof of Life
Warner Bros.,6194,Proof of Life
Columbia Pictures Corporation,441,Zathura: A Space Adventure
Teitler Film,2550,Zathura: A Space Adventure
Michael De Luca Productions,11370,Zathura: A Space Adventure
Radar Pictures,14718,Zathura: A Space Adventure
Universal Studios,13,2 Guns
Marc Platt Productions,2527,2 Guns
Emmett/Furla Films,10405,2 Guns
Envision Entertainment Corporation,11030,2 Guns
Regency Enterprises,508,Fight Club
Fox 2000 Pictures,711,Fight Club
Taurus Film,20555,Fight Club
Linson Films,54050,Fight Club
Atman Entertainment,54051,Fight Club
Knickerbocker Films,54052,Fight Club
Legendary Pictures,923,We Are Marshall
Thunder Road Pictures,3528,We Are Marshall
Wonderland Sound and Vision,4022,We Are Marshall
Warner Bros.,6194,We Are Marshall
TriStar Pictures,559,Hudson Hawk
Silver Pictures,1885,Hudson Hawk
Paramount Pictures,4,Lucky Numbers
StudioCanal,694,Lucky Numbers
Lakeshore Entertainment,126,"I, Frankenstein"
Sidney Kimmel Entertainment,737,"I, Frankenstein"
Lionsgate,1632,"I, Frankenstein"
Hopscotch Films,13788,"I, Frankenstein"
R.P. Productions,355,Oliver Twist
ETIC Films,2979,Oliver Twist
Runteam III Ltd.,6732,Oliver Twist
Twentieth Century Fox Film Corporation,306,Elektra
Regency Enterprises,508,Elektra
Epsilon Motion Pictures,1171,Elektra
New Regency Pictures,10104,Elektra
Marvel Enterprises,19551,Elektra
Horseshoe Bay Productions,19552,Elektra
Elektra Productions,19553,Elektra
SAI Productions,19554,Elektra
Miramax Films,14,Sin City: A Dame to Kill For
Troublemaker Studios,10807,Sin City: A Dame to Kill For
AR Films,11005,Sin City: A Dame to Kill For
Aldamisa Entertainment,11006,Sin City: A Dame to Kill For
Demarest Films,13241,Sin City: A Dame to Kill For
Solipsist Film,29076,Sin City: A Dame to Kill For
Residaco,41658,Sin City: A Dame to Kill For
Columbia Pictures,5,Random Hearts
Universal Pictures,33,Everest
Working Title Films,10163,Everest
Walden Media,10221,Everest
Cross Creek Pictures,10246,Everest
Free State Pictures,40106,Everest
RVK Studios,62693,Everest
Davis-Films,342,Perfume: The Story of a Murderer
Nouvelles Éditions de Films (NEF),753,Perfume: The Story of a Murderer
Rising Star,1208,Perfume: The Story of a Murderer
VIP Medienfonds 4,2116,Perfume: The Story of a Murderer
Ikiru Films,2875,Perfume: The Story of a Murderer
Constantin Film Produktion,5755,Perfume: The Story of a Murderer
Castelao Producciones,7956,Perfume: The Story of a Murderer
New Line Cinema,12,Austin Powers in Goldmember
Eric's Boy,595,Austin Powers in Goldmember
Team Todd,598,Austin Powers in Goldmember
Moving Pictures,15888,Austin Powers in Goldmember
Gratitude International,52943,Austin Powers in Goldmember
Paramount Pictures,4,The Man Who Shot Liberty Valance
John Ford Productions,10698,The Man Who Shot Liberty Valance
The Weinstein Company,308,Astro Boy
Summit Entertainment,491,Astro Boy
Tezuka Production Company Ltd.,3196,Astro Boy
Imagi Animation Studios,3463,Astro Boy
Universal Pictures,33,Jurassic Park
Amblin Entertainment,56,Jurassic Park
Tig Productions,335,Wyatt Earp
Warner Bros.,6194,Wyatt Earp
Kasdan Pictures,13040,Wyatt Earp
Paragon Entertainment Corp.,24217,Wyatt Earp
Paramount Pictures,4,Clear and Present Danger
Mace Neufeld Productions,2767,Clear and Present Danger
Shanghai Film Group,3407,Dragon Blade
Jackie & JJ Production,19658,Dragon Blade
Sparkle Roll Media,36958,Dragon Blade
Huayi Brothers Media,39649,Dragon Blade
Alibaba Pictures Group,69484,Dragon Blade
Home Media & Entertainment Fund,74456,Dragon Blade
Tencent Video,74457,Dragon Blade
China Film & TV Capital,74458,Dragon Blade
Visualizer Film Company,74459,Dragon Blade
Revolution Studios,497,Little Man
Wayans Bros. Entertainment,1608,Little Man
Universal Pictures,33,U-571
Canal Plus,104,U-571
Dino De Laurentiis Company,10308,U-571
Columbia Pictures,5,The American President
Castle Rock Entertainment,97,The American President
Paramount Pictures,4,The Love Guru
Goldcrest Pictures,11843,The Love Guru
Internationale Filmproduktion,15742,The Love Guru
DreamWorks SKG,27,The Prince of Egypt
DreamWorks Animation,521,The Prince of Egypt
Franchise Pictures,1403,3000 Miles to Graceland
Warner Bros.,6194,3000 Miles to Graceland
Morgan Creek Productions,10210,3000 Miles to Graceland
Double Feature Films,215,The Hateful Eight
The Weinstein Company,308,The Hateful Eight
FilmColony,1811,The Hateful Eight
DreamWorks,7,Blades of Glory
Universal Pictures,33,Hop
Illumination Entertainment,6704,Hop
Virtual Studios,449,300
Legendary Pictures,923,300
Hollywood Gang Productions,2994,300
Atmosphere Entertainment MM,2995,300
Warner Bros.,6194,300
Nimar Studios,7636,300
Cruel and Unusual Films,78685,300
DreamWorks SKG,27,Meet the Fockers
Universal Pictures,33,Meet the Fockers
Everyman Pictures,2242,Meet the Fockers
Tribeca Productions,11391,Meet the Fockers
Wild Hogs Productions,6354,Wild Hogs
Touchstone Pictures,9195,Wild Hogs
Walt Disney Pictures,2,Chicken Little
Walt Disney Feature Animation,10217,Chicken Little
Twentieth Century Fox Film Corporation,306,Gone Girl
Regency Enterprises,508,Gone Girl
New Regency Pictures,10104,Gone Girl
Pacific Standard,15829,Gone Girl
TSG Entertainment,22213,Gone Girl
Artemple - Hollywood,60682,Gone Girl
Universal Pictures,33,The Bourne Identity
"Kennedy/Marshall Company, The",7383,The Bourne Identity
Hypnotic,7384,The Bourne Identity
Kalima Productions GmbH & Co. KG,7385,The Bourne Identity
Stillking Films,11345,The Bourne Identity
United Artists,60,GoldenEye
Eon Productions,7576,GoldenEye
Paramount Pictures,4,The General's Daughter
MFP Munich Film Partners GmbH & Company I. Produktions KG,21409,The General's Daughter
Krane Entertainment,25358,The General's Daughter
Neufeld Rehme Productions,38005,The General's Daughter
Paramount Pictures,4,The Truman Show
Scott Rudin Productions,258,The Truman Show
Village Roadshow Pictures,79,Cats & Dogs
NPV Entertainment,172,Cats & Dogs
Mad Chance,1757,Cats & Dogs
Zide-Perry Productions,3169,Cats & Dogs
Warner Bros.,6194,Cats & Dogs
BenderSpink,6363,Cats & Dogs
De Line Pictures,2609,The Italian Job
Working Title Films,10163,The Italian Job
Village Roadshow Pictures,79,Two Weeks Notice
Castle Rock Entertainment,97,Two Weeks Notice
NPV Entertainment,172,Two Weeks Notice
Fortis Films,4258,Two Weeks Notice
DreamWorks SKG,27,Antz
Pacific Data Images (PDI),520,Antz
DreamWorks Animation,521,Antz
Universal Pictures,33,Couples Retreat
Wild West Picture Show Productions,2796,Couples Retreat
Stuber Productions,4403,Couples Retreat
Relativity Media,7295,Couples Retreat
Paramount Pictures,4,Payback
Icon Entertainment International,4564,Payback
Paramount Pictures,4,Days of Thunder
Don Simpson/Jerry Bruckheimer Films,10288,Days of Thunder
Twentieth Century Fox Film Corporation,306,Cheaper by the Dozen 2
21 Laps Entertainment,2575,Cheaper by the Dozen 2
Dozen Canada Productions,87840,Cheaper by the Dozen 2
Gotham Group,3672,Maze Runner: The Scorch Trials
Temple Hill Entertainment,12292,Maze Runner: The Scorch Trials
TSG Entertainment,22213,Maze Runner: The Scorch Trials
Columbia Pictures,5,Eat Pray Love
Red Om Films,2455,Eat Pray Love
Plan B Entertainment,45778,Eat Pray Love
Universal Pictures,33,The Family Man
Paramount Pictures,4,Jack Reacher
Mutual Film Company,762,Jack Reacher
Skydance Productions,6277,Jack Reacher
TC Productions,21777,Jack Reacher
DC Comics,429,RED
Di Bonaventura Pictures,435,RED
Summit Entertainment,491,RED
DC Entertainment,9993,RED
Donners' Company,431,Any Given Sunday
Ixtlan,4198,Any Given Sunday
Warner Bros.,6194,Any Given Sunday
Wildwood Enterprises,316,The Horse Whisperer
Touchstone Pictures,9195,The Horse Whisperer
Paramount Pictures,4,Collateral
DreamWorks SKG,27,Collateral
Parkes/MacDonald Productions,11084,Collateral
Edge City,11463,Collateral
Universal Pictures,33,The Scorpion King
Kalima Productions GmbH & Co. KG,7385,The Scorpion King
World Wrestling Entertainment (WWE),7588,The Scorpion King
Alphaville Films,11462,The Scorpion King
Casey Silver Productions,877,Ladder 49
Beacon Communications,919,Ladder 49
Touchstone Pictures,9195,Ladder 49
Beacon Pictures,10157,Ladder 49
Fantail Films Inc.,53987,Ladder 49
Village Roadshow Pictures,79,Deep Blue Sea
Warner Bros.,6194,Deep Blue Sea
Riche-Ludwig Productions,28438,Deep Blue Sea
Groucho III Film Partnership,28439,Deep Blue Sea
Columbia Pictures,5,This Is It
Double Feature Films,215,Contagion
Regency Enterprises,508,Contagion
Warner Bros.,6194,Contagion
Participant Media,6735,Contagion
Imagenation Abu Dhabi FZ,6736,Contagion
Castle Rock Entertainment,97,Kangaroo Jack
Jerry Bruckheimer Films,130,Kangaroo Jack
Warner Bros.,6194,Kangaroo Jack
Focus Features,10146,Coraline
Laika Entertainment,11537,Coraline
Revolution Studios,497,Hellboy
Dark Horse Entertainment,552,Hellboy
Lawrence Gordon Productions,840,Hellboy
Starlite Films,21497,Hellboy
Spyglass Entertainment,158,The Happening
Twentieth Century Fox Film Corporation,306,The Happening
Dune Entertainment,444,The Happening
UTV Motion Pictures,2320,The Happening
Blinding Edge Pictures,12236,The Happening
Regency Enterprises,508,Man on Fire
Fox 2000 Pictures,711,Man on Fire
Epsilon Motion Pictures,1171,Man on Fire
Scott Free Productions,1645,Man on Fire
New Regency Pictures,10104,Man on Fire
Walt Disney Pictures,2,The Shaggy Dog
Mandeville Films,10227,The Shaggy Dog
Boxing Cat Films,12626,The Shaggy Dog
Weed Road Pictures,433,Starsky & Hutch
Warner Bros.,6194,Starsky & Hutch
Dimension Films,7405,Starsky & Hutch
Red Hour Films,12178,Starsky & Hutch
AR-TL,53610,Starsky & Hutch
Twentieth Century Fox Film Corporation,306,Jingle All the Way
1492 Pictures,436,Jingle All the Way
Paramount Pictures,4,A Civil Action
Wildwood Enterprises,316,A Civil Action
Touchstone Pictures,9195,A Civil Action
Focus Features,10146,ParaNorman
Laika Entertainment,11537,ParaNorman
Universal Pictures,33,The Jackal
Toho-Towa,657,The Jackal
Mutual Film Company,762,The Jackal
Marubeni,4650,The Jackal
Tele München Fernseh Produktionsgesellschaft (TMG),7237,The Jackal
Alphaville Films,11462,The Jackal
British Broadcasting Corporation (BBC),15278,The Jackal
UGC PH,23932,The Jackal
Mel's Cite du Cinema,54502,The Jackal
Paramount Pictures,4,Paycheck
DreamWorks SKG,27,Paycheck
Davis Entertainment,1302,Paycheck
Lion Rock Productions,2812,Paycheck
Province of British Columbia Film Incentive BC,11567,Paycheck
Solomon/Hackett Productions,22536,Paycheck
Cinergi Pictures Entertainment,1504,Up Close & Personal
Touchstone Pictures,9195,Up Close & Personal
Larger Than Life Productions,1163,The Tale of Despereaux
DreamWorks SKG,27,The Tuxedo
Parkes+MacDonald Image Nation,49325,The Tuxedo
Blue Train Productions,67173,The Tuxedo
Regency Enterprises,508,Under Siege 2: Dark Territory
Warner Bros.,6194,Under Siege 2: Dark Territory
Seagal/Nasso Productions,17825,Under Siege 2: Dark Territory
Victor Company of Japan (JVC),21480,Under Siege 2: Dark Territory
Cutting Edge Films,63906,Under Siege 2: Dark Territory
Paramount Pictures,4,Jack Ryan: Shadow Recruit
Di Bonaventura Pictures,435,Jack Ryan: Shadow Recruit
Mace Neufeld Productions,2767,Jack Ryan: Shadow Recruit
Skydance Productions,6277,Jack Ryan: Shadow Recruit
Etalon film,9341,Jack Ryan: Shadow Recruit
Buckaroo Entertainment,11250,Jack Ryan: Shadow Recruit
Fox 2000 Pictures,711,Joy
Davis Entertainment,1302,Joy
Annapurna Pictures,13184,Joy
TSG Entertainment,22213,Joy
Millennium Films,10254,London Has Fallen
LHF Film,73045,London Has Fallen
Gerard Butler Alan Siegel Entertainment,73046,London Has Fallen
Nu Boyana Film Studios,74795,London Has Fallen
Twentieth Century Fox Film Corporation,306,Alien: Resurrection
Brandywine Productions,19747,Alien: Resurrection
Paramount Pictures,4,Shooter
Di Bonaventura Pictures,435,Shooter
Grosvenor Park Impact Productions,57421,Shooter
Village Roadshow Pictures,79,Practical Magic
DiNovi Pictures,813,Practical Magic
Fortis Films,4258,Practical Magic
Warner Bros.,6194,Practical Magic
Stargate Studios,55474,Practical Magic
Village Roadshow Pictures,79,The Lego Movie
DC Comics,429,The Lego Movie
Vertigo Entertainment,829,The Lego Movie
Lin Pictures,2723,The Lego Movie
Warner Bros. Animation,2785,The Lego Movie
LEGO,4081,The Lego Movie
Warner Bros.,6194,The Lego Movie
Animal Logic,8089,The Lego Movie
Warner Animation Group,25120,The Lego Movie
RatPac-Dune Entertainment,41624,The Lego Movie
Village Roadshow Pictures,79,Miss Congeniality 2: Armed and Fabulous
Castle Rock Entertainment,97,Miss Congeniality 2: Armed and Fabulous
Fortis Films,4258,Miss Congeniality 2: Armed and Fabulous
The Zanuck Company,80,Reign of Fire
Spyglass Entertainment,158,Reign of Fire
World 2000 Entertainment,7692,Reign of Fire
Touchstone Pictures,9195,Reign of Fire
Tripod Entertainment,22902,Reign of Fire
Village Roadshow Pictures,79,Gangster Squad
Lin Pictures,2723,Gangster Squad
Warner Bros.,6194,Gangster Squad
Langley Park Production,8057,Gangster Squad
Columbia Pictures,5,Year One
Ocean Pictures,7433,Year One
Apatow Productions,10105,Year One
Warner Bros.,6194,The Nun's Story
Spyglass Entertainment,158,Invictus
Malpaso Productions,171,Invictus
Revelations Entertainment,906,Invictus
Mace Neufeld Productions,2767,Invictus
Warner Bros.,6194,Invictus
Liberty Pictures (II),76466,Invictus
Universal Pictures,33,State of Play
StudioCanal,694,State of Play
Andell Entertainment,1683,State of Play
Relativity Media,7295,State of Play
Working Title Films,10163,State of Play
Universal Pictures,33,Duplicity
Laura Bickford Productions,5163,Duplicity
Relativity Media,7295,Duplicity
Medienproduktion Poseidon Filmgesellschaft,27317,Duplicity
Walt Disney Pictures,2,My Favorite Martian
Twentieth Century Fox Film Corporation,306,The Sentinel
Dune Entertainment,444,The Sentinel
Major Studio Partners,445,The Sentinel
Regency Enterprises,508,The Sentinel
Epsilon Motion Pictures,1171,The Sentinel
New Regency Pictures,10104,The Sentinel
Sentinel Productions,28537,The Sentinel
Furthur Films,33433,The Sentinel
TriStar Pictures,559,Planet 51
Ilion Animation Studios,5653,Planet 51
Hand Made Films,12297,Planet 51
Paramount Pictures,4,Star Trek: Nemesis
Imagine Entertainment,23,Intolerable Cruelty
Universal Pictures,33,Intolerable Cruelty
Mike Zoss Productions,2092,Intolerable Cruelty
Alphaville Productions,6556,Intolerable Cruelty
Malpaso Productions,171,Trouble with the Curve
Warner Bros.,6194,Trouble with the Curve
Icon Productions,152,Edge of Darkness
BBC Films,288,Edge of Darkness
GK Films,3281,Edge of Darkness
Warner Bros.,6194,Edge of Darkness
Paramount Pictures,4,The Relic
Universal Pictures,33,The Relic
Toho-Towa,657,The Relic
Mutual Film Company,762,The Relic
Pacific Western,1280,The Relic
PolyGram Filmed Entertainment,1382,The Relic
Marubeni,4650,The Relic
Tele München Fernseh Produktionsgesellschaft (TMG),7237,The Relic
British Broadcasting Corporation (BBC),15278,The Relic
Universal Pictures,33,The Black Dahlia
Davis-Films,342,The Black Dahlia
Signature Pictures,2982,The Black Dahlia
Linson Entertainment,4700,The Black Dahlia
Art Linson Productions,8769,The Black Dahlia
Millennium Films,10254,The Black Dahlia
Equity Pictures Medienfonds GmbH & Co. KG III,10885,The Black Dahlia
Nu Image Entertainment GmbH,22443,The Black Dahlia
Village Roadshow Pictures,79,Analyze That
NPV Entertainment,172,Analyze That
Warner Bros.,6194,Analyze That
Tribeca Productions,11391,Analyze That
Baltimore Spring Creek Pictures,14719,Analyze That
Face Productions,48638,Analyze That
Grosvenor Park Media Ltd.,2053,Righteous Kill
InVenture Entertainment,2831,Righteous Kill
Millennium Films,10254,Righteous Kill
Emmett/Furla Films,10405,Righteous Kill
Nu-Image Films,21543,Righteous Kill
Imagine Entertainment,23,Mercury Rising
Universal Pictures,33,Mercury Rising
DreamWorks,7,The Soloist
Universal Pictures,33,The Soloist
StudioCanal,694,The Soloist
Participant Media,6735,The Soloist
Krasnoff Foster Productions,8299,The Soloist
Working Title Films,10163,The Soloist
DreamWorks SKG,27,The Legend of Bagger Vance
Twentieth Century Fox Film Corporation,306,The Legend of Bagger Vance
Wildwood Enterprises,316,The Legend of Bagger Vance
Epsilon Motion Pictures,1171,The Legend of Bagger Vance
Allied Filmmakers,1755,The Legend of Bagger Vance
Columbia Pictures,5,Almost Famous
Vinyl Films,485,Almost Famous
DreamWorks Pictures,7293,Almost Famous
Twentieth Century Fox Film Corporation,306,Garfield: A Tail of Two Kitties
Dune Entertainment,444,Garfield: A Tail of Two Kitties
Davis Entertainment,1302,Garfield: A Tail of Two Kitties
Original Film,333,xXx: State of the Union
Columbia Pictures Corporation,441,xXx: State of the Union
Revolution Studios,497,xXx: State of the Union
Screen Gems,3287,Priest
Stars Road Entertainment,8931,Priest
Buckaroo Entertainment,11250,Priest
Michael De Luca Productions,11370,Priest
TOKYOPOP,22641,Priest
DreamWorks Animation,521,Sinbad: Legend of the Seven Seas
Paramount Pictures,4,Event Horizon
Impact Pictures,248,Event Horizon
Golar Productions,2484,Event Horizon
Universal Pictures,33,Dragonfly
Spyglass Entertainment,158,Dragonfly
Shady Acres Entertainment,159,Dragonfly
Gran Via Productions,2605,Dragonfly
Kalima Productions GmbH & Co. KG,7385,Dragonfly
NDE Productions,20352,Dragonfly
Tim Burton Productions,8601,Frankenweenie
DreamWorks SKG,27,The Last Castle
United Artists,60,Supernova
Metro-Goldwyn-Mayer (MGM),8411,Supernova
Hammerhead Productions,20375,Supernova
Screenland Pictures,23587,Supernova
Village Roadshow Pictures,79,Winter's Tale
Weed Road Pictures,433,Winter's Tale
Warner Bros.,6194,Winter's Tale
Constantin Film Produktion,5755,The Mortal Instruments: City of Bones
Don Carmody Productions,22656,The Mortal Instruments: City of Bones
Unique Features,60746,The Mortal Instruments: City of Bones
Mr. Smith Productions,60747,The Mortal Instruments: City of Bones
Twentieth Century Fox Film Corporation,306,Meet Dave
Dune Entertainment,444,Meet Dave
Regency Enterprises,508,Meet Dave
Guy Walks into a Bar Productions,2645,Meet Dave
Deep River Productions,2646,Meet Dave
Friendly Films (II),81136,Meet Dave
Caravan Pictures,175,Holy Man
Touchstone Pictures,9195,Holy Man
Vertigo Entertainment,829,Dark Water
Touchstone Pictures,9195,Dark Water
Post No Bills Films,49696,Dark Water
Pandemonium Productions,49697,Dark Water
Imagine Entertainment,23,Edtv
Universal Pictures,33,Edtv
New Line Cinema,12,Inkheart
Internationale Filmproduktion Blackbird Erste,20360,Inkheart
DC Comics,429,The Spirit
Lionsgate,1632,The Spirit
Odd Lot Entertainment,3263,The Spirit
Media Magik Entertainment,5627,The Spirit
Dark Lot Entertainment,7375,The Spirit
Continental Entertainment Group (CEG),7376,The Spirit
Lionsgate,1632,Mortdecai
Mad Chance,1757,Mortdecai
OddLot Entertainment,36209,Mortdecai
Huayi Brothers Media,39649,Mortdecai
DreamWorks SKG,27,Just Like Heaven
UIP,135,Just Like Heaven
MacDonald/Parkes Productions,384,Just Like Heaven
Boll Kino Beteiligungs GmbH & Co. KG,1062,In the Name of the King: A Dungeon Siege Tale
Brightlight Pictures,1063,In the Name of the King: A Dungeon Siege Tale
Herold Productions,1064,In the Name of the King: A Dungeon Siege Tale
Mandalay Pictures,551,Beyond Borders
CP Medien AG,5521,Beyond Borders
Camelot Pictures,11728,Beyond Borders
Networxx - Film Management,26107,Beyond Borders
Mel's Cite du Cinema,54502,Beyond Borders
Filmko Pictures,9175,The Monkey King 2
Lawrence Bender Productions,2253,The Great Raid
Marty Katz Productions,12552,The Great Raid
Twentieth Century Fox Film Corporation,306,Deadpool
Marvel Entertainment,7505,Deadpool
The Donners' Company,11307,Deadpool
TSG Entertainment,22213,Deadpool
Kinberg Genre,78091,Deadpool
Village Roadshow Pictures,79,American Sniper
Malpaso Productions,171,American Sniper
Warner Bros.,6194,American Sniper
RatPac-Dune Entertainment,41624,American Sniper
Mad Chance Productions,57408,American Sniper
22 & Indiana Pictures,57409,American Sniper
Universal Pictures,33,The Flintstones in Viva Rock Vegas
Amblin Entertainment,56,The Flintstones in Viva Rock Vegas
TriStar Pictures,559,Rambo III
Carolco Pictures,14723,Rambo III
Universal Pictures,33,Leatherheads
Casey Silver Productions,877,Leatherheads
Outlaw Productions (I),19507,Leatherheads
Smokehouse Pictures,22695,Leatherheads
Happy Madison Productions,2608,The Ridiculous 6
Columbia Pictures,5,Did You Hear About the Morgans?
Castle Rock Entertainment,97,Did You Hear About the Morgans?
Relativity Media,7295,Did You Hear About the Morgans?
Banter,45726,Did You Hear About the Morgans?
Twentieth Century Fox Film Corporation,306,The Internship
Regency Enterprises,508,The Internship
21 Laps Entertainment,2575,The Internship
Wild West Picture Show Productions,2796,The Internship
TSG Entertainment,22213,The Internship
Impact Pictures,248,Resident Evil: Afterlife
Davis-Films,342,Resident Evil: Afterlife
Constantin Film Produktion,5755,Resident Evil: Afterlife
Lucasfilm,1,Red Tails
Twentieth Century Fox Film Corporation,306,Red Tails
Partnership Pictures,22883,Red Tails
Regency Enterprises,508,The Devil's Advocate
Monarchy Enterprises B.V.,676,The Devil's Advocate
Kopelson Entertainment,824,The Devil's Advocate
Warner Bros.,6194,The Devil's Advocate
New Regency Pictures,10104,The Devil's Advocate
Taurus Film,20555,The Devil's Advocate
Columbia Pictures,5,That's My Boy
Happy Madison Productions,2608,That's My Boy
Relativity Media,7295,That's My Boy
Universal Pictures,33,DragonHeart
New Line Cinema,12,After the Sunset
Contrafilm,1836,After the Sunset
Firm Films,1838,After the Sunset
Columbia Pictures,5,Ghost Rider: Spirit of Vengeance
Imagenation Abu Dhabi FZ,6736,Ghost Rider: Spirit of Vengeance
Marvel Entertainment,7505,Ghost Rider: Spirit of Vengeance
Marvel Knights,11106,Ghost Rider: Spirit of Vengeance
Hyde Park Entertainment,13816,Ghost Rider: Spirit of Vengeance
Crystal Sky Pictures,20241,Ghost Rider: Spirit of Vengeance
Michael De Luca Productions,27551,Ghost Rider: Spirit of Vengeance
Miramax Films,14,Captain Corelli's Mandolin
Universal Pictures,33,Captain Corelli's Mandolin
Walt Disney Pictures,2,The Pacifier
Spyglass Entertainment,158,The Pacifier
Paramount Pictures,4,Forrest Gump
Dune Entertainment,444,Alvin and the Chipmunks
Regency Enterprises,508,Alvin and the Chipmunks
Fox 2000 Pictures,711,Alvin and the Chipmunks
Bagdasarian Productions,10930,Alvin and the Chipmunks
DreamWorks SKG,27,Meet the Parents
Universal Pictures,33,Meet the Parents
Tribeca Productions,11391,Meet the Parents
Nancy Tenenbaum Films,41248,Meet the Parents
Walt Disney Pictures,2,Pocahontas
Walt Disney Feature Animation,10217,Pocahontas
Warner Bros.,6194,Superman
Dovemead Films,51861,Superman
Film Export A.G.,51862,Superman
Imagine Entertainment,23,The Nutty Professor
Universal Pictures,33,The Nutty Professor
Twentieth Century Fox Film Corporation,306,Alien³
Brandywine Productions,19747,Alien³
Columbia Pictures Corporation,441,Hitch
Overbrook Entertainment,12485,Hitch
Walt Disney Pictures,2,George of the Jungle
Mandeville Films,10227,George of the Jungle
Universal Pictures,33,American Wedding
Zide-Perry Productions,3169,American Wedding
LivePlanet,7161,American Wedding
Loumolo & Co.,52942,American Wedding
Columbia Pictures,5,Captain Phillips
Twentieth Century Fox Film Corporation,306,Date Night
Dune Entertainment,444,Date Night
21 Laps Entertainment,2575,Date Night
Universal Pictures,33,Casper
Amblin Entertainment,56,Casper
The Harvey Entertainment Company,11098,Casper
Lakeshore Entertainment,126,The Hunted
Alphaville Films,11462,The Hunted
Columbia Pictures,5,The Equalizer
Village Roadshow Pictures,79,The Equalizer
Escape Artists,1423,The Equalizer
Mace Neufeld Productions,2767,The Equalizer
LStar Capital,34034,The Equalizer
Lonetree Entertainment,41096,The Equalizer
Red Om Films,2455,Maid in Manhattan
Hollywood Pictures,915,Crimson Tide
Don Simpson/Jerry Bruckheimer Films,10288,Crimson Tide
Columbia Pictures Corporation,441,The Pursuit of Happyness
Escape Artists,1423,The Pursuit of Happyness
Relativity Media,7295,The Pursuit of Happyness
Overbrook Entertainment,12485,The Pursuit of Happyness
Imagine Entertainment,23,Flightplan
Touchstone Pictures,9195,Flightplan
Warner Bros.,6194,Disclosure
Baltimore Pictures,11407,Disclosure
Atlas Entertainment,507,City of Angels
Regency Enterprises,508,City of Angels
Monarchy Enterprises B.V.,676,City of Angels
Warner Bros.,6194,City of Angels
Taurus Film,20555,City of Angels
Miramax Films,14,Kill Bill: Vol. 1
A Band Apart,59,Kill Bill: Vol. 1
Super Cool ManChu,39121,Kill Bill: Vol. 1
Universal Pictures,33,Bowfinger
Miramax Films,14,Kill Bill: Vol. 2
A Band Apart,59,Kill Bill: Vol. 2
Super Cool ManChu,39121,Kill Bill: Vol. 2
Warner Bros.,6194,Tango & Cash
Universal Pictures,33,Death Becomes Her
Spyglass Entertainment,158,Shanghai Noon
Roger Birnbaum Productions,961,Shanghai Noon
Touchstone Pictures,9195,Shanghai Noon
Silver Pictures,1885,Executive Decision
Warner Bros.,6194,Executive Decision
Twentieth Century Fox Film Corporation,306,Mr. Popper's Penguins
Dune Entertainment,444,Mr. Popper's Penguins
Davis Entertainment,1302,Mr. Popper's Penguins
Dune Entertainment III,6332,Mr. Popper's Penguins
Casey Silver Productions,877,The Forbidden Kingdom
China Film Co-Production Corporation,2269,The Forbidden Kingdom
Huayi Brothers,3393,The Forbidden Kingdom
Relativity Media,7295,The Forbidden Kingdom
Reel FX Creative Studios,2787,Free Birds
Relativity Media,7295,Free Birds
Hollywood Pictures,915,Evita
Cinergi Pictures Entertainment,1504,Evita
United Artists,60,Ronin
FGM Entertainment,2347,Ronin
Constellation Films,457,The Ghost and the Darkness
Paramount,6033,The Ghost and the Darkness
The Weinstein Company,308,Paddington
StudioCanal,694,Paddington
TF1 Films Production,3823,Paddington
Canal+,5358,Paddington
Heyday Films,7364,Paddington
Ciné+,10611,Paddington
Anton Capital Entertainment (ACE),20664,Paddington
TF1,22123,Paddington
Amazon Prime Instant Video,58773,Paddington
Ingenious Film Partners,289,The Watch
Ingenious Media,290,The Watch
Twentieth Century Fox Film Corporation,306,The Watch
Dune Entertainment,444,The Watch
21 Laps Entertainment,2575,The Watch
Dune Entertainment III,6332,The Watch
Big Screen Productions,10893,The Watch
Down Productions,37336,The Watch
Spyglass Entertainment,158,Instinct
Touchstone Pictures,9195,Instinct
Twentieth Century Fox Film Corporation,306,Stuck on You
Conundrum Entertainment,1156,Stuck on You
New Line Cinema,12,Semi-Pro
Donners' Company,431,Semi-Pro
Mosaic Media Group,748,Semi-Pro
Road Rebel,2648,Semi-Pro
Columbia Pictures,5,The Pirates! In an Adventure with Scientists!
Aardman Animations,297,The Pirates! In an Adventure with Scientists!
Sony Pictures Animation,2251,The Pirates! In an Adventure with Scientists!
Imagine Entertainment,23,Changeling
Malpaso Productions,171,Changeling
Relativity Media,7295,Changeling
Warner Bros. Pictures,174,Gods and Generals
Turner Pictures,1765,Gods and Generals
Antietam Filmworks,17462,Gods and Generals
Twentieth Century Fox Film Corporation,306,Chain Reaction
Chicago Pacific Entertainment,2377,Chain Reaction
"Zanuck Company, The",20004,Chain Reaction
TriStar Pictures,559,The Fan
Mandalay Entertainment,1236,The Fan
Odyssey Entertainment,3539,The Phantom of the Opera
Warner Bros.,6194,The Phantom of the Opera
Scion Films,7419,The Phantom of the Opera
Really Useful Films,38504,The Phantom of the Opera
Universal Pictures,33,Elizabeth: The Golden Age
StudioCanal,694,Elizabeth: The Golden Age
Working Title Films,10163,Elizabeth: The Golden Age
Paramount Pictures,4,Æon Flux
Lakeshore Entertainment,126,Æon Flux
MTV Films,746,Æon Flux
Colossal Pictures,6041,Æon Flux
Valhalla Motion Pictures,11533,Æon Flux
MTV Productions,11534,Æon Flux
Metro-Goldwyn-Mayer (MGM),8411,Turbulence
Rysher Entertainment,11661,Turbulence
Paramount Pictures,4,Imagine That
Di Bonaventura Pictures,435,Imagine That
Nickelodeon Movies,2348,Imagine That
Goldcrest Pictures,11843,Imagine That
Internationale Filmproduktion Stella-del-Sud Third,89562,Imagine That
Buena Vista,32,Muppets Most Wanted
Disney,6421,Muppets Most Wanted
Studio Canal,5870,Thunderbirds
Working Title Films,10163,Thunderbirds
Tracy Films,12362,Thunderbirds
Bedford Falls Productions,348,Burlesque
Gerber Pictures,975,A Very Long Engagement
2003 Productions,1232,A Very Long Engagement
TF1 Films Production,3823,A Very Long Engagement
Canal+,5358,A Very Long Engagement
Warner Bros.,6194,A Very Long Engagement
Région Ile-de-France,11246,A Very Long Engagement
Tapioca Films,12000,A Very Long Engagement
Centre National de la Cinématographie (CNC),18367,A Very Long Engagement
Région Bretagne,20346,A Very Long Engagement
Région Poitou-Charentes,76911,A Very Long Engagement
Seven Arts Productions,516,Lolita
Allied Artists,517,Lolita
Transworld Pictures,518,Lolita
Universal Pictures,33,D-Tox
New Line Cinema,12,Blade II
Amen Ra Films,421,Blade II
Milk & Honey,5611,Blade II
Imaginary Forces,11321,Blade II
Justin Pictures,11322,Blade II
Linovo Productions GmbH & Co. KG,11323,Blade II
Pacific Title and Art Studio,11324,Blade II
Marvel Enterprises,19551,Blade II
Harpo Films,3298,Beloved
Touchstone Pictures,9195,Beloved
Columbia Pictures,5,Seven Pounds
Escape Artists,1423,Seven Pounds
Relativity Media,7295,Seven Pounds
Overbrook Entertainment,12485,Seven Pounds
Dark Castle Entertainment,1786,Bullet to the Head
After Dark Films,3608,Bullet to the Head
IM Global,7437,Bullet to the Head
Automatik Entertainment,7625,Bullet to the Head
Silver Reel,12075,Bullet to the Head
EMJAG Productions,14654,Bullet to the Head
Millar Gough Ink,20356,Bullet to the Head
Headshot Films,25876,Bullet to the Head
Paramount Pictures,4,The Godfather: Part III
Paramount Pictures,4,Elizabethtown
Cruise/Wagner Productions,44,Elizabethtown
Vinyl Films,485,Elizabethtown
KMP Film Invest,20157,Elizabethtown
Village Roadshow Pictures,79,Lucky You
Lonely Film Productions GmbH & Co. KG.,430,Lucky You
Deuce Three Productions,812,Lucky You
DiNovi Pictures,813,Lucky You
Warner Bros.,6194,Lucky You
Universal Pictures,33,"You, Me and Dupree"
Kaplan/Perrone Entertainment,11844,"You, Me and Dupree"
MMCB Film Produktion 2004,59957,"You, Me and Dupree"
Warner Bros.,6194,Superman II
Dovemead Films,51861,Superman II
Film Export A.G.,51862,Superman II
City Light Films,136,Gigli
Revolution Studios,497,Gigli
Casey Silver Productions,877,Gigli
Columbia Pictures Corporation,441,All the King's Men
Rising Star,1208,All the King's Men
Relativity Media,7295,All the King's Men
Phoenix Pictures,11317,All the King's Men
VIP 4 Medienfonds,23238,All the King's Men
Paramount Pictures,4,Shaft
Scott Rudin Productions,258,Shaft
Twentieth Century Fox Film Corporation,306,Anastasia
Fox Animation Studios,11231,Anastasia
Fox Family Films,11232,Anastasia
The Big Gun Project,11233,Anastasia
Little Wolf Entertainment,11234,Anastasia
Bazmark Films,240,Moulin Rouge!
Twentieth Century Fox Film Corporation,306,Moulin Rouge!
Paramount Pictures,4,Domestic Disturbance
Infinitum Nihil,2691,Black Mass
Head Gear Films,5056,Black Mass
Cross Creek Pictures,10246,Black Mass
Free State Pictures,40106,Black Mass
RatPac-Dune Entertainment,41624,Black Mass
Le Grisbi Productions,47169,Black Mass
Vendian Entertainment,50481,Black Mass
DreamWorks SKG,27,Flags of Our Fathers
Amblin Entertainment,56,Flags of Our Fathers
Malpaso Productions,171,Flags of Our Fathers
Warner Bros.,6194,Flags of Our Fathers
"Film Department, The",5257,Law Abiding Citizen
Evil Twins,5802,Law Abiding Citizen
Warp Films,12180,Law Abiding Citizen
Big Talk Productions,443,Grindhouse
Yer Dead Productions,6869,Grindhouse
"Weinstein Company, The",7289,Grindhouse
Dimension Films,7405,Grindhouse
Troublemaker Studios,10807,Grindhouse
Dartmouth International,15762,Grindhouse
Eyetronics,15763,Grindhouse
Rodriguez International Pictures,15764,Grindhouse
Kemp Company,367,Catch Me If You Can
Splendid Pictures,368,Catch Me If You Can
Parkes/MacDonald Productions,11084,Catch Me If You Can
Columbia Pictures,5,Zero Dark Thirty
Annapurna Pictures,13184,Zero Dark Thirty
First Light Production,20344,Zero Dark Thirty
Universal Pictures,33,The Break-Up
Mosaic Media Group,748,The Break-Up
Wild West Picture Show Productions,2796,The Break-Up
Universal Pictures,33,Mamma Mia!
Internationale Filmproduktion Richter,2655,Mamma Mia!
Playtone,4171,Mamma Mia!
Relativity Media,7295,Mamma Mia!
Littlestar,34441,Mamma Mia!
Apipoulaï,1076,From Paris with Love
M6 Films,1115,From Paris with Love
Canal+,5358,From Paris with Love
TPS Star,6586,From Paris with Love
Grive Productions,6877,From Paris with Love
EuropaCorp,6896,From Paris with Love
M6,11261,From Paris with Love
W9,34774,From Paris with Love
New Line Cinema,12,Valentine's Day
Karz Entertainment,4194,Valentine's Day
Rice Films,60018,Valentine's Day
Village Roadshow Pictures,79,The Dukes of Hazzard
Gerber Pictures,975,The Dukes of Hazzard
Warner Bros.,6194,The Dukes of Hazzard
WV Films III,12202,The Dukes of Hazzard
Fox 2000 Pictures,711,The Thin Red Line
Phoenix Pictures,11317,The Thin Red Line
Geisler-Roberdeau,23660,The Thin Red Line
Universal Pictures,33,The Change-Up
Original Film,333,The Change-Up
Relativity Media,7295,The Change-Up
Big Kid Pictures,8406,The Change-Up
Mutual Film Company,762,Man on the Moon
Universal Pictures,33,Casino
Légende Entreprises,10898,Casino
Syalis DA,11583,Casino
De Fina-Cappa,11584,Casino
Metro-Goldwyn-Mayer (MGM),8411,Bulletproof Monk
Twentieth Century Fox Film Corporation,306,"Me, Myself & Irene"
Conundrum Entertainment,1156,"Me, Myself & Irene"
Paramount Pictures,4,Barnyard
Nickelodeon Movies,2348,Barnyard
Paramount Animation,24955,Barnyard
Regency Enterprises,508,Deck the Halls
New Regency Pictures,10104,Deck the Halls
Corduroy Films,18479,Deck the Halls
All Lit Up Productions,89633,Deck the Halls
Summit Entertainment,491,The Twilight Saga: New Moon
Maverick Films,4000,The Twilight Saga: New Moon
Imprint Entertainment,5218,The Twilight Saga: New Moon
Sunswept Entertainment,5219,The Twilight Saga: New Moon
Temple Hill Entertainment,12292,The Twilight Saga: New Moon
DreamWorks SKG,27,Shrek
Pacific Data Images (PDI),520,Shrek
DreamWorks Animation,521,Shrek
Warner Bros.,6194,Robin Hood: Prince of Thieves
Morgan Creek Productions,10210,Robin Hood: Prince of Thieves
Gracie Films,18,Jerry Maguire
TriStar Pictures,559,Jerry Maguire
Universal Pictures,33,Ted
Media Rights Capital,2531,Ted
Fuzzy Door Productions,8789,Ted
Gracie Films,18,As Good as It Gets
TriStar Pictures,559,As Good as It Gets
Universal Pictures,33,Patch Adams
Bungalow 78 Productions,369,Patch Adams
Blue Wolf,10230,Patch Adams
Farrell/Minoff,10231,Patch Adams
Paramount Pictures,4,Anchorman 2: The Legend Continues
Gary Sanchez Productions,4740,Anchorman 2: The Legend Continues
Apatow Productions,10105,Anchorman 2: The Legend Continues
DreamWorks SKG,27,The Peacemaker
New Line Cinema,12,Mr. Deeds
Columbia Pictures Corporation,441,Mr. Deeds
Out of the Blue... Entertainment,879,Mr. Deeds
Happy Madison Productions,2608,Mr. Deeds
Paramount Pictures,4,Super 8
Amblin Entertainment,56,Super 8
Bad Robot,11461,Super 8
K/O Camera Toys,23300,Super 8
Jersey Films,216,Erin Brockovich
Paramount Pictures,4,How to Lose a Guy in 10 Days
Columbia Pictures,5,22 Jump Street
Original Film,333,22 Jump Street
Media Rights Capital,2531,22 Jump Street
Metro-Goldwyn-Mayer (MGM),8411,22 Jump Street
Cannell Studios,9194,22 Jump Street
LStar Capital,34034,22 Jump Street
33andOut Productions,34035,22 Jump Street
JHF Productions,34036,22 Jump Street
Geffen Pictures,360,Interview with the Vampire
Village Roadshow Pictures,79,Yes Man
The Zanuck Company,80,Yes Man
Heyday films,437,Yes Man
Warner Bros.,6194,Yes Man
New Line Cinema,12,Central Intelligence
Universal Pictures,33,Central Intelligence
Bluegrass Films,13778,Central Intelligence
Principato-Young Entertainment,37845,Central Intelligence
Columbia Pictures,5,Stepmom
1492 Pictures,436,Stepmom
Paramount Pictures,4,Daddy's Home
Gary Sanchez Productions,4740,Daddy's Home
Red Granite Pictures,19177,Daddy's Home
Walt Disney Pictures,2,Into the Woods
Marc Platt Productions,2527,Into the Woods
Lucamar Productions,17021,Into the Woods
Imagine Entertainment,23,Inside Man
Universal Pictures,33,Inside Man
40 Acres & A Mule Filmworks,4319,Inside Man
Paramount Pictures,4,Congo
"Kennedy/Marshall Company, The",7383,Congo
Twentieth Century Fox Film Corporation,306,We Bought a Zoo
Dune Entertainment,444,We Bought a Zoo
Vinyl Films,485,We Bought a Zoo
LBI Entertainment,8518,We Bought a Zoo
Summit Entertainment,491,Knowing
Mystery Clock Cinema,908,Knowing
Escape Artists,1423,Knowing
Goldcrest Pictures,11843,Knowing
Kaplan/Perrone Entertainment,11844,Knowing
Wintergreen Productions,11845,Knowing
Paramount Pictures,4,Failure to Launch
Scott Rudin Productions,258,Failure to Launch
Failure to Launch Productions,84423,Failure to Launch
DreamWorks,7,The Ring Two
BenderSpink,6363,The Ring Two
Parkes+MacDonald Image Nation,49325,The Ring Two
Warner Bros.,6194,"Crazy, Stupid, Love."
Twentieth Century Fox Film Corporation,306,Garfield
Davis Entertainment,1302,Garfield
Twentieth Century Fox Animation,11749,Garfield
Columbia Pictures,5,Christmas with the Kranks
1492 Pictures,436,Christmas with the Kranks
Revolution Studios,497,Christmas with the Kranks
Columbia Pictures,5,Moneyball
Scott Rudin Productions,258,Moneyball
Kopelson Entertainment,824,Outbreak
Punch Productions,2154,Outbreak
Warner Bros.,6194,Outbreak
Arnold Kopelson Productions,16775,Outbreak
StudioCanal,694,Non-Stop
Silver Pictures,1885,Non-Stop
TF1 Films Production,3823,Non-Stop
Canal+,5358,Non-Stop
Anton Capital Entertainment (ACE),20664,Non-Stop
TF1,22123,Non-Stop
LOVEFiLM International,26387,Non-Stop
Walt Disney Pictures,2,Race to Witch Mountain
Gunn Films,3538,Race to Witch Mountain
Studio Babelsberg,264,V for Vendetta
DC Comics,429,V for Vendetta
Virtual Studios,449,V for Vendetta
Anarchos Productions,450,V for Vendetta
Silver Pictures,1885,V for Vendetta
Warner Bros.,6194,V for Vendetta
Medienboard Berlin-Brandenburg,7307,V for Vendetta
Fünfte Babelsberg Film,23889,V for Vendetta
Spyglass Entertainment,158,Shanghai Knights
Touchstone Pictures,9195,Shanghai Knights
Birnbaum / Barber Productions,58262,Shanghai Knights
Jackie Chan Films Limited,58263,Shanghai Knights
All Knight Productions,58264,Shanghai Knights
Imagine Entertainment,23,Curious George
Universal Pictures,33,Curious George
Universal Animation Studios,5556,Curious George
Walt Disney Pictures,2,Herbie Fully Loaded
Robert Simonds Productions,3929,Herbie Fully Loaded
Village Roadshow Pictures,79,Don't Say a Word
NPV Entertainment,172,Don't Say a Word
Regency Enterprises,508,Don't Say a Word
Kopelson Entertainment,824,Don't Say a Word
Epsilon Motion Pictures,1171,Don't Say a Word
New Regency Pictures,10104,Don't Say a Word
Furthur Films,33433,Don't Say a Word
Paramount Pictures,4,Hansel & Gretel: Witch Hunters
Studio Babelsberg,264,Hansel & Gretel: Witch Hunters
MTV Films,746,Hansel & Gretel: Witch Hunters
Gary Sanchez Productions,4740,Hansel & Gretel: Witch Hunters
Metro-Goldwyn-Mayer (MGM),8411,Hansel & Gretel: Witch Hunters
Deutsche Filmförderfonds (DFFF),11238,Hansel & Gretel: Witch Hunters
Regency Enterprises,508,Unfaithful
Fox 2000 Pictures,711,Unfaithful
Epsilon Motion Pictures,1171,Unfaithful
Unfaithful Filmproduktion GmbH & Co. KG,58248,Unfaithful
DreamWorks SKG,27,I Am Number Four
Reliance BIG Entertainment,6733,I Am Number Four
Bay Films,6734,I Am Number Four
Touchstone Pictures,9195,I Am Number Four
Section Eight,129,Syriana
Warner Bros.,6194,Syriana
Participant Media,6735,Syriana
FilmWorks,7786,Syriana
4M,20665,Syriana
MID Foundation,20666,Syriana
Paramount Pictures,4,13 Hours: The Secret Soldiers of Benghazi
3 Arts Entertainment,787,13 Hours: The Secret Soldiers of Benghazi
Bay Films,6734,13 Hours: The Secret Soldiers of Benghazi
Latina Pictures,19108,13 Hours: The Secret Soldiers of Benghazi
Dune Films,19477,13 Hours: The Secret Soldiers of Benghazi
Twentieth Century Fox Film Corporation,306,The Book of Life
Reel FX Creative Studios,2787,The Book of Life
Twentieth Century Fox Animation,11749,The Book of Life
Chatrone,79031,The Book of Life
Village Roadshow Pictures,79,Firewall
Thunder Road Pictures,3528,Firewall
Warner Bros.,6194,Firewall
Beacon Pictures,10157,Firewall
Jon Shestack Productions,10991,Firewall
Universal Pictures,33,Anna Karenina
Focus Features,10146,Anna Karenina
Working Title Films,10163,Anna Karenina
Columbia Pictures,5,Absolute Power
Castle Rock Entertainment,97,Absolute Power
Malpaso Productions,171,Absolute Power
Caravan Pictures,175,G.I. Jane
Hollywood Pictures,915,G.I. Jane
First Independent Films,1643,G.I. Jane
Largo Entertainment,1644,G.I. Jane
Scott Free Productions,1645,G.I. Jane
Trap-Two-Zero Productions,1646,G.I. Jane
PolyGram Filmed Entertainment,1382,The Game
A&B Producoes,1519,The Game
Popaganda Films,10164,The Game
Silent Hill DCP Inc.,341,Silent Hill
Davis-Films,342,Silent Hill
TriStar Pictures,559,Silent Hill
Konami,55914,Silent Hill
Warner Bros.,6194,The Replacements
Universal Pictures,33,American Reunion
Regency Enterprises,508,The Negotiator
Warner Bros.,6194,The Negotiator
New Line Cinema,12,Into the Storm
Village Roadshow Pictures,79,Into the Storm
Broken Road Productions,8000,Into the Storm
RatPac-Dune Entertainment,41624,Into the Storm
Paramount Pictures,4,Beverly Hills Cop III
Eddie Murphy Productions,30,Beverly Hills Cop III
Amblin Entertainment,56,Gremlins 2: The New Batch
Warner Bros.,6194,Gremlins 2: The New Batch
Village Roadshow Pictures,79,The Judge
Warner Bros.,6194,The Judge
Big Kid Pictures,8406,The Judge
Team Downey,27467,The Judge
Impact Pictures,248,Resident Evil: Apocalypse
Constantin Film Ltd.,53530,Resident Evil: Apocalypse
Miramax Films,14,Bridget Jones: The Edge of Reason
Universal Pictures,33,Bridget Jones: The Edge of Reason
Studio Canal,5870,Bridget Jones: The Edge of Reason
Working Title Films,10163,Bridget Jones: The Edge of Reason
Atlantic Television,11357,Bridget Jones: The Edge of Reason
Little Bird,11358,Bridget Jones: The Edge of Reason
Original Film,333,Out of Time
Monarch Pictures,966,Out of Time
Metro-Goldwyn-Mayer (MGM),8411,Out of Time
Warner Bros.,6194,On Deadly Ground
Troublemaker Studios,10807,The Adventures of Sharkboy and Lavagirl
Figment Films,359,The Beach
Touchstone Pictures,9195,Raising Helen
Beacon Pictures,10157,Raising Helen
Mandeville Films,10227,Raising Helen
Studio Babelsberg,264,Ninja Assassin
Anarchos Productions,450,Ninja Assassin
Legendary Pictures,923,Ninja Assassin
Dark Castle Entertainment,1786,Ninja Assassin
Silver Pictures,1885,Ninja Assassin
Warner Bros.,6194,Ninja Assassin
Medienboard Berlin-Brandenburg,7307,Ninja Assassin
Deutsche Filmförderfonds (DFFF),11238,Ninja Assassin
Rocklock Films,69582,Ninja Assassin
Universal Pictures,33,For Love of the Game
Beacon Pictures,10157,For Love of the Game
Columbia Pictures,5,Striptease
Castle Rock Entertainment,97,Striptease
Twentieth Century Fox Film Corporation,306,Marmaduke
Amblin Entertainment,56,Hereafter
Malpaso Productions,171,Hereafter
Warner Bros.,6194,Hereafter
"Kennedy/Marshall Company, The",7383,Hereafter
Castle Rock Entertainment,97,Murder by Numbers
Warner Bros.,6194,Murder by Numbers
Schroeder Hoffman Productions,23382,Murder by Numbers
Silver Pictures,1885,Assassins
Canal+,5358,Assassins
Warner Bros.,6194,Assassins
Dino De Laurentiis Company,10308,Assassins
Donner/Shuler-Donner Productions,23397,Assassins
Evansgideon/Lazar,25061,Assassins
Ingenious Film Partners,289,Hannibal Rising
ETIC Films,2979,Hannibal Rising
Quinta Communications,6370,Hannibal Rising
Dino De Laurentiis Company,10308,Hannibal Rising
Zephyr Films,16923,Hannibal Rising
Young Hannibal Productions,20394,Hannibal Rising
Carthago Films S.a.r.l.,20395,Hannibal Rising
Universal Pictures,33,The Story of Us
Castle Rock Entertainment,97,The Story of Us
Nick Wechsler Productions,8073,The Host
Open Road Films,10427,The Host
Silver Reel,12075,The Host
Chockstone Pictures,13649,The Host
Intermedia Films,763,Basic
Krane Entertainment,25358,Basic
Malpaso Productions,171,Blood Work
Warner Bros.,6194,Blood Work
Studio Babelsberg,264,The International
Atlas Entertainment,507,The International
Mosaic Media Group,748,The International
X-Filme Creative Pool,1972,The International
Paramount Pictures,4,Escape from L.A.
Rysher Entertainment,11661,Escape from L.A.
Warner Bros. Animation,2785,The Iron Giant
Touchstone Pictures,9195,The Life Aquatic with Steve Zissou
American Empirical Pictures,23449,The Life Aquatic with Steve Zissou
Larger Than Life Productions,1163,Free State of Jones
Vendian Entertainment,50481,Free State of Jones
Route One Films,50482,Free State of Jones
Mikona Productions GmbH & Co. KG,24,The Life of David Gale
Universal Pictures,33,The Life of David Gale
Intermedia Films,763,The Life of David Gale
Saturn Films,831,The Life of David Gale
Dirty Hands Productions,81128,The Life of David Gale
Revolution Studios,497,Man of the House
Bel Air Entertainment,788,Man of the House
Vertigo Entertainment,829,Run All Night
Energy Entertainment,18617,Run All Night
RatPac-Dune Entertainment,41624,Run All Night
BBC Films,288,Eastern Promises
Serendipity Point Films,805,Eastern Promises
Téléfilm Canada,806,Eastern Promises
Astral Media,2743,Eastern Promises
Scion Films,7419,Eastern Promises
Focus Features,10146,Eastern Promises
Corus Entertainment,11550,Eastern Promises
Shine Pictures,16880,Eastern Promises
Kudos Film and Television,20244,Eastern Promises
Columbia Pictures Corporation,441,Into the Blue
Mandalay Pictures,551,Into the Blue
Metro-Goldwyn-Mayer (MGM),8411,Into the Blue
Columbia Pictures,5,The Messenger: The Story of Joan of Arc
Gaumont,9,The Messenger: The Story of Joan of Arc
Universal Pictures,33,Your Highness
Stuber Productions,4403,Your Highness
Cliffjack Motion Pictures,8430,Dream House
Morgan Creek Productions,10210,Dream House
Warner Bros.,6194,Mad City
Arnold Kopelson Productions,16775,Mad City
Twentieth Century Fox Film Corporation,306,Baby's Day Out
Hollywood Pictures,915,The Scarlet Letter
Cinergi Pictures Entertainment,1504,The Scarlet Letter
River Road Entertainment,1246,Fair Game
Participant Media,6735,Fair Game
New Line Cinema,12,Domino
Davis-Films,342,Domino
Metropolitan Filmexport,656,Domino
Scott Free Productions,1645,Domino
Domino 17521,56181,Domino
Paramount Pictures,4,Jade
Lakeshore Entertainment,126,Gamer
Lionsgate,1632,Gamer
Alcon Entertainment,1088,Beautiful Creatures
Warner Bros.,6194,Beautiful Creatures
Belle Pictures,32184,Beautiful Creatures
3 Arts Entertainment,36390,Beautiful Creatures
Columbia Pictures,5,Chappie
Media Rights Capital,2531,Chappie
Sony Pictures Entertainment (SPE),7431,Chappie
Alpha Core,18209,Chappie
Genre Films,28788,Chappie
Simon Kinberg Productions,31076,Chappie
LStar Capital,34034,Chappie
Ollin Studio,53638,Chappie
Senator Film Produktion,191,Death to Smoochy
Mad Chance,1757,Death to Smoochy
Warner Bros.,6194,Death to Smoochy
Filmfour,6705,Death to Smoochy
Scott Rudin Productions,258,Zoolander 2
Red Hour Films,12178,Zoolander 2
Shangri-La Entertainment,2265,The Big Bounce
Material,67989,The Big Bounce
Taormina Productions,78070,The Big Bounce
Columbia Pictures,5,What Planet Are You From?
Summit Entertainment,491,Drive Angry
Saturn Films,831,Drive Angry
Nu Image Films,925,Drive Angry
Millennium Films,10254,Drive Angry
Michael De Luca Productions,11370,Drive Angry
Alcon Entertainment,1088,The Blind Side
Left Tackle Pictures,12193,The Blind Side
Zucker/Netter Productions,12194,The Blind Side
Twentieth Century Fox Film Corporation,306,Street Fighter: The Legend of Chun-Li
Hyde Park Films,1172,Street Fighter: The Legend of Chun-Li
Columbia Pictures,5,The One
Revolution Studios,497,The One
Hard Eight Pictures,48772,The One
Wonder works studios entertainment group,93580,The One
Twentieth Century Fox Film Corporation,306,The Adventures of Ford Fairlane
Silver Pictures,1885,The Adventures of Ford Fairlane
Universal Pictures,33,The Boat That Rocked
Studio Canal,5870,The Boat That Rocked
Working Title Films,10163,The Boat That Rocked
Medienproduktion Prometheus Filmgesellschaft,12196,The Boat That Rocked
Portobello Studios,12197,The Boat That Rocked
Tightrope Pictures,12198,The Boat That Rocked
USA Films,987,Traffic
Initial Entertainment Group (IEG),7380,Traffic
"Bedford Falls Company, The",20634,Traffic
Compulsion Inc.,58333,Traffic
Splendid Medien AG,58334,Traffic
Lucasfilm,1,Indiana Jones and the Last Crusade
Paramount Pictures,4,Indiana Jones and the Last Crusade
Universal Pictures,33,The Bone Collector
Columbia Pictures Corporation,441,The Bone Collector
Hofflund/Polone,1685,Panic Room
Indelible Productions,7795,Panic Room
[],[],The Tooth Fairy
Village Roadshow Pictures,79,Three Kings
Atlas Entertainment,507,Three Kings
Warner Bros.,6194,Three Kings
Village-A.M. Partnership,23689,Three Kings
Coast Ridge,23690,Three Kings
Junger Witt Productions,23691,Three Kings
Summit Entertainment,491,Child 44
Scott Free Productions,1645,Child 44
Worldview Entertainment,9015,Child 44
Paramount Pictures,4,Rat Race
Fireworks Pictures,3857,Rat Race
Alphaville Films,11462,Rat Race
Intermedia Films,763,K-PAX
Lawrence Gordon Productions,840,K-PAX
Pathé Pictures International,1178,K-PAX
IMF Internationale Medien und Film GmbH & Co. 3. Produktions KG,19116,K-PAX
Miramax Films,14,Kate & Leopold
Konrad Pictures,85,Kate & Leopold
Twentieth Century Fox Film Corporation,306,Bedazzled
Regency Enterprises,508,Bedazzled
KirchMedia,73949,Bedazzled
Orion Pictures,41,The Cotton Club
PSO International,427,The Cotton Club
Totally Independent,991,The Cotton Club
Tree Line Films,84,3:10 to Yuma
Lionsgate,1632,3:10 to Yuma
Relativity Media,7295,3:10 to Yuma
Yuma,10880,3:10 to Yuma
Twentieth Century Fox Film Corporation,306,Taken 3
M6 Films,1115,Taken 3
Canal+,5358,Taken 3
Grive Productions,6877,Taken 3
EuropaCorp,6896,Taken 3
Ciné+,10611,Taken 3
M6,11261,Taken 3
TSG Entertainment,22213,Taken 3
Taken 3,87854,Taken 3
Universal Pictures,33,Out of Sight
Jersey Films,216,Out of Sight
Columbia Pictures Corporation,441,The Cable Guy
Cracking the Earth Films,2257,Earth
Touchstone Pictures,9195,Dick Tracy
Irish Dreamtime,597,The Thomas Crown Affair
Metro-Goldwyn-Mayer (MGM),8411,The Thomas Crown Affair
Columbia Pictures,5,America's Sweethearts
Revolution Studios,497,America's Sweethearts
Roth-Arnold Productions,1560,America's Sweethearts
Columbia Pictures,5,Riding in Cars with Boys
Orion Pictures,41,First Blood
Mosfilm,5120,Solaris
Creative Unit of Writers & Cinema Workers,77882,Solaris
Unit Four,77883,Solaris
Vanguard Films,614,Happily N'Ever After
Lionsgate,1632,Happily N'Ever After
Odyssey,1718,Happily N'Ever After
Nitrogen Studios Canada,46875,Happily N'Ever After
TriStar Pictures,559,Mary Reilly
NFH Productions,18737,Mary Reilly
TriStar Pictures,559,My Best Friend's Wedding
Section Eight,129,Insomnia
Alcon Entertainment,1088,Insomnia
Witt/Thomas Productions,1089,Insomnia
Paramount Pictures,4,Star Trek: First Contact
Digital Image Associates,76068,Star Trek: First Contact
Warner Bros.,6194,Jonah Hex
Fox 2000 Pictures,711,Courage Under Fire
Imagine Entertainment,23,Liar Liar
Universal Pictures,33,Liar Liar
Good Films,68620,The Infiltrator
Metro-Goldwyn-Mayer (MGM),8411,Inchon
Unification Church,46957,Inchon
One Way Productions,46958,Inchon
Universal Pictures,33,The Flintstones
Amblin Entertainment,56,The Flintstones
Hanna-Barbera Productions,1353,The Flintstones
Twentieth Century Fox Film Corporation,306,Taken 2
M6 Films,1115,Taken 2
Canal+,5358,Taken 2
Grive Productions,6877,Taken 2
EuropaCorp,6896,Taken 2
Ciné+,10611,Taken 2
Dimension Films,7405,Scary Movie 3
Brad Grey Pictures,10958,Scary Movie 3
Village Roadshow Pictures,79,Miss Congeniality
Castle Rock Entertainment,97,Miss Congeniality
NPV Entertainment,172,Miss Congeniality
Fortis Films,4258,Miss Congeniality
New Line Cinema,12,Journey to the Center of the Earth
Walden Media,10221,Journey to the Center of the Earth
Walt Disney Pictures,2,The Princess Diaries 2: Royal Engagement
Regency Enterprises,508,The Client
Alcor Films,644,The Client
Warner Bros.,6194,The Client
Two Ton Films,17049,The Bucket List
Zadan / Meron Productions,70994,The Bucket List
Reiner / Greisman Productions,86256,The Bucket List
Paramount Pictures,4,Patriot Games
Mace Neufeld Productions,2767,Patriot Games
New Line Cinema,12,Monster-in-Law
Spring Creek Productions,705,Monster-in-Law
BenderSpink,6363,Monster-in-Law
Kumar Mobiliengesellschaft mbH & Co. Projekt Nr. 1 KG,12067,Monster-in-Law
Alcon Entertainment,1088,Prisoners
Madhouse Entertainment,12199,Prisoners
8:38 Productions,18208,Prisoners
Village Roadshow Pictures,79,Training Day
NPV Entertainment,172,Training Day
Warner Bros.,6194,Training Day
Outlaw Productions (I),19507,Training Day
WV Films II,24939,Training Day
DreamWorks SKG,27,Galaxy Quest
Gran Via Productions,2605,Galaxy Quest
Gold/Miller Productions,1607,Scary Movie 2
Wayans Bros. Entertainment,1608,Scary Movie 2
Dimension Films,7405,Scary Movie 2
Brad Grey Pictures,10958,Scary Movie 2
Walt Disney Pictures,2,The Muppets
New Line Cinema,12,Blade
Amen Ra Films,421,Blade
Imaginary Forces,11321,Blade
Marvel Enterprises,19551,Blade
Paramount Pictures,4,Coach Carter
MTV Films,746,Coach Carter
Tollin/Robbins Productions,2184,Coach Carter
Paramount Pictures,4,Changing Lanes
Columbia Pictures Corporation,441,Anaconda
Middle Fork Productions,3803,Anaconda
Iguana Producciones,11134,Anaconda
Skylight Cinema Foto Art,16387,Anaconda
St. Tropez Films,55532,Anaconda
Cinema Line Film Corporation,55533,Anaconda
Jerry Bruckheimer Films,130,Coyote Ugly
Touchstone Pictures,9195,Coyote Ugly
Universal Pictures,33,Love Actually
DNA Films,284,Love Actually
StudioCanal,694,Love Actually
Working Title Films,10163,Love Actually
Walt Disney Pictures,2,A Bug's Life
Pixar Animation Studios,3,A Bug's Life
Twentieth Century Fox Film Corporation,306,From Hell
Underworld Entertainment,476,From Hell
Jerry Weintraub Productions,2596,The Specialist
Warner Bros.,6194,The Specialist
Iguana Producciones,11134,The Specialist
Regency Enterprises,508,Tin Cup
Warner Bros.,6194,Tin Cup
Desilu Productions,39856,"Yours, Mine and Ours"
Walden Productions,60537,"Yours, Mine and Ours"
Universal Pictures,33,Kicking & Screaming
Spyglass Entertainment,158,The Hitchhiker's Guide to the Galaxy
Everyman Pictures,2242,The Hitchhiker's Guide to the Galaxy
Hammer & Tongs,2243,The Hitchhiker's Guide to the Galaxy
Touchstone Pictures,9195,The Hitchhiker's Guide to the Galaxy
Twentieth Century Fox Film Corporation,306,Fat Albert
Davis Entertainment,1302,Fat Albert
Culver Studios,89719,Fat Albert
Impact Pictures,248,Resident Evil: Extinction
Davis-Films,342,Resident Evil: Extinction
Constantin Film Produktion,5755,Resident Evil: Extinction
Resident Evil Productions,58249,Resident Evil: Extinction
New Line Cinema,12,Vacation
BenderSpink,6363,Vacation
David Dobkin Productions,53060,Vacation
Happy Madison Productions,2608,Blended
Karz Entertainment,4194,Blended
Warner Bros.,6194,Blended
Gulfstream Pictures,20788,Blended
Paramount Pictures,4,Last Holiday
Universal Pictures,33,The River Wild
David Foster Productions,496,The River Wild
Turman-Foster Company,662,The River Wild
Paramount Pictures,4,The Indian in the Cupboard
Columbia Pictures Corporation,441,The Indian in the Cupboard
The Kennedy/Marshall Company,862,The Indian in the Cupboard
Ixtlan,4198,Savages
Relativity Media,7295,Savages
Onda Entertainment,11802,Savages
New Line Cinema,12,Cellular
Universal Pictures,33,Johnny English
StudioCanal,694,Johnny English
Playtone,4171,The Ant Bully
Warner Bros.,6194,The Ant Bully
Legendary Entertainment,84419,The Ant Bully
DNA Productions,89136,The Ant Bully
Dino De Laurentiis Company,10308,Dune
Revolution Studios,497,Across the Universe
Team Todd,598,Across the Universe
DreamWorks SKG,27,Revolutionary Road
Scott Rudin Productions,258,Revolutionary Road
BBC Films,288,Revolutionary Road
Neal Street Productions,1522,Revolutionary Road
Evamere Entertainment,1550,Revolutionary Road
Goldcrest Pictures,11843,Revolutionary Road
Donners' Company,431,16 Blocks
Cheyenne Enterprises,890,16 Blocks
Alcon Entertainment,1088,16 Blocks
Nu Image Entertainment GmbH,4741,16 Blocks
Millennium Films,10254,16 Blocks
Emmett/Furla Films,10405,16 Blocks
Equity Pictures Medienfonds GmbH & Co. KG III,10885,16 Blocks
16 Block Productions,10886,16 Blocks
StudioCanal,694,Babylon A.D.
M6 Films,1115,Babylon A.D.
Canal+,5358,Babylon A.D.
CinéCinéma,6301,Babylon A.D.
Babylon,11259,Babylon A.D.
Babylon Films Limited,11260,Babylon A.D.
M6,11261,Babylon A.D.
MNP Entreprise,20240,Babylon A.D.
Warner Bros.,6194,The Glimmer Man
Seagal/Nasso Productions,17825,The Glimmer Man
Columbia Pictures Corporation,441,Multiplicity
Twentieth Century Fox Film Corporation,306,Aliens in the Attic
Regency Enterprises,508,Aliens in the Attic
Josephson Entertainment,1894,Aliens in the Attic
New Upstairs Productions,3855,Aliens in the Attic
Upstairs Canada Productions,3856,Aliens in the Attic
Epsilon Motion Pictures,1171,The Pledge
Franchise Pictures,1403,The Pledge
Morgan Creek Productions,10210,The Pledge
Clyde Is Hungry Films,12263,The Pledge
Pledge Productions,12264,The Pledge
Sony Pictures,34,The Producers
Gaumont Columbia Tristar Films,145,The Producers
Paramount Pictures,4,The Phantom
Village Roadshow Pictures,79,The Phantom
The Ladd Company,7965,The Phantom
Columbia Pictures,5,All the Pretty Horses
Miramax Films,14,All the Pretty Horses
Hollywood Pictures,915,Nixon
Cinergi Pictures Entertainment,1504,Nixon
Studio Babelsberg,264,The Ghost Writer
Runteam Ltd.,265,The Ghost Writer
R.P. Productions,355,The Ghost Writer
France 2 Cinéma,15671,The Ghost Writer
Hollywood Pictures,915,Deep Rising
Cinergi Pictures Entertainment,1504,Deep Rising
Calimari Productions,45518,Deep Rising
Rai Cinema,2683,Miracle at St. Anna
40 Acres & A Mule Filmworks,4319,Miracle at St. Anna
Touchstone Pictures,9195,Miracle at St. Anna
On My Own,20341,Miracle at St. Anna
Beijing New Picture Film Co. Ltd.,724,Curse of the Golden Flower
Virtual Studios,449,Bangkok Dangerous
Initial Entertainment Group,704,Bangkok Dangerous
Saturn Films,831,Bangkok Dangerous
International Production Company,1507,Bangkok Dangerous
Blue Star Pictures,2779,Bangkok Dangerous
Living Films,2877,Bangkok Dangerous
Bangkok Dangerous,2878,Bangkok Dangerous
Touchstone Pictures,9195,Big Trouble
Warner Bros.,6194,The Fugitive
New Line Cinema,12,Love in the Time of Cholera
Grosvenor Park Media Ltd.,2053,Love in the Time of Cholera
Hollywood Pictures,915,Shadow Conspiracy
Cinergi Pictures Entertainment,1504,Shadow Conspiracy
Universal Pictures,33,Johnny English Reborn
Threshold Entertainment,4174,Foodfight!
Lions Gate Family Entertainment,6574,Foodfight!
GK Films,3281,Argo
Warner Bros.,6194,Argo
Smokehouse Pictures,22695,Argo
Columbia Pictures,5,The Bounty Hunter
Original Film,333,The Bounty Hunter
Relativity Media,7295,The Bounty Hunter
Madhouse Entertainment,12199,The Bounty Hunter
Propaganda Films,278,Sleepers
Warner Bros.,6194,Sleepers
Baltimore Pictures,11407,Sleepers
TriStar Pictures,559,Rambo: First Blood Part II
Carolco Pictures,14723,Rambo: First Blood Part II
Columbia Pictures Corporation,441,The Juror
RKO Radio Pictures,6,Pinocchio
Walt Disney Productions,3166,Pinocchio
United Artists,60,Heaven's Gate
The Criterion Collection,10932,Heaven's Gate
Lakeshore Entertainment,126,Underworld: Evolution
Screen Gems,3287,Underworld: Evolution
Twentieth Century Fox Film Corporation,306,Victor Frankenstein
Davis Entertainment,1302,Victor Frankenstein
Moving Picture Company (MPC),20478,Victor Frankenstein
TSG Entertainment,22213,Victor Frankenstein
Fountainbridge Films,414,Finding Forrester
Laurence Mark Productions,415,Finding Forrester
Columbia Pictures Corporation,441,Finding Forrester
Finding Forrester Productions,50830,Finding Forrester
Columbia Pictures,5,28 Days
Canal Plus,104,Unleashed
Current Entertainment,972,Unleashed
Clubdeal,2748,Unleashed
TF1 Films Production,3823,Unleashed
EuropaCorp,6896,Unleashed
Qian Yian International,66739,Unleashed
Danny the Dog Prods Ltd.,66740,Unleashed
Konrad Pictures,85,The Sweetest Thing
Paramount Pictures,4,The Firm
Mirage Enterprises,932,The Firm
Davis Entertainment,1302,The Firm
Universal Pictures,33,Charlie St. Cloud
Marc Platt Productions,2527,Charlie St. Cloud
Relativity Media,7295,Charlie St. Cloud
CBS Films,5490,The Mechanic
Millennium Films,10254,The Mechanic
Chartoff-Winkler Productions,12252,The Mechanic
Scared Productions,22035,The Mechanic
Nu Image Entertainment GmbH,22443,The Mechanic
Columbia Pictures,5,21 Jump Street
Original Film,333,21 Jump Street
Stephen J. Cannell Productions,5585,21 Jump Street
Relativity Media,7295,21 Jump Street
Metro-Goldwyn-Mayer (MGM),8411,21 Jump Street
Bookshop Productions,282,Notting Hill
Notting Hill Pictures,283,Notting Hill
Working Title Films,10163,Notting Hill
Polygram Filmed Entertainment,31080,Notting Hill
DreamWorks SKG,27,Chicken Run
Aardman Animations,297,Chicken Run
DreamWorks Animation,521,Chicken Run
Pathé,7981,Chicken Run
Jersey Films,216,Along Came Polly
Loofah Productions,53626,Along Came Polly
Paramount Pictures,4,Boomerang
Ingenious Film Partners,289,The Heat
Ingenious Media,290,The Heat
Twentieth Century Fox Film Corporation,306,The Heat
Chernin Entertainment,7076,The Heat
Big Screen Productions,10893,The Heat
TSG Entertainment,22213,The Heat
Walt Disney Pictures,2,Sky High
Gunn Films,3538,Sky High
Max Stronghold Productions Inc.,56980,Sky High
Twentieth Century Fox Film Corporation,306,Cleopatra
MCL Films S.A.,11451,Cleopatra
Walwa Films S.A.,11452,Cleopatra
Columbia Pictures,5,Here Comes the Boom
Happy Madison Productions,2608,Here Comes the Boom
Broken Road Productions,8000,Here Comes the Boom
Twentieth Century Fox Film Corporation,306,High Crimes
Regency Enterprises,508,High Crimes
Monarch Pictures,966,High Crimes
Epsilon Motion Pictures,1171,High Crimes
New Regency Pictures,10104,High Crimes
Manifest Film Company,20719,High Crimes
TriStar Pictures,559,The Mirror Has Two Faces
Phoenix Pictures,11317,The Mirror Has Two Faces
Lakeshore Entertainment,126,The Mothman Prophecies
Spyglass Entertainment,158,The Sixth Sense
The Kennedy/Marshall Company,862,The Sixth Sense
Hollywood Pictures,915,The Sixth Sense
Barry Mendel Productions,17032,The Sixth Sense
Universal Pictures,33,Brüno
Eon Productions,7576,Licence to Kill
Appian Way,562,Red Riding Hood
Warner Bros.,6194,Red Riding Hood
Random Films,7262,Red Riding Hood
New Line Cinema,12,15 Minutes
Industry Entertainment,376,15 Minutes
Tribeca Productions,11391,15 Minutes
New Redemption Pictures,67171,15 Minutes
Hollywood Pictures,915,Super Mario Bros.
Cinergi Pictures Entertainment,1504,Super Mario Bros.
Allied Filmmakers,1755,Super Mario Bros.
Walt Disney,5888,Super Mario Bros.
Nintendo,12288,Super Mario Bros.
Saturn Films,831,Lord of War
Ascendant Pictures,1204,Lord of War
Endgame Entertainment,1205,Lord of War
Entertainment Manufacturing Company,1206,Lord of War
Rising Star,1208,Lord of War
Copag V,21938,Lord of War
Beijing New Picture Film Co. Ltd.,724,Hero
China Film Co-Production Corporation,2269,Hero
Lakeshore Entertainment,126,One for the Money
Sidney Kimmel Entertainment,737,One for the Money
Columbia Pictures,5,The Interview
Point Grey Pictures,16615,The Interview
Boram Entertainment Inc.,2965,The Warrior's Way
France 2 Cinéma,83,Micmacs
France 3 Cinéma,591,Micmacs
Epithète Films,7286,Micmacs
France 3 (FR 3),11244,Micmacs
Région Ile-de-France,11246,Micmacs
France 2 (FR2),11359,Micmacs
Orange Cinéma Séries,11620,Micmacs
Tapioca Films,12000,Micmacs
Warner Bros. Entertainment France,12001,Micmacs
Imagine Entertainment,23,8 Mile
Mikona Productions GmbH & Co. KG,24,8 Mile
Pathé Films,4959,Why I Did (Not) Eat My Father
Boréales,8606,Why I Did (Not) Eat My Father
Columbia Pictures Corporation,441,A Knight's Tale
Escape Artists,1423,A Knight's Tale
Black and Blu Entertainment,53007,A Knight's Tale
Finestkind,53008,A Knight's Tale
Living Films,2877,The Medallion
Emperor Multimedia Group (EMG),3320,The Medallion
Golden Port Productions Ltd.,73998,The Medallion
Ingenious Media,290,The Big Year
Dune Entertainment,444,The Big Year
Fox 2000 Pictures,711,The Big Year
Deuce Three Productions,812,The Big Year
Sunswept Entertainment,5219,The Big Year
Red Hour Films,12178,The Big Year
Columbia Pictures Corporation,441,The Karate Kid
Jerry Weintraub Productions,2596,The Karate Kid
Delphi Films,4267,The Karate Kid
Columbia Pictures,5,American Hustle
Atlas Entertainment,507,American Hustle
Annapurna Pictures,13184,American Hustle
Touchstone Pictures,9195,The Proposal
Mandeville Films,10227,The Proposal
Kurtzman/Orci,12536,The Proposal
Paramount Pictures,4,Double Jeopardy
Universal Pictures,33,Back to the Future Part II
Amblin Entertainment,56,Back to the Future Part II
U-Drive Productions,20448,Back to the Future Part II
Universal Pictures,33,Lucy
TF1 Films Production,3823,Lucy
Canal+,5358,Lucy
EuropaCorp,6896,Lucy
Ciné+,23616,Lucy
Focus Features,10146,Fifty Shades of Grey
Trigger Street Productions,11801,Fifty Shades of Grey
Michael De Luca Productions,27551,Fifty Shades of Grey
Dimension Films,7405,Spy Kids 3-D: Game Over
Regency Enterprises,508,A Time to Kill
Warner Bros.,6194,A Time to Kill
Twentieth Century Fox Film Corporation,306,Cheaper by the Dozen
Robert Simonds Productions,3929,Cheaper by the Dozen
Universal Pictures,33,Lone Survivor
Weed Road Pictures,433,Lone Survivor
Herrick Entertainment,6666,Lone Survivor
Leverage Management,8536,Lone Survivor
Closest to the Hole Productions,8537,Lone Survivor
Emmett/Furla Films,10405,Lone Survivor
Envision Entertainment Corporation,11030,Lone Survivor
Film 44,20153,Lone Survivor
Foresight Unlimited,21897,Lone Survivor
Hollywood Studios International,22610,Lone Survivor
Spikings Entertainment,22611,Lone Survivor
Universal Pictures,33,Back to the Future Part III
Amblin Entertainment,56,Back to the Future Part III
U-Drive Productions,20448,Back to the Future Part III
Columbia Pictures Corporation,441,A League of Their Own
Parkway Productions,1350,A League of Their Own
New Line Cinema,12,The Conjuring 2
Dune Entertainment,444,The Conjuring 2
The Safran Company,11565,The Conjuring 2
Evergreen Media Group,31375,The Conjuring 2
warner bross Turkey,47502,The Conjuring 2
Soho VFX,54392,The Conjuring 2
Atomic Monster,76907,The Conjuring 2
Columbia Pictures,5,The Social Network
Scott Rudin Productions,258,The Social Network
Relativity Media,7295,The Social Network
New Line Cinema,12,He's Just Not That Into You
Flower Films (II),19813,He's Just Not That Into You
Internationale Filmproduktion Blackswan,51190,He's Just Not That Into You
Dimension Films,7405,Scary Movie 4
Konrad Pictures,85,Scream 3
Craven-Maddalena Films,1600,Scream 3
Dimension Films,7405,Scream 3
Gary Sanchez Productions,4740,Get Hard
Warner Bros.,6194,Get Hard
American Zoetrope,70,Dracula
Columbia Pictures Corporation,441,Dracula
Osiris Films,2019,Dracula
Columbia Pictures,5,Julie & Julia
Scott Rudin Productions,258,Julie & Julia
Easy There Tiger Productions,11804,Julie & Julia
Warner Bros.,6194,42
Paramount Pictures,4,The Talented Mr. Ripley
Miramax Films,14,The Talented Mr. Ripley
Timnick Films,679,The Talented Mr. Ripley
Mirage Enterprises,932,The Talented Mr. Ripley
Morgan Creek Productions,10210,The Last of the Mohicans
New Line Cinema,12,Dumb and Dumber To
Universal Pictures,33,Dumb and Dumber To
Conundrum Entertainment,1156,Dumb and Dumber To
Red Granite Pictures,19177,Dumb and Dumber To
Walt Disney Pictures,2,Eight Below
Spyglass Entertainment,158,Eight Below
Vertigo Entertainment,829,Eight Below
"Kennedy/Marshall Company, The",7383,Eight Below
Mandeville Films,10227,Eight Below
Winking Productions,20669,Eight Below
Waverly Films,735,The Intern
Warner Bros.,6194,The Intern
Universal Pictures,33,Ride Along 2
Cube Vision,2780,Ride Along 2
Will Packer Productions,49968,Ride Along 2
Reel Chefs Catering,83397,Ride Along 2
Universal Pictures,33,Ray
Bristol Bay Productions,2233,Ray
Baldwin Entertainment Group,2234,Ray
Anvil Films,8833,Ray
Dimension Films,7405,Sin City
Troublemaker Studios,10807,Sin City
Miramax,53009,Sin City
Columbia Pictures,5,Vantage Point
Original Film,333,Vantage Point
Kanzaman,4169,Vantage Point
Relativity Media,7295,Vantage Point
Art In Motion,31604,Vantage Point
The Montecito Picture Company,2364,"I Love You, Man"
De Line Pictures,2609,"I Love You, Man"
Bernard Gayle Productions,3194,"I Love You, Man"
Twentieth Century Fox Film Corporation,306,Shallow Hal
Camelot Productions,523,JFK
Canal Plus Group,524,JFK
Ixtlan Productions,525,JFK
Warner Bros.,6194,JFK
Twentieth Century Fox Film Corporation,306,Behind Enemy Lines
Davis Entertainment,1302,Behind Enemy Lines
Twentieth Century Fox Film Corporation,306,Big Momma's House 2
Regency Enterprises,508,Big Momma's House 2
Epsilon Motion Pictures,1171,Big Momma's House 2
Firm Films,1838,Big Momma's House 2
Deep River Productions,2646,Big Momma's House 2
New Regency Pictures,10104,Big Momma's House 2
Ed Friendly Productions,47635,Big Momma's House 2
Runteldat Entertainment,73956,Big Momma's House 2
Big Lou House Productions,79036,Big Momma's House 2
DreamWorks SKG,27,The Mexican
Newmarket Capital Group,506,The Mexican
Lawrence Bender Productions,2253,The Mexican
Pistolero Productions LLC,55852,The Mexican
New Line Cinema,12,17 Again
Offspring Entertainment,2378,17 Again
Twentieth Century Fox Film Corporation,306,The Other Woman
LBI Productions,75017,The Other Woman
New Line Cinema,12,The Final Destination
Practical Pictures,48788,The Final Destination
Parallel Zide,48792,The Final Destination
DreamWorks SKG,27,Bridge of Spies
Amblin Entertainment,56,Bridge of Spies
Studio Babelsberg,264,Bridge of Spies
Fox 2000 Pictures,711,Bridge of Spies
Marc Platt Productions,2527,Bridge of Spies
Participant Media,6735,Bridge of Spies
Reliance Entertainment,7294,Bridge of Spies
TSG Entertainment,22213,Bridge of Spies
Universal Pictures,33,Get Him to the Greek
Spyglass Entertainment,158,Get Him to the Greek
Relativity Media,7295,Get Him to the Greek
Apatow Productions,10105,Get Him to the Greek
Miramax Films,14,Shall We Dance?
Universal Pictures,33,Small Soldiers
Amblin Entertainment,56,Small Soldiers
DreamWorks Pictures,7293,Small Soldiers
New Line Cinema,12,Spawn
Pull Down Your Pants Pictures,3907,Spawn
Todd McFarlane Entertainment,23364,Spawn
Spyglass Entertainment,158,The Count of Monte Cristo
World 2000 Entertainment,7692,The Count of Monte Cristo
Count of Monte Cristo Ltd.,7693,The Count of Monte Cristo
Touchstone Pictures,9195,The Count of Monte Cristo
Studio Babelsberg,264,Unknown
StudioCanal,694,Unknown
Dark Castle Entertainment,1786,Unknown
TF1 Films Production,3823,Unknown
Canal+,5358,Unknown
Panda Productions Inc.,12408,Unknown
Horticus UK,12409,Unknown
Warner Bros.,6194,The Prestige
Touchstone Pictures,9195,The Prestige
Syncopy,9996,The Prestige
New Line Cinema,12,Horrible Bosses 2
BenderSpink,6363,Horrible Bosses 2
RatPac Entertainment,28732,Horrible Bosses 2
Rainmaker Entertainment,2213,Escape from Planet Earth
Mainframe Entertainment,5024,Escape from Planet Earth
"Weinstein Company, The",7289,Escape from Planet Earth
Icon Productions,152,Apocalypto
Icon Entertainment International,4564,Apocalypto
Touchstone Pictures,9195,Apocalypto
United Artists,60,The Living Daylights
Eon Productions,7576,The Living Daylights
Twentieth Century Fox Film Corporation,306,Predators
Davis Entertainment,1302,Predators
Dune Entertainment III,6332,Predators
Troublemaker Studios,10807,Predators
Universal Pictures,33,Legal Eagles
Mirage Enterprises,932,Legal Eagles
Northern Lights Entertainment,8816,Legal Eagles
Columbia Pictures Corporation,441,Secret Window
Pariah Entertainment Group,1271,Secret Window
Grand Slam Productions,23651,Secret Window
Mel's Cite du Cinema,54502,Secret Window
Village Roadshow Pictures,79,The Lake House
Vertigo Entertainment,829,The Lake House
Sound for Film,1143,The Lake House
Warner Bros.,6194,The Lake House
Universal Pictures,33,The Skeleton Key
MFPV Film,69,The Skeleton Key
Double Feature Films,215,The Skeleton Key
ShadowCatcher Entertainment,12269,The Skeleton Key
Daniel Bobker Productions,12270,The Skeleton Key
Brick Dust Productions LLC,12271,The Skeleton Key
Walt Disney Pictures,2,The Odd Life of Timothy Green
Columbia Pictures,5,Made of Honor
Original Film,333,Made of Honor
Warner Bros.,6194,Jersey Boys
Paramount Pictures,4,The Rainmaker
Constellation Entertainment,14941,The Rainmaker
Columbia Pictures Corporation,441,Gothika
Dark Castle Entertainment,1786,Gothika
Warner Bros.,6194,Gothika
DreamWorks SKG,27,Amistad
Hollywood Pictures,915,Medicine Man
Cinergi Pictures Entertainment,1504,Medicine Man
Twentieth Century Fox Film Corporation,306,Aliens vs Predator: Requiem
Dune Entertainment,444,Aliens vs Predator: Requiem
Davis Entertainment,1302,Aliens vs Predator: Requiem
Brandywine Productions,19747,Aliens vs Predator: Requiem
Davis Entertainment,1302,Ri¢hie Ri¢h
Silver Pictures,1885,Ri¢hie Ri¢h
Warner Bros.,6194,Ri¢hie Ri¢h
Touchstone Pictures,9195,Sweet Home Alabama
Lakeshore Entertainment,126,Autumn in New York
Metro-Goldwyn-Mayer (MGM),8411,Autumn in New York
Village Roadshow Pictures,79,Music and Lyrics
Castle Rock Entertainment,97,Music and Lyrics
Reserve Room,10222,Music and Lyrics
Flower Films (II),19813,Music and Lyrics
Universal Pictures,33,Paul
Big Talk Productions,443,Paul
Relativity Media,7295,Paul
Working Title Films,10163,Paul
Paramount Pictures,4,The Guilt Trip
Skydance Productions,6277,The Guilt Trip
Dimension Films,7405,Scream 4
Columbia Pictures Corporation,441,8MM
Hofflund/Polone,1685,8MM
Global Entertainment Productions GmbH & Company Medien KG,9269,8MM
Escape Artists,1423,Sex Tape
Media Rights Capital,2531,Sex Tape
Sony Pictures Entertainment (SPE),7431,Sex Tape
LStar Capital,34034,Sex Tape
Laurence Mark Productions,415,Hanging Up
Columbia Pictures Corporation,441,Hanging Up
Global Entertainment Productions GmbH & Company Medien KG,9269,Hanging Up
Nora Ephron Productions,67153,Hanging Up
New Line Cinema,12,Final Destination 5
Practical Pictures,48788,Final Destination 5
Parallel Zide,48792,Final Destination 5
Castle Rock Entertainment,97,Mickey Blue Eyes
Warner Bros.,6194,Mickey Blue Eyes
Bel Air Entertainment,788,Pay It Forward
Warner Bros.,6194,Pay It Forward
Fox 2000 Pictures,711,Fever Pitch
Wildgaze Films,1508,Fever Pitch
Alan Greenspan Productions,6401,Fever Pitch
Mars Media Beteiligungs,6402,Fever Pitch
Flower Films (II),19813,Fever Pitch
ELC Productions Ltd.,73953,Fever Pitch
Paramount Pictures,4,Drillbit Taylor
Apatow Productions,10105,Drillbit Taylor
Media Rights Capital,2531,A Million Ways to Die in the West
Fuzzy Door Productions,8789,A Million Ways to Die in the West
Bluegrass Films,27451,A Million Ways to Die in the West
RGB Media,31470,A Million Ways to Die in the West
Universal Pictures,33,The Shadow
Paramount Pictures,4,Extremely Loud & Incredibly Close
Scott Rudin Productions,258,Extremely Loud & Incredibly Close
Warner Bros.,6194,Extremely Loud & Incredibly Close
Columbia Pictures,5,Paul Blart: Mall Cop 2
Happy Madison Productions,2608,Paul Blart: Mall Cop 2
Sony Pictures Releasing,3045,Paul Blart: Mall Cop 2
Sony Pictures Entertainment (SPE),7431,Paul Blart: Mall Cop 2
LStar Capital,34034,Paul Blart: Mall Cop 2
Hey Eddie,46222,Paul Blart: Mall Cop 2
Bad Robot,11461,Morning Glory
Goldcrest Pictures,11843,Morning Glory
Paramount Pictures,4,Get Rich or Die Tryin'
MTV Films,746,Get Rich or Die Tryin'
Cent Productions Inc.,54336,Get Rich or Die Tryin'
Amen Ra Films,421,The Art of War
Franchise Pictures,1403,The Art of War
Warner Bros.,6194,The Art of War
Morgan Creek Productions,10210,The Art of War
Columbia Pictures,5,Rent
1492 Pictures,436,Rent
Revolution Studios,497,Rent
Paramount Pictures,4,Bless the Child
Icon Entertainment International,4564,Bless the Child
Munich Film Partners & Company (MFP) BTC Productions,42221,Bless the Child
Paramount Pictures,4,The Out-of-Towners
Cherry Alley Productions,2232,The Out-of-Towners
New Line Cinema,12,The Island of Dr. Moreau
Crystal Sky Worldwide,4077,The Musketeer
MDP Worldwide,10828,The Musketeer
ApolloMedia Distribution,16850,The Musketeer
"Carousel Picture Company, The",19944,The Musketeer
Signature Entertainment,23770,The Musketeer
Luxembourg Film Fund,46195,The Musketeer
D'Artagnan Productions Limited,53010,The Musketeer
Q&Q Medien GmbH,53011,The Musketeer
Columbia Pictures,5,The Other Boleyn Girl
Scott Rudin Productions,258,The Other Boleyn Girl
BBC Films,288,The Other Boleyn Girl
Ruby Films,2054,The Other Boleyn Girl
Relativity Media,7295,The Other Boleyn Girl
Focus Features,10146,The Other Boleyn Girl
Bel Air Entertainment,788,Sweet November
Warner Bros.,6194,Sweet November
Columbia Pictures,5,The 5th Wave
GK Films,3281,The 5th Wave
Material Pictures,12139,The 5th Wave
LStar Capital,34034,The 5th Wave
Village Roadshow Pictures,79,The Reaping
Dark Castle Entertainment,1786,The Reaping
Warner Bros.,6194,The Reaping
Eyetronics,15763,The Reaping
Chime Films,19965,The Reaping
Scorsese Productions,120,Mean Streets
Cinergi Pictures Entertainment,1504,Renaissance Man
Touchstone Pictures,9195,Renaissance Man
TF1 Films Production,3823,Colombiana
Canal+,5358,Colombiana
CinéCinéma,6301,Colombiana
Grive Productions,6877,Colombiana
EuropaCorp,6896,Colombiana
A.J.O.Z. Films,11473,Colombiana
Warner Bros.,6194,Quest for Camelot
Warner Bros. Pictures,174,City By The Sea
Epsilon Motion Pictures,1171,City By The Sea
Franchise Pictures,1403,City By The Sea
Brad Grey Pictures,10958,City By The Sea
Sea Breeze Productions Inc.,76490,City By The Sea
Metro-Goldwyn-Mayer (MGM),8411,At First Sight
Village Roadshow Pictures,79,Torque
Original Film,333,Torque
Warner Bros.,6194,Torque
Columbia Pictures,5,City Hall
Castle Rock Entertainment,97,City Hall
United Artists,60,Showgirls
Le Studio Canal+,183,Showgirls
Carolco Pictures,14723,Showgirls
DiNovi Pictures,813,New York Minute
Dualstar Productions,6130,New York Minute
Warner Bros.,6194,New York Minute
American Zoetrope,70,Marie Antoinette
Columbia Pictures Corporation,441,Marie Antoinette
Pricel,6542,Marie Antoinette
Tohokushinsha Film,12387,Marie Antoinette
Commission du Film France,20637,Marie Antoinette
Commission du Film Île-de-France,20638,Marie Antoinette
Twentieth Century Fox Film Corporation,306,Kiss of Death
Franchise Pictures,1403,Get Carter
Warner Bros.,6194,Get Carter
Morgan Creek Productions,10210,Get Carter
The Canton Company,22351,Get Carter
Summit Entertainment,491,The Impossible
Telecinco Cinema,2674,The Impossible
Apaches Entertainment,8111,The Impossible
Canal+ España,9335,The Impossible
Instituto de la Cinematografía y de las Artes Audiovisuales (ICAA),9974,The Impossible
Institut Valenciã de Cinematografia (IVAC),18309,The Impossible
Mediaset España,21632,The Impossible
La Trini,53490,The Impossible
Generalitat Valenciana,53491,The Impossible
New Line Cinema,12,Creed
Warner Bros.,6194,Creed
Metro-Goldwyn-Mayer (MGM),8411,Creed
Chartoff Winkler Productions,88686,Creed
Columbia Pictures,5,Ishtar
Twentieth Century Fox Film Corporation,306,Fantastic Mr. Fox
Regency Enterprises,508,Fantastic Mr. Fox
Indian Paintbrush,9350,Fantastic Mr. Fox
American Empirical Pictures,23449,Fantastic Mr. Fox
Regency Enterprises,508,Life or Something Like It
Epsilon Motion Pictures,1171,Life or Something Like It
Davis Entertainment,1302,Life or Something Like It
New Regency Pictures,10104,Life or Something Like It
Monarchy Enterprises S.a.r.l.,77845,Life or Something Like It
Atchity Entertainment International (AEI),81134,Life or Something Like It
Regency Enterprises,508,Memoirs of an Invisible Man
Alcor Films,644,Memoirs of an Invisible Man
Canal+,5358,Memoirs of an Invisible Man
Warner Bros.,6194,Memoirs of an Invisible Man
Cornelius Productions,67992,Memoirs of an Invisible Man
France 3 Cinéma,591,Amélie
Claudie Ossard Productions,592,Amélie
MMC Independent,4411,Amélie
Canal+,5358,Amélie
Tapioca Films,12000,Amélie
Sofica Sofinergie 5,23446,Amélie
Victoires Productions,25020,Amélie
Filmstiftung Nordrhein-Westfalen,27897,Amélie
Union Générale Cinématographique (UGC),30994,Amélie
Paramount Pictures,4,Alfie
Patalex Productions,57751,Alfie
Universal Pictures,33,Big Miracle
Anonymous Content,10039,Big Miracle
Working Title Films,10163,Big Miracle
Columbia Pictures Corporation,441,The Deep End of the Ocean
Mandalay Entertainment,1236,The Deep End of the Ocean
Milagro Films,1070,FearDotCom
Franchise Pictures,1403,FearDotCom
DoRo Fiction Film,2193,FearDotCom
Signature Pictures,2982,FearDotCom
ApolloMedia Distribution,16850,FearDotCom
"Carousel Picture Company, The",19944,FearDotCom
Luxembourg Film Fund,46195,FearDotCom
Filmyard Underwaterdeco,48618,FearDotCom
Paramount Pictures,4,A Thousand Words
DreamWorks SKG,27,A Thousand Words
Saturn Films,831,A Thousand Words
Varsity Pictures,6024,A Thousand Words
Universal Pictures,33,Cirque du Freak: The Vampire's Assistant
Miramax Films,14,Duplex
Flower Films,2214,Duplex
Dimension Films,7405,Soul Men
ITC Entertainment,1584,Raise the Titanic
TriStar Pictures,559,Universal Soldier: The Return
Baumgarten-Prophet Entertainment,12968,Universal Soldier: The Return
Impact Pictures,248,Pandorum
Constantin Film Produktion,5755,Pandorum
Dimension Films,7405,Impostor
Marty Katz Productions,12552,Impostor
Mojo Films,21635,Impostor
PK Pictures,21636,Impostor
Paramount Pictures,4,Extreme Ops
Extreme Productions,16849,Extreme Ops
ApolloMedia Distribution,16850,Extreme Ops
Gaumont,9,Just Visiting
Hollywood Pictures,915,Just Visiting
Bruin Grip Services,5330,Just Visiting
DNA Films,284,Sunshine
Ingenious Film Partners,289,Sunshine
UK Film Council,2452,Sunshine
Moving Picture Company (MPC),20478,Sunshine
Fathom Studios,3796,Delgo
Electric Eye Entertainment Corporation,11623,Delgo
StudioCanal,694,The Gunman
Silver Pictures,1885,The Gunman
TF1 Films Production,3823,The Gunman
Canal+,5358,The Gunman
Instituto de la Cinematografía y de las Artes Audiovisuales (ICAA),9974,The Gunman
Nostromo Pictures,11068,The Gunman
Anton Capital Entertainment (ACE),20664,The Gunman
Institut Català de les Empreses Culturals (ICEC),35559,The Gunman
Prone Gunman,58772,The Gunman
Amazon Prime Instant Video,58773,The Gunman
Prone Gunman A.I.E.,58774,The Gunman
Isle of Man Film,2268,Stormbreaker
"Weinstein Company, The",7289,Stormbreaker
Samuelson Productions,22514,Stormbreaker
Paramount Pictures,4,Disturbia
DreamWorks SKG,27,Disturbia
Cold Spring Pictures,2363,Disturbia
"Montecito Picture Company, The",4607,Disturbia
United Artists,60,Hackers
Suftley,87394,Hackers
Europa Corp,1075,A Monster in Paris
Scanbox,8992,A Monster in Paris
Intermedia Films,763,The Hunting Party
PolyGram Filmed Entertainment,1382,The Hudsucker Proxy
Silver Pictures,1885,The Hudsucker Proxy
Warner Bros.,6194,The Hudsucker Proxy
Working Title Films,10163,The Hudsucker Proxy
PolyGram Filmproduktion,23873,The Hudsucker Proxy
Applause Pictures,5346,The Warlords
Media Asia Films,5552,The Warlords
Beijing Jinyinma Movie & TV Culture Co.,5636,The Warlords
Stellar Mega Films,6838,The Warlords
Beijing Poly-bona Film Publishing Company,11414,The Warlords
Chengtian Entertainment,11417,The Warlords
Morgan & Chan Films,12183,The Warlords
Talent Aid International,12184,The Warlords
China Film Group Corporation (CFGC),14714,The Warlords
Wild Bunch,856,Nomad: The Warrior
Ibrus,3622,Nomad: The Warrior
Kazakhfilm Studios,3623,Nomad: The Warrior
True Story Production,3624,Nomad: The Warrior
CJ Entertainment,7036,Snowpiercer
Opus Pictures,7270,Snowpiercer
Stillking Films,11345,Snowpiercer
SnowPiercer,21122,Snowpiercer
Moho Film,34725,Snowpiercer
Touchstone Pictures,9195,The Last Shot
Mandeville Films,10227,The Last Shot
"Morra, Brezner, Steinberg and Tenenbaum Entertainment (MBST)",59952,The Last Shot
Burro Productions,59955,The Last Shot
Miramax Films,14,The Crow
Crowvision Inc.,4028,The Crow
Entertainment Media Investment Corporation,4029,The Crow
Jeff Most Productions,4030,The Crow
Edward R. Pressman Film,6455,The Crow
Arka Media Works,57946,Baahubali: The Beginning
New Line Cinema,12,The Time Traveler's Wife
Plan B Entertainment,81,The Time Traveler's Wife
Nick Wechsler Productions,8073,The Time Traveler's Wife
Internationale Scarena Filmproduktionsgesellschaft 2,23046,The Time Traveler's Wife
Universal Pictures,33,Because I Said So
Gold Circle Films,12026,Because I Said So
Universal Pictures,33,Serenity
Barry Mendel Productions,17032,Serenity
Paramount Pictures,4,Against the Ropes
Cort/Madden Productions,53673,Against the Ropes
ATR Films,53904,Against the Ropes
MMP Erste Filmproduktions,53905,Against the Ropes
Moviemakers Productions (MMP),53906,Against the Ropes
Warner Bros.,6194,Superman III
Dovemead Films,51861,Superman III
Cantharus Productions,51903,Superman III
Gerber Pictures,975,Grudge Match
Warner Bros.,6194,Grudge Match
Metropolitan Filmexport,656,Red Cliff
Lion Rock Productions,2812,Red Cliff
Showbox,3491,Red Cliff
Lawrence Bender Productions,2253,Safe
IM Global,7437,Safe
Automatik Entertainment,7625,Safe
Trigger Street Productions,11801,Safe
87Eleven,23008,Safe
Lakeshore Entertainment,126,The Ugly Truth
Relativity Media,7295,The Ugly Truth
Imagine Entertainment,23,Sgt. Bilko
Universal Pictures,33,Sgt. Bilko
Dimension Films,7405,Spy Kids 2: The Island of Lost Dreams
Paramount Pictures,4,Star Trek: Generations
The Weinstein Company,308,The Grandmaster
Block 2 Pictures,539,The Grandmaster
Wild Bunch,856,The Grandmaster
Annapurna Pictures,13184,The Grandmaster
Jet Tone Films,26492,The Grandmaster
Sil-Metropole Organisation Ltd.,35050,The Grandmaster
Ingenious Media,290,Water for Elephants
Dune Entertainment,444,Water for Elephants
Fox 2000 Pictures,711,Water for Elephants
Flashpoint Entertainment,7717,Water for Elephants
Big Screen Productions,10893,Water for Elephants
Mili Pictures,60714,Dragon Nest: Warriors' Dawn
Universal Pictures,33,The Hurricane
Beacon Communications,919,The Hurricane
Azoff Entertainment,10619,The Hurricane
Winkler Films,8880,Enough
Davis Entertainment,1302,Heartbreakers
Metro-Goldwyn-Mayer (MGM),8411,Heartbreakers
Columbia Pictures,5,This Is the End
Mandate Pictures,771,This Is the End
Sony Pictures Entertainment (SPE),7431,This Is the End
Point Grey Pictures,16615,This Is the End
Epsilon Motion Pictures,1171,Angel Eyes
Morgan Creek Productions,10210,Angel Eyes
The Canton Company,22351,Angel Eyes
AE Two Film Productions,89132,Angel Eyes
Angel Eyes Productions,89133,Angel Eyes
Regency Enterprises,508,Joe Somebody
Fox 2000 Pictures,711,Joe Somebody
Kopelson Entertainment,824,Joe Somebody
Epsilon Motion Pictures,1171,Joe Somebody
Atchity Entertainment International (AEI),81134,Joe Somebody
Bac Films,208,The Ninth Gate
Kino Vision,353,The Ninth Gate
Orly Films,354,The Ninth Gate
R.P. Productions,355,The Ninth Gate
Vía Digital,357,The Ninth Gate
Artisan Entertainment,2188,The Ninth Gate
Origen Producciones Cinematograficas S.A.,3315,The Ninth Gate
TF1 Films Production,3823,The Ninth Gate
Canal+,5358,The Ninth Gate
Canal+ España,9335,The Ninth Gate
Columbia Pictures,5,Extreme Measures
Castle Rock Entertainment,97,Extreme Measures
Simian Films,10153,Extreme Measures
Legendary Pictures,923,The Town
GK Films,3281,The Town
Thunder Road Pictures,3528,The Town
Warner Bros.,6194,The Town
Bel Air Entertainment,788,Rock Star
Warner Bros.,6194,Rock Star
Robert Lawrence Productions,12245,Rock Star
Metal Productions Inc.,89134,Rock Star
Maysville Pictures,89135,Rock Star
Smokewood Entertainment Group,4424,Precious
Hollywood Pictures,915,White Squall
Largo Entertainment,1644,White Squall
Scott Free Productions,1645,White Squall
Universal Pictures,33,The Thing
Turman-Foster Company,662,The Thing
One Race Productions,1225,Riddick
Radar Pictures,14718,Riddick
Riddick Canada Productions,23634,Riddick
Alcon Entertainment,1088,What to Expect When You're Expecting
Lionsgate,1632,What to Expect When You're Expecting
Phoenix Pictures,11317,What to Expect When You're Expecting
What to Expect Productions,19577,What to Expect When You're Expecting
Paramount Pictures,4,Switchback
Pacific Western,1280,Switchback
Rysher Entertainment,11661,Switchback
Dimension Films,7405,Texas Rangers
Playtone,4171,City of Ember
Walden Media,10221,City of Ember
Ghoulardi Film Company,178,The Master
The Weinstein Company,308,The Master
Annapurna Pictures,13184,The Master
Ingenious Film Partners,289,Virgin Territory
Dino de Laurentiis Cinematografica,1216,Virgin Territory
Dino De Laurentiis Company,10308,Virgin Territory
Zephyr Films,16923,Virgin Territory
Red Lion Sarl,17234,Virgin Territory
Carthago Films S.a.r.l.,20395,Virgin Territory
Davis Entertainment,1302,The Express
Relativity Media,7295,The Express
IDEA Filmproduktions,59972,The Express
Mike Zoss Productions,2092,Burn After Reading
Studio Canal,5870,Burn After Reading
Relativity Media,7295,Burn After Reading
Focus Features,10146,Burn After Reading
Working Title Films,10163,Burn After Reading
Walden Media,10221,Nim's Island
Revolution Films,163,Rush
Working Title Films,10163,Rush
Cross Creek Pictures,10246,Rush
Exclusive Media Group,11448,Rush
Double Negative,31922,Rush
New Line Cinema,12,Magnolia
Ghoulardi Film Company,178,Magnolia
The Magnolia Project,179,Magnolia
Warner Bros.,6194,Cop Out
New Line Cinema,12,We're the Millers
BenderSpink,6363,We're the Millers
Heyday Films,7364,We're the Millers
Newman/Tooley Films,16791,We're the Millers
Vincent Newman Entertainment,17929,We're the Millers
Slap Happy Productions (II),31073,We're the Millers
New Line Cinema,12,How to Be Single
Flower Films,2214,How to Be Single
Metro-Goldwyn-Mayer Pictures,6127,How to Be Single
Alcon Entertainment,1088,Dolphin Tale
Arc Productions,10280,Dolphin Tale
Summit Entertainment,491,Twilight
Maverick Films,4000,Twilight
Imprint Entertainment,5218,Twilight
Goldcrest Pictures,11843,Twilight
Temple Hill Entertainment,12292,Twilight
Twilight Productions,57750,Twilight
New Line Cinema,12,John Q
Burg/Koules Productions,17106,John Q
Evolution Entertainment,23019,John Q
Columbia Pictures,5,Blue Streak
Art Pictures Studio,3451,The Inhabited Island
Non-Stop Productions,5630,The Inhabited Island
Telekanal STS,22691,The Inhabited Island
Premiere Stealth Rights,46831,The Inhabited Island
Paramount Pictures,4,Breakdown
Dino De Laurentiis Company,10308,Breakdown
Spelling Films,10355,Breakdown
PSO International,427,Never Say Never Again
TaliaFilm II Productions,67984,Never Say Never Again
Woodcote,67985,Never Say Never Again
United Artists,60,Hot Tub Time Machine
Metro-Goldwyn-Mayer (MGM),8411,Hot Tub Time Machine
New Crime Productions,12886,Hot Tub Time Machine
Alcon Entertainment,1088,Dolphin Tale 2
Color Force,5420,Dolphin Tale 2
Boxing Cat Films,12626,Dolphin Tale 2
St. Petersburg Clearwater Film Commission,68621,Dolphin Tale 2
Dimension Films,7405,Reindeer Games
Marty Katz Productions,12552,Reindeer Games
New Line Cinema,12,A Man Apart
Newman/Tooley Films,16791,A Man Apart
Joseph Nittolo Entertainment,21975,A Man Apart
"""DIA"" Productions GmbH & Co. KG",37103,A Man Apart
Scott Rudin Productions,258,Aloha
Vinyl Films,485,Aloha
Columbia Pictures,5,Ghosts of Mississippi
Castle Rock Entertainment,97,Ghosts of Mississippi
Universal Pictures,33,Snow Falling on Cedars
The Kennedy/Marshall Company,862,Snow Falling on Cedars
New Line Cinema,12,The Rite
Contrafilm,1836,The Rite
Mid Atlantic Films,2735,The Rite
Hungarian National Film Office,17336,The Rite
Lazio Film Commission,20419,The Rite
Rome Film Commission,21211,The Rite
Italian Tax Credit,21212,The Rite
Columbia Pictures,5,Gattaca
Jersey Films,216,Gattaca
Universal Pictures,33,Isn't She Great
Mutual Film Company,762,Isn't She Great
Toho Company,882,Isn't She Great
British Broadcasting Corporation (BBC),3324,Isn't She Great
Marubeni,4650,Isn't She Great
Tele München Fernseh Produktionsgesellschaft (TMG),7237,Isn't She Great
Lobell/Bergman Productions,10513,Isn't She Great
Starz Media,2659,Space Chimps
Starz Animation,2885,Space Chimps
Odyssey Entertainment,3539,Space Chimps
Studiopolis,81138,Space Chimps
Vanguard Animation,81139,Space Chimps
DreamWorks SKG,27,Head of State
3 Arts Entertainment,36390,Head of State
Legendary Pictures,923,The Hangover
Green Hat Films,3527,The Hangover
Warner Bros.,6194,The Hangover
IFP Westcoast Erste,12235,The Hangover
Mandarin Films Distribution Co.,4054,Ip Man 3
New Line Cinema,12,Austin Powers: The Spy Who Shagged Me
Eric's Boy,595,Austin Powers: The Spy Who Shagged Me
PolyGram Filmed Entertainment,1382,Batman
The Guber-Peters Company,4357,Batman
Warner Bros.,6194,Batman
[],[],There Be Dragons
Silver Pictures,1885,Lethal Weapon 3
Warner Bros.,6194,Lethal Weapon 3
Dimension Films,7405,Spy Kids
Troublemaker Studios,10807,Spy Kids
Miramax,53009,Spy Kids
New Line Cinema,12,Horrible Bosses
Rat Entertainment,12007,Horrible Bosses
Paramount Pictures,4,True Grit
Scott Rudin Productions,258,True Grit
Mike Zoss Productions,2092,True Grit
Skydance Productions,6277,True Grit
Twentieth Century Fox Film Corporation,306,The Devil Wears Prada
Dune Entertainment,444,The Devil Wears Prada
Major Studio Partners,445,The Devil Wears Prada
Peninsula Films,682,The Devil Wears Prada
Fox 2000 Pictures,711,The Devil Wears Prada
Paramount Pictures,4,Star Trek: The Motion Picture
Stuber Productions,4403,Identity Thief
Aggregate Films,37361,Identity Thief
DumbDumb,37362,Identity Thief
Universal Pictures,33,Cape Fear
Amblin Entertainment,56,Cape Fear
Cappa Productions,691,Cape Fear
Tribeca Productions,11391,Cape Fear
Columbia Pictures,5,21
Relativity Media,7295,21
Universal Pictures,33,Trainwreck
Fuji Television Network,3341,Trainwreck
Dentsu,6452,Trainwreck
Apatow Productions,10105,Trainwreck
Columbia Pictures,5,Guess Who
Regency Enterprises,508,Guess Who
3 Arts Entertainment,787,Guess Who
Tall Trees Productions,10239,Guess Who
Miramax Films,14,The English Patient
Tiger Moth Productions,12204,The English Patient
Regency Enterprises,508,L.A. Confidential
Wolper Organization,2428,L.A. Confidential
Warner Bros.,6194,L.A. Confidential
Paramount Pictures,4,In & Out
Spelling Films,10355,In & Out
Metro-Goldwyn-Mayer (MGM),8411,Species
New Line Cinema,12,A Nightmare on Elm Street
Smart Egg Pictures,1531,A Nightmare on Elm Street
New Line Cinema,12,The Cell
Avery Pix,1565,The Cell
Radical Media,11152,The Cell
Katira Productions GmbH & Co. KG,26083,The Cell
Caro-McLeod,26084,The Cell
United Artists Corporation,8213,The Man in the Iron Mask
Walt Disney Pictures,2,Secretariat
Fast Track Productions,22880,Secretariat
Mayhem Pictures,22881,Secretariat
Screen Gems,3287,Carrie
Metro-Goldwyn-Mayer (MGM),8411,Carrie
Misher Films,11581,Carrie
The Weinstein Company,308,TMNT
Imagi Animation Studios,3463,TMNT
Warner Bros.,6194,TMNT
Mirage Studios,30900,TMNT
Imagi Production,70995,TMNT
Revolution Studios,497,Radio
Tollin/Robbins Productions,2184,Radio
Castle Rock Entertainment,97,Friends with Benefits
Screen Gems,3287,Friends with Benefits
Olive Bridge Entertainment,7291,Friends with Benefits
Universal Pictures,33,Neighbors 2: Sorority Rising
Perfect World Pictures,10338,Neighbors 2: Sorority Rising
Point Grey Pictures,16615,Neighbors 2: Sorority Rising
Good Universe,17393,Neighbors 2: Sorority Rising
SLM Production Group,396,Poltergeist
Metro-Goldwyn-Mayer (MGM),8411,Poltergeist
Walt Disney Pictures,2,Saving Mr. Banks
BBC Films,288,Saving Mr. Banks
Ruby Films,2054,Saving Mr. Banks
Essential Media & Entertainment,6747,Saving Mr. Banks
Hopscotch Features,21079,Saving Mr. Banks
JVC Entertainment,182,Malcolm X
40 Acres & A Mule Filmworks,4319,Malcolm X
Warner Bros.,6194,Malcolm X
Apatow Productions,10105,This Is 40
Walt Disney Pictures,2,Old Dogs
Tapestry Films,870,Old Dogs
Lakeshore Entertainment,126,Underworld: Rise of the Lycans
Screen Gems,3287,Underworld: Rise of the Lycans
Sketch Films,7738,Underworld: Rise of the Lycans
UW3 Film Productions,7739,Underworld: Rise of the Lycans
Mike Zoss Productions,2092,The Ladykillers
The Jacobson Company,3638,The Ladykillers
Touchstone Pictures,9195,The Ladykillers
Paramount Pictures,4,The Bad News Bears
Village Roadshow Pictures,79,License to Wed
Robert Simonds Productions,3929,License to Wed
Warner Bros.,6194,License to Wed
Phoenix Pictures,11317,License to Wed
Underground,49326,License to Wed
Proposal Productions,49327,License to Wed
Columbia Pictures,5,The Benchwarmers
Revolution Studios,497,The Benchwarmers
Happy Madison Productions,2608,The Benchwarmers
Team Todd,598,Must Love Dogs
Warner Bros.,6194,Must Love Dogs
Ubu Productions,46108,Must Love Dogs
TriStar Pictures,559,Donnie Brasco
Mark Johnson Productions,2604,Donnie Brasco
Phoenix Pictures,11317,Donnie Brasco
Baltimore Pictures,11407,Donnie Brasco
Impact Pictures,248,Resident Evil
Davis-Films,342,Resident Evil
New Legacy,939,Resident Evil
Constantin Film Produktion,5755,Resident Evil
Dune Entertainment,444,Max Payne
Firm Films,1838,Max Payne
Collision Entertainment,2179,Max Payne
Abandon Entertainment,2724,Max Payne
Foxtor Productions,2725,Max Payne
Depth Entertainment,11995,Max Payne
Regency Enterprises,508,In Time
Strike Entertainment,655,In Time
New Regency Pictures,10104,In Time
Escape Artists,1423,The Back-Up Plan
CBS Films,5490,The Back-Up Plan
Alcon Entertainment,1088,Something Borrowed
Wild Ocean Films,38010,Something Borrowed
2S Films,38011,Something Borrowed
Twentieth Century Fox Film Corporation,306,Black Knight
Regency Enterprises,508,Black Knight
Epsilon Motion Pictures,1171,Black Knight
New Regency Pictures,10104,Black Knight
Runteldat Entertainment,73956,Black Knight
"Firm, The",73957,Black Knight
Universal Pictures,33,Street Fighter
Capcom,7220,Street Fighter
Bac Films,208,The Pianist
Canal+Polska,250,The Pianist
Heritage Films,260,The Pianist
Studio Babelsberg,264,The Pianist
Agencja Produkcji Filmowej,266,The Pianist
Beverly Detroit,267,The Pianist
FilmFernsehFonds Bayern,268,The Pianist
Filmboard Berlin-Brandenburg (FBB),269,The Pianist
Mainstream S.A.,271,The Pianist
R.P. Productions,355,The Pianist
StudioCanal,694,The Pianist
Filmförderungsanstalt (FFA),4247,The Pianist
Canal+,5358,The Pianist
Interscope Communications,10201,The Pianist
Telewizja Polska (TVP),19150,The Pianist
Runteam,31087,The Pianist
New Line Cinema,12,The Nativity Story
Sound for Film,1143,The Nativity Story
Temple Hill Entertainment,12292,The Nativity Story
Village Roadshow Pictures,79,House of Wax
Dark Castle Entertainment,1786,House of Wax
Warner Bros.,6194,House of Wax
Columbia Pictures,5,Closer
Pariah Entertainment Group,1271,Premium Rush
Imagine Entertainment,23,J. Edgar
Malpaso Productions,171,J. Edgar
Wintergreen Productions,11845,J. Edgar
Regency Enterprises,508,Mirrors
Castel Film Romania,1370,Mirrors
ASAF,3273,Mirrors
New Regency Pictures,10104,Mirrors
Luna Pictures,15361,Mirrors
Village Roadshow Pictures,79,Queen of the Damned
NPV Entertainment,172,Queen of the Damned
Warner Bros.,6194,Queen of the Damned
WV Films LLC,67988,Queen of the Damned
Material,67989,Queen of the Damned
Twentieth Century Fox Film Corporation,306,Predator 2
Lawrence Gordon Productions,840,Predator 2
Davis Entertainment,1302,Predator 2
Silver Pictures,1885,Predator 2
Lakeshore Entertainment,126,Untraceable
Cohen/Pearl Productions,2397,Untraceable
Screen Gems,3287,Untraceable
Pictures in Paradise,3207,Bait
Screen Australia,7584,Bait
Media Development Authority (MDA),9129,Bait
Screen Queensland,10950,Bait
Bait Productions,12752,Bait
Story Bridge Films,18988,Bait
Blackmagic Design Films,41905,Bait
New Line Cinema,12,Blast from the Past
Forge,2980,Blast from the Past
Midnight Sun Pictures,17887,Blast from the Past
Dino De Laurentiis Company,10308,Flash Gordon
Starling Films,23126,Flash Gordon
Miramax Films,14,Jersey Girl
Beverly Detroit,267,Jersey Girl
View Askew Productions,16934,Jersey Girl
Close Call Films,23022,Jersey Girl
Summit Entertainment,491,Alex Cross
Warner Bros.,6194,Midnight in the Garden of Good and Evil
Malpaso Company,15298,Midnight in the Garden of Good and Evil
Emmett/Furla Films,10405,Heist
Silver Plane Films,67776,Heist
Mass Hysteria Entertainment,67777,Heist
Tri Vision Pictures,67778,Heist
Universal Pictures,33,Nanny McPhee and the Big Bang
Three Strange Angels,1973,Nanny McPhee and the Big Bang
Studio Canal,5870,Nanny McPhee and the Big Bang
Relativity Media,7295,Nanny McPhee and the Big Bang
Working Title Films,10163,Nanny McPhee and the Big Bang
Jersey Films,216,Hoffa
Twentieth Century Fox Film Corporation,306,Hoffa
Twentieth Century Fox Film Corporation,306,The X Files: I Want to Believe
Ten Thirteen Productions,545,The X Files: I Want to Believe
Dune Entertainment III,6332,The X Files: I Want to Believe
Crying Box Productions,52145,The X Files: I Want to Believe
World 2000 Entertainment,7692,Ella Enchanted
Enchanted Productions,85437,Ella Enchanted
Columbia Pictures,5,Concussion
Village Roadshow Pictures,79,Concussion
Scott Free Productions,1645,Concussion
LStar Capital,34034,Concussion
The Cantillon Company,71170,Concussion
The Shuman Company,71171,Concussion
Lions Gate Films,35,Abduction
Vertigo Entertainment,829,Abduction
Gotham Group,3672,Abduction
Tailor Made,24557,Abduction
Mango Farms,24558,Abduction
Quick Six Entertainment,24561,Abduction
Vanguard Films,614,Valiant
Scanbox,8992,Valiant
Paramount Pictures,4,Wonder Boys
Scott Rudin Productions,258,Wonder Boys
Toho-Towa,657,Wonder Boys
Mutual Film Company,762,Wonder Boys
British Broadcasting Corporation (BBC),3324,Wonder Boys
Marubeni,4650,Wonder Boys
Curtis Hanson Productions,8877,Wonder Boys
MFF Feature Film Productions,8878,Wonder Boys
Dimension Films,7405,Superhero Movie
Regency Enterprises,508,Broken City
Inferno International,7415,Broken City
1984 Private Defense Contractors,8532,Broken City
Closest to the Hole Productions,8537,Broken City
New Regency Pictures,10104,Broken City
Emmett/Furla Films,10405,Broken City
Envision Entertainment Corporation,11030,Broken City
Black Bear Pictures,22146,Broken City
Leverage Communications,25790,Broken City
Craven-Maddalena Films,1600,Cursed
Outerbanks Entertainment,2180,Cursed
Dimension Films,7405,Cursed
Kalis Productions GmbH & Co. Zweite KG,20376,Cursed
Twentieth Century Fox Film Corporation,306,The Order
N1 European Film Produktions GmbH & Co. KG,8874,The Order
Baumgarten Merims Productions,14652,The Order
New Line Cinema,12,Hot Pursuit
Warner Bros.,6194,Hot Pursuit
Metro-Goldwyn-Mayer (MGM),8411,Hot Pursuit
Pacific Standard,15829,Hot Pursuit
Paramount Pictures,4,The Four Feathers
Miramax Films,14,The Four Feathers
Marty Katz Productions,12552,The Four Feathers
Jaffilms Inc.,14160,The Four Feathers
Dune Films,19477,The Four Feathers
Belhaven Limited,36612,The Four Feathers
SND,2902,Parker
Universal Pictures,33,Wimbledon
Summit Entertainment,491,Furry Vengeance
Robert Simonds Productions,3929,Furry Vengeance
Participant Media,6735,Furry Vengeance
Imagenation Abu Dhabi FZ,6736,Furry Vengeance
Furry Vengeance Productions,34447,Furry Vengeance
Walt Disney Pictures,2,Winnie the Pooh
Walt Disney Animation Studios,6125,Winnie the Pooh
Columbia Pictures Corporation,441,Krull
Barclays Mercantile Industrial Finance,553,Krull
Cruise/Wagner Productions,44,Lions for Lambs
United Artists,60,Lions for Lambs
Wildwood Enterprises,316,Lions for Lambs
Andell Entertainment,1683,Lions for Lambs
Metro-Goldwyn-Mayer (MGM),8411,Lions for Lambs
Brat Na Pont Productions,21911,Lions for Lambs
Paramount Pictures,4,Flight of the Intruder
Columbia Pictures Corporation,441,Walk Hard: The Dewey Cox Story
Apatow Productions,10105,Walk Hard: The Dewey Cox Story
Miramax Films,14,The Shipping News
Morgan Creek Productions,10210,American Outlaws
GK Films,3281,The Young Victoria
StudioCanal,694,Whiteout
Dark Castle Entertainment,1786,Whiteout
Don Carmody Productions,4253,Whiteout
Warner Bros.,6194,Whiteout
Canadian Film or Video Production Tax Credit (CPTC),8582,Whiteout
Ontario Media Development Corporation (OMDC),11576,Whiteout
Manitoba Film and Video Production Tax Credit,11715,Whiteout
McMurdo (Canada) Productions,20572,Whiteout
Fox Searchlight Pictures,43,The Tree of Life
Plan B Entertainment,81,The Tree of Life
River Road Entertainment,1246,The Tree of Life
TriStar Pictures,559,Knock Off
Film Workshop,3618,Knock Off
MDP Worldwide,10828,Knock Off
Knock Films A.V.V.,21848,Knock Off
Val D'Oro Entertainment,21849,Knock Off
Open Road Films,10427,Sabotage
QED International,11029,Sabotage
Albert S. Ruddy Productions,16311,Sabotage
Crave Films,16312,Sabotage
Roth Films,16314,Sabotage
Lionsgate,1632,Punisher: War Zone
MHF Zweite Academy Film,8848,Punisher: War Zone
Marvel Knights,11106,Punisher: War Zone
Valhalla Motion Pictures,11533,Punisher: War Zone
SGF Entertainment,33808,Punisher: War Zone
Muse Entertainment,83338,Punisher: War Zone
Columbia Pictures,5,Zoom
Revolution Studios,497,Zoom
TriStar Pictures,559,The Walk
Sony Pictures Entertainment,5752,The Walk
ImageMovers,11395,The Walk
China Film Co-Production Corporation,2269,Warriors of Virtue
Metro-Goldwyn-Mayer (MGM),8411,Warriors of Virtue
Law Brothers Entertainment,38662,Warriors of Virtue
IJL Creations,38663,Warriors of Virtue
Fox 2000 Pictures,711,A Good Year
Scott Free Productions,1645,A Good Year
Columbia Pictures,5,Radio Flyer
Stonebridge Entertainment,5738,Radio Flyer
Donner/Shuler-Donner Productions,5739,Radio Flyer
Hollywood Pictures,915,Bound by Honor
Fox Searchlight Pictures,43,Smilla's Sense of Snow
Bavaria Film,1704,Smilla's Sense of Snow
Epsilon Motion Pictures,1171,Femme Fatale
Quinta Communications,6370,Femme Fatale
Falcon International Productions,22814,Lion of the Desert
Evil Twins,5802,Playing for Keeps
Eclectic pictures,8056,Playing for Keeps
Millennium Films,10254,Playing for Keeps
France 2 Cinéma,83,The Horseman on the Roof
Hachette Première,582,The Horseman on the Roof
Canal+,5358,The Horseman on the Roof
Universal Pictures,33,Ride with the Devil
Good Machine,10565,Ride with the Devil
Ikiru Films,2875,Biutiful
Mod Producciones,5444,Biutiful
Televisión Española (TVE),6639,Biutiful
Menageatroz,7116,Biutiful
Televisió de Catalunya (TV3),8530,Biutiful
Focus Features,10146,Biutiful
Ultra Films,828,Bandidas
TF1 Films Production,3823,Bandidas
Canal+,5358,Bandidas
TPS Star,6586,Bandidas
EuropaCorp,6896,Bandidas
A.J.O.Z. Films,11473,Bandidas
Summit Entertainment,491,The Darkest Hour
Regency Enterprises,508,The Darkest Hour
Bazelevs Production,1038,The Darkest Hour
The Jacobson Company,3638,The Darkest Hour
New Regency Pictures,10104,The Darkest Hour
Capitol Films,826,Black Water Transit
Ingenious Media,290,The Maze Runner
Twentieth Century Fox Film Corporation,306,The Maze Runner
Gotham Group,3672,The Maze Runner
Dayday Films,8569,The Maze Runner
Temple Hill Entertainment,12292,The Maze Runner
TSG Entertainment,22213,The Maze Runner
Studio Babelsberg,264,Unfinished Business
Regency Enterprises,508,Unfinished Business
Escape Artists,1423,Unfinished Business
New Regency Pictures,10104,Unfinished Business
Columbia Pictures,5,The Age of Innocence
Regency Enterprises,508,The Fountain
Warner Bros.,6194,The Fountain
Muse Entertainment Enterprises,6438,The Fountain
Protozoa Pictures,7503,The Fountain
New Regency Pictures,10104,The Fountain
Warner Bros.,6194,Chill Factor
Morgan Creek Productions,10210,Chill Factor
Saturn Films,831,Stolen
Nu Image Films,925,Stolen
Millennium Films,10254,Stolen
Studio Ghibli,10342,Ponyo
The Yomiuri Shimbun,11726,Ponyo
Hakuhodo DY Media Partners,11846,Ponyo
Mitsubishi,11847,Ponyo
Lawson,11849,Ponyo
Walt Disney Company,20193,Ponyo
Taikei Office,34557,Ponyo
Asahi Soft Drinks Company,34558,Ponyo
Fox 2000 Pictures,711,The Longest Ride
Temple Hill Entertainment,12292,The Longest Ride
New Line Cinema,12,The Astronaut's Wife
Mad Chance,1757,The Astronaut's Wife
Columbia Pictures,5,I Dreamed of Africa
Distant Horizons,1066,Mandela: Long Walk to Freedom
Film Afrika Worldwide,4792,Mandela: Long Walk to Freedom
Videovision Entertainment,5031,Mandela: Long Walk to Freedom
Pathe,7396,Mandela: Long Walk to Freedom
Origin Pictures,8088,Mandela: Long Walk to Freedom
Barclays Mercantile Industrial Finance,553,Reds
JRS Productions,44485,Reds
David Brown Productions,903,A Few Good Men
Village Roadshow Pictures,79,Exit Wounds
NPV Entertainment,172,Exit Wounds
Warner Bros.,6194,Exit Wounds
Twentieth Century Fox Film Corporation,306,Big Momma's House
Regency Enterprises,508,Big Momma's House
StudioCanal,694,Thunder and the House of Magic
nWave Pictures,10159,Thunder and the House of Magic
Illuminata Pictures,10160,Thunder and the House of Magic
Shout! Factory,28831,Thunder and the House of Magic
Summit Entertainment,491,Step Up Revolution
New Line Cinema,12,Snakes on a Plane
Universal Pictures,33,The Watcher
Lions Gate Films,35,The Punisher
VIP 3 Medienfonds,827,The Punisher
Valhalla Motion Pictures,11533,The Punisher
Marvel Enterprises,19551,The Punisher
VIP 2 Medienfonds,36326,The Punisher
Touchstone Pictures,9195,Goal!: The Dream Begins
Milkshake Films,17491,Goal!: The Dream Begins
Hargitay & Hargitay Pictures in Motion,17492,Goal!: The Dream Begins
Regency Enterprises,508,Pushing Tin
Fox 2000 Pictures,711,Pushing Tin
Art Linson Productions,8769,Pushing Tin
Dogstar Films,17422,Pushing Tin
Taurus Film,20555,Pushing Tin
3 Miles Apart Productions Ltd.,81141,Pushing Tin
Lucasfilm,1,Return of the Jedi
Twentieth Century Fox Film Corporation,306,Return of the Jedi
Rogue Pictures,134,Doomsday
Intrepid Pictures,1224,Doomsday
Scion Films,7419,Doomsday
Moonlighting Films,9137,Doomsday
Internationale Filmproduktion Blackbird Dritte,19855,Doomsday
Crystal Sky Pictures,20241,Doomsday
Studio Babelsberg,264,The Reader
Filmförderanstalt (FFA),270,The Reader
The Weinstein Company,308,The Reader
Filmstiftung Nordrhein-Westfalen,315,The Reader
Mirage Enterprises,932,The Reader
Filmförderungsanstalt (FFA),4247,The Reader
Medienboard Berlin-Brandenburg,7307,The Reader
Deutsche Filmförderfonds (DFFF),11238,The Reader
Mitteldeutsche Medienförderung (MDM),12346,The Reader
Relativity Media,7295,Wanderlust
Apatow Productions,10105,Wanderlust
A Hot Dog,41962,Wanderlust
New Line Cinema,12,Elf
Gold/Miller Productions,1607,Elf
Guy Walks into a Bar Productions,2645,Elf
Touchstone Pictures,9195,Phenomenon
Walt Disney Pictures,2,Snow Dogs
Paramount Pictures,4,Scrooged
Paramount Pictures,4,Nacho Libre
Nickelodeon Movies,2348,Nacho Libre
Black & White Productions,2777,Nacho Libre
Universal Pictures,33,Bridesmaids
Relativity Media,7295,Bridesmaids
Apatow Productions,10105,Bridesmaids
FGM Entertainment,2347,Stigmata
Metro-Goldwyn-Mayer (MGM),8411,Stigmata
Fox 2000 Pictures,711,Men of Honor
Rainforest Films,1309,Takers
Millenium Films,1020,The Big Wedding
Two Ton Films,17049,The Big Wedding
Twentieth Century Fox Film Corporation,306,"Big Mommas: Like Father, Like Son"
Regency Enterprises,508,"Big Mommas: Like Father, Like Son"
New Regency Pictures,10104,"Big Mommas: Like Father, Like Son"
The Collective Studios,21237,"Big Mommas: Like Father, Like Son"
Runteldat Entertainment,73956,"Big Mommas: Like Father, Like Son"
Friendly Films (II),81136,"Big Mommas: Like Father, Like Son"
Friendly Films Productions,81137,"Big Mommas: Like Father, Like Son"
The Mark Gordon Company,1557,Source Code
Vendome Pictures,7460,Source Code
Paramount Pictures,4,Alive
Touchstone Pictures,9195,Alive
New Line Cinema,12,The Number 23
Contrafilm,1836,The Number 23
Firm Films,1838,The Number 23
Epithète Films,7286,The Young and Prodigious T.S. Spivet
Cross Creek Pictures,10246,The Young and Prodigious T.S. Spivet
Tapioca Films,12000,The Young and Prodigious T.S. Spivet
Columbia Pictures,5,1941
Universal Pictures,33,1941
A-Team,6128,1941
DreamWorks SKG,27,Dreamer: Inspired By a True Story
Hyde Park Entertainment,13816,Dreamer: Inspired By a True Story
New Line Cinema,12,A History of Violence
DC Comics,429,A History of Violence
BenderSpink,6363,A History of Violence
Canal Plus,104,Transporter 2
Twentieth Century Fox Film Corporation,306,Transporter 2
Current Entertainment,972,Transporter 2
TF 1 Film Productions,1993,Transporter 2
TPS Star,6586,Transporter 2
EuropaCorp,6896,Transporter 2
Revolution Sun Studios,76043,Transporter 2
TriStar Pictures,559,The Quick and the Dead
New Line Cinema,12,Laws of Attraction
Irish Dreamtime,597,Laws of Attraction
Deep River Productions,2646,Laws of Attraction
Initial Entertainment Group (IEG),7380,Laws of Attraction
Paramount Pictures,4,Bringing Out the Dead
Touchstone Pictures,9195,Bringing Out the Dead
De Fina-Cappa,11584,Bringing Out the Dead
Warner Bros.,6194,The Good German
Section Eight Productions,14315,The Good German
Sunset Gower Studios,70319,The Good German
Universal Pictures,33,Repo Men
Stuber Productions,4403,Repo Men
Dentsu,6452,Repo Men
Relativity Media,7295,Repo Men
Younggu-Art Movies,6366,Dragon Wars: D-War
Showbox Entertainment,11420,Dragon Wars: D-War
Regency Enterprises,508,Bogus
Yorktown Productions,1484,Bogus
Warner Bros.,6194,Bogus
New Line Cinema,12,The Incredible Burt Wonderstone
Benderspink,11175,The Incredible Burt Wonderstone
Carousel Productions,11176,The Incredible Burt Wonderstone
Warner Bros. Pictures,174,Cats Don't Dance
David Kirschner Productions,11050,Cats Don't Dance
Turner Feature Animation,90511,Cats Don't Dance
Touchstone Pictures,9195,Cradle Will Rock
Carousel Picture Company,8900,George and the Dragon
ApolloMedia Distribution,16850,George and the Dragon
Ravenhouse Entertainment,19259,George and the Dragon
United Artists,60,Apocalypse Now
Zoetrope Studios,26663,Apocalypse Now
New Line Cinema,12,Going the Distance
Offspring Entertainment,2378,Going the Distance
Hollywood Pictures,915,Mr. Holland's Opus
The Charlie Mopic Company,916,Mr. Holland's Opus
PolyGram Filmed Entertainment,1382,Mr. Holland's Opus
Interscope Communications,10201,Mr. Holland's Opus
Lionsgate,1632,Criminal
BenderSpink,6363,Criminal
Millennium Films,10254,Criminal
Fipex Holding,40822,Criminal
Campbell Grobman Films,48738,Criminal
Criminal Productions,91929,Criminal
Universal Pictures,33,Out of Africa
Mirage Entertainment,205,Out of Africa
Paramount Pictures,4,Flight
Parkes/MacDonald Productions,11084,Flight
ImageMovers,11395,Flight
United Artists,60,Moonraker
Eon Productions,7576,Moonraker
Fox Searchlight Pictures,43,The Grand Budapest Hotel
Scott Rudin Productions,258,The Grand Budapest Hotel
Studio Babelsberg,264,The Grand Budapest Hotel
Indian Paintbrush,9350,The Grand Budapest Hotel
TSG Entertainment,22213,The Grand Budapest Hotel
American Empirical Pictures,23449,The Grand Budapest Hotel
Castle Rock Entertainment,97,Hearts in Atlantis
Amblin Entertainment,56,Arachnophobia
Hollywood Pictures,915,Arachnophobia
Tangled Web Productions,2104,Arachnophobia
New Line Cinema,12,Frequency
Jersey Films,216,Get Shorty
Metro-Goldwyn-Mayer (MGM),8411,Get Shorty
Miramax Films,14,Chicago
Producers Circle,734,Chicago
Storyline Entertainment,8797,Chicago
Columbia Pictures,5,Big Daddy
Universal Pictures,33,American Pie 2
Liveplanet,2200,American Pie 2
Zide-Perry Productions,3169,American Pie 2
Pixar Animation Studios,3,Toy Story
Twentieth Century Fox Film Corporation,306,Speed
Spyglass Entertainment,158,The Vow
Screen Gems,3287,The Vow
Double Feature Films,215,Extraordinary Measures
CBS Films,5490,Extraordinary Measures
Walt Disney Pictures,2,Remember the Titans
Jerry Bruckheimer Films,130,Remember the Titans
Technical Black,72823,Remember the Titans
Run It Up Productions Inc.,72824,Remember the Titans
Paramount Pictures,4,The Hunt for Red October
Nina Saxon Film Design,1693,The Hunt for Red October
Mace Neufeld Productions,2767,The Hunt for Red October
Laura Ziskin Productions,326,The Butler
Lee Daniels Entertainment,695,The Butler
Follow Through Productions,18919,The Butler
Salamander Pictures,18920,The Butler
Pam Williams Productions,18921,The Butler
Windy Hill Pictures,18922,The Butler
Twentieth Century Fox Film Corporation,306,DodgeBall: A True Underdog Story
Red Hour Films,12178,DodgeBall: A True Underdog Story
Mediastream Vierte Film GmbH & Co. Vermarktungs KG,19354,DodgeBall: A True Underdog Story
Paramount Pictures,4,The Addams Family
Orion Pictures,41,The Addams Family
Scott Rudin Productions,258,The Addams Family
O Entertainment,5682,Ace Ventura: When Nature Calls
Morgan Creek Productions,10210,Ace Ventura: When Nature Calls
Walt Disney Pictures,2,The Princess Diaries
BrownHouse Productions,26423,The Princess Diaries
Bottom of the Ninth Productions,65559,The Princess Diaries
Scott Rudin Productions,258,The First Wives Club
New Line Cinema,12,Se7en
Juno Pix,4286,Se7en
Cecchi Gori Pictures,65394,Se7en
WingNut Films,11,District 9
TriStar Pictures,559,District 9
Key Creatives,2300,District 9
Block / Hanson,8504,District 9
Canadian Film or Video Production Tax Credit (CPTC),8582,District 9
The Department of Trade and Industry of South Africa,10884,District 9
QED International,11029,District 9
Province of British Columbia Production Services Tax Credit,12200,District 9
District 9,20667,District 9
New Zealand Post Digital and Visual Effects Grant,20668,District 9
Paramount Pictures,4,The SpongeBob SquarePants Movie
Nickelodeon Movies,2348,The SpongeBob SquarePants Movie
United Plankton Pictures,8921,The SpongeBob SquarePants Movie
Paramount Animation,24955,The SpongeBob SquarePants Movie
Village Roadshow Pictures,79,Mystic River
Malpaso Productions,171,Mystic River
NPV Entertainment,172,Mystic River
Warner Bros.,6194,Mystic River
Lakeshore Entertainment,126,Million Dollar Baby
Malpaso Productions,171,Million Dollar Baby
Epsilon Motion Pictures,1171,Million Dollar Baby
Warner Bros.,6194,Million Dollar Baby
Albert S. Ruddy Productions,16311,Million Dollar Baby
Spring Creek Productions,705,Analyze This
Warner Bros.,6194,Analyze This
Tribeca Productions,11391,Analyze This
Baltimore Pictures,11407,Analyze This
New Line Cinema,12,The Notebook
Spyglass Entertainment,158,27 Dresses
Fox 2000 Pictures,711,27 Dresses
Dune Entertainment III,6332,27 Dresses
Walt Disney Pictures,2,Hannah Montana: The Movie
It's a Laugh Productions,3812,Hannah Montana: The Movie
Millar Gough Ink,20356,Hannah Montana: The Movie
Paramount Pictures,4,Rugrats in Paris: The Movie
Nickelodeon Movies,2348,Rugrats in Paris: The Movie
Paramount Animation,24955,Rugrats in Paris: The Movie
Columbia Pictures,5,The Prince of Tides
Bedford Falls Productions,348,Legends of the Fall
TriStar Pictures,559,Legends of the Fall
Pangaea,1656,Legends of the Fall
Paramount Pictures,4,Up in the Air
Rickshaw Productions,2201,Up in the Air
Cold Spring Pictures,2363,Up in the Air
"Montecito Picture Company, The",4607,Up in the Air
DW Studios,10261,Up in the Air
Right of Way Films,32157,Up in the Air
New Line Cinema,12,About Schmidt
Avery Pix,1565,About Schmidt
Summit Entertainment,491,Warm Bodies
Endgame Entertainment,1205,Looper
FilmDistrict,7263,Looper
DMG Entertainment,10289,Looper
Ram Bergman Productions,11092,Looper
Paramount Pictures,4,Down to Earth
Alphaville Films,11462,Down to Earth
Universal Pictures,33,Babe
Kennedy Miller Productions,2537,Babe
Columbia Pictures,5,Hope Springs
Mandate Pictures,771,Hope Springs
Escape Artists,1423,Hope Springs
Management 360,4220,Hope Springs
Metro-Goldwyn-Mayer (MGM),8411,Hope Springs
Universal Pictures,33,Forgetting Sarah Marshall
Apatow Productions,10105,Forgetting Sarah Marshall
Paramount Pictures,4,Four Brothers
Di Bonaventura Pictures,435,Four Brothers
Relativity Media,7295,Baby Mama
Michaels-Goldwyn,58553,Baby Mama
Twentieth Century Fox Film Corporation,306,Hope Floats
Fortis Films,4258,Hope Floats
Dune Entertainment,444,Bride Wars
Regency Enterprises,508,Bride Wars
Fox 2000 Pictures,711,Bride Wars
Dune Entertainment III,6332,Bride Wars
New Regency Pictures,10104,Bride Wars
Sunrise Entertainment (II),26670,Bride Wars
Biride Productions,26671,Bride Wars
Paramount Pictures,4,Without a Paddle
De Line Pictures,2609,Without a Paddle
Columbia Pictures,5,13 Going on 30
Revolution Studios,497,13 Going on 30
Thirteen Productions,19636,13 Going on 30
Gravier Productions,1824,Midnight in Paris
Televisió de Catalunya (TV3),8530,Midnight in Paris
Versátil Cinema,8531,Midnight in Paris
Mediapro,12010,Midnight in Paris
Pontchartrain Productions,24785,Midnight in Paris
Open Road Films,10427,The Nut Job
Gulfstream Pictures,20788,The Nut Job
Red Rover International,20789,The Nut Job
ToonBox Entertainment,20790,The Nut Job
New Line Cinema,12,Blow
Bel Air Entertainment,788,Message in a Bottle
DiNovi Pictures,813,Message in a Bottle
Tiger Productions,18093,Message in a Bottle
Paramount Pictures,4,Star Trek V: The Final Frontier
Twentieth Century Fox Film Corporation,306,Like Mike
Josephson Entertainment,1894,Like Mike
NBA Entertainment,4396,Like Mike
Heller Highwater Productions,11015,Like Mike
Like Mike Productions,11016,Like Mike
Paramount Pictures,4,The Naked Gun 33⅓: The Final Insult
Nu Image Films,925,Texas Chainsaw 3D
Lions Gate,6644,Texas Chainsaw 3D
Eon Productions,7576,A View to a Kill
Aardman Animations,297,The Curse of the Were-Rabbit
DreamWorks Animation,521,The Curse of the Were-Rabbit
Wendy Finerman Productions,412,P.S. I Love You
Alcon Entertainment,1088,P.S. I Love You
Grosvenor Park Productions,17449,P.S. I Love You
Alcon Entertainment,1088,Racing Stripes
Universal Pictures,33,Atonement
Studio Canal,5870,Atonement
Relativity Media,7295,Atonement
Working Title Films,10163,Atonement
Summit Entertainment,491,Letters to Juliet
Applehead Pictures,28048,Letters to Juliet
Paramount Pictures,4,Black Rain
Pegasus Film Partners,1561,Black Rain
Jaffe-Lansing,14361,Black Rain
Wessler Entertainment,8890,The Three Stooges
Tim Burton Animation Company,1514,Corpse Bride
Will Vinton Studios,1515,Corpse Bride
Warner Bros.,6194,Corpse Bride
Tim Burton Productions,8601,Corpse Bride
Laika Entertainment,11537,Corpse Bride
Patalex Productions,57751,Corpse Bride
Walt Disney Pictures,2,Glory Road
Lionsgate,1632,Sicario
Thunder Road Pictures,3528,Sicario
Black Label Media,33681,Sicario
Escape Artists,1423,Southpaw
Riche-Ludwig Productions,28438,Southpaw
Universal Pictures,33,Drag Me to Hell
Ghost House Pictures,768,Drag Me to Hell
Mandate Pictures,771,Drag Me to Hell
Buckaroo Entertainment,11250,Drag Me to Hell
Curse Productions,11630,Drag Me to Hell
Lakeshore Entertainment,126,The Age of Adaline
Sidney Kimmel Entertainment,737,The Age of Adaline
Sierra/Affinity,22107,The Age of Adaline
New Line Cinema,12,Secondhand Lions
Summit Entertainment,491,Step Up 3D
Touchstone Pictures,9195,Step Up 3D
Imagine Entertainment,23,Blue Crush
Mikona Productions GmbH & Co. KG,24,Blue Crush
Universal Pictures,33,Blue Crush
Shutt/Jones Productions,65082,Blue Crush
Mandate Pictures,771,Stranger Than Fiction
Three Strange Angels,1973,Stranger Than Fiction
Columbia Pictures,5,30 Days of Night
Dark Horse Entertainment,552,30 Days of Night
Ghost House Pictures,768,30 Days of Night
HorrorFlix,24339,30 Days of Night
Lionsgate,1632,The Cabin in the Woods
Mutant Enemy Productions,10567,The Cabin in the Woods
Regency Enterprises,508,Meet the Spartans
New Regency Pictures,10104,Meet the Spartans
Universal Pictures,33,Midnight Run
City Light Films,136,Midnight Run
Keith Barish Productions,964,The Running Man
TAFT Entertainment Pictures,965,The Running Man
HBO,6068,The Running Man
Braveworld Productions,23005,The Running Man
The Geffen Company,2956,Little Shop of Horrors
Focus Features,10146,Hanna
Neunte Babelsberg Film,14684,Hanna
Holleran Company,21439,Hanna
Sechzehnte Babelsberg Film,23919,Hanna
New Line Cinema,12,Mortal Kombat: Annihilation
Threshold Entertainment,4174,Mortal Kombat: Annihilation
Universal Pictures,33,Larry Crowne
Playtone Productions,4170,Larry Crowne
Vendome Pictures,7460,Larry Crowne
New Line Cinema,12,Take the Lead
Tiara Blu Films,54512,Take the Lead
Columbia Pictures,5,Gridiron Gang
Metro-Goldwyn-Mayer (MGM),8411,What's the Worst That Could Happen?
Focus Films,1268,9
Starz Animation,2885,9
Relativity Media,7295,9
Tim Burton Productions,8601,9
Arc Productions,10280,9
Di Bonaventura Pictures,435,Side Effects
Endgame Entertainment,1205,Side Effects
Universal,6292,Side Effects
Open Road Films,10427,Side Effects
Paramount Pictures,4,The Prince & Me
Lions Gate Films,35,The Prince & Me
Epsilon Motion Pictures,1171,The Prince & Me
Stillking Films,11345,The Prince & Me
Sobini Films,13923,The Prince & Me
New Line Cinema,12,Dumb and Dumberer: When Harry Met Lloyd
Twentieth Century Fox Film Corporation,306,Bulworth
Universal Studios,13,Get on Up
Imagine Films Entertainment,11262,Get on Up
Jagged Films,27319,Get on Up
Universal Pictures,33,One True Thing
Paramount Pictures,4,Virtuosity
Regency Enterprises,508,My Super Ex-Girlfriend
New Regency Pictures,10104,My Super Ex-Girlfriend
Pariah,11733,My Super Ex-Girlfriend
S E Productions Inc.,89632,My Super Ex-Girlfriend
Jerry Bruckheimer Films,130,Deliver Us from Evil
Screen Gems,3287,Deliver Us from Evil
LStar Capital,34034,Deliver Us from Evil
Universal Pictures,33,Sanctum
Wayfare Entertainment,5703,Sanctum
Sanctum Australia,6490,Sanctum
Relativity Media,7295,Sanctum
Great Wight Productions/ Osford Films,19960,Sanctum
Start Motion Pictures,19961,Sanctum
Revolution Studios,497,Little Black Book
Blue Star Pictures,2779,Little Black Book
Universal Pictures,33,The Five-Year Engagement
Dentsu,6452,The Five-Year Engagement
Relativity Media,7295,The Five-Year Engagement
Apatow Productions,10105,The Five-Year Engagement
Stoller Global Solutions,23876,The Five-Year Engagement
Touchstone Pictures,9195,Mr. 3000
Paramount Pictures,4,Along Came a Spider
AZL Productions KG,902,Along Came a Spider
David Brown Productions,903,Along Came a Spider
MFP Munich Film Partners,904,Along Came a Spider
Phase 1 Productions,905,Along Came a Spider
Revelations Entertainment,906,Along Came a Spider
Lionsgate,1632,The Next Three Days
Fidélité Films,2927,The Next Three Days
Hwy61,6320,The Next Three Days
Screen Gems,3287,Ultraviolet
Ultravi Productions,8003,Ultraviolet
Rogue Pictures,134,Assault on Precinct 13
Why Not Productions,729,Assault on Precinct 13
Liaison Films,20449,Assault on Precinct 13
Biscayne Pictures,20450,Assault on Precinct 13
Columbia Pictures Corporation,441,The Replacement Killers
Metro-Goldwyn-Mayer (MGM),8411,Fled
Village Roadshow Pictures,79,Eight Legged Freaks
NPV Entertainment,172,Eight Legged Freaks
Centropolis Entertainment,347,Eight Legged Freaks
Electric Entertainment,3241,Eight Legged Freaks
Warner Bros.,6194,Eight Legged Freaks
Bedford Falls Productions,348,Love & Other Drugs
Dune Entertainment,444,Love & Other Drugs
Regency Enterprises,508,Love & Other Drugs
Fox 2000 Pictures,711,Love & Other Drugs
Stuber Productions,4403,Love & Other Drugs
New Regency Pictures,10104,Love & Other Drugs
TriStar Pictures,559,88 Minutes
Nu Image Entertainment,713,88 Minutes
Brightlight Pictures,1063,88 Minutes
Warner Bros.,6194,North Country
Participant Media,6735,North Country
Nick Wechsler Productions,8073,North Country
Cheyenne Enterprises,890,The Whole Ten Yards
Franchise Pictures,1403,The Whole Ten Yards
MHF Zweite Academy Film,8848,The Whole Ten Yards
Eclipse Catering,23787,The Whole Ten Yards
Nine Yards Two Productions,51771,The Whole Ten Yards
Nine Yards Productions,51772,The Whole Ten Yards
Gaumont,9,Splice
Dark Castle Entertainment,1786,Splice
Senator Entertainment Co,3319,Splice
Copperheart Entertainment,5106,Splice
BBC Films,288,Florence Foster Jenkins
Qwerty Films,892,Florence Foster Jenkins
Pathé,7981,Florence Foster Jenkins
Lucasfilm,1,Howard the Duck
Universal Pictures,33,Howard the Duck
New Line Cinema,12,Pride and Glory
Solaris Film,1001,Pride and Glory
Avery Pix,1565,Pride and Glory
O'Connor Brothers,12066,Pride and Glory
Kumar Mobiliengesellschaft mbH & Co. Projekt Nr. 1 KG,12067,Pride and Glory
Lakeshore Entertainment,126,The Cave
Cinerenta Medienbeteiligungs KG,995,The Cave
Screen Gems,3287,The Cave
Cineblue Internationale Filmproduktionsgesellschaft,26032,The Cave
City Productions,26033,The Cave
Epsilon Motion Pictures,1171,Alex & Emma
Franchise Pictures,1403,Alex & Emma
Escape Artists,1423,Alex & Emma
Reiner / Greisman Productions,86256,Alex & Emma
Lakeshore Entertainment,126,Wicker Park
Metro-Goldwyn-Mayer (MGM),8411,Wicker Park
Mel's Cite du Cinema,54502,Wicker Park
Columbia Pictures Corporation,441,Once Upon a Time in Mexico
Dimension Films,7405,Once Upon a Time in Mexico
Troublemaker Studios,10807,Once Upon a Time in Mexico
Touchstone Pictures,9195,Fright Night
New Line Cinema,12,The New World
First Foot Films,22110,The New World
Sunflower Productions,22253,The New World
Sarah Green Film,22254,The New World
The Virginia Company LLC,22255,The New World
"Carousel Picture Company, The",19944,Wing Commander
No Prisoners Productions,24039,Wing Commander
Origin Systems Inc.,24041,Wing Commander
American Entertainment Investors,80469,Wing Commander
Wing Commander Productions,89308,Wing Commander
Digital Anvil,89309,Wing Commander
DreamWorks SKG,27,In Dreams
Amblin Entertainment,56,In Dreams
Ingenious Film Partners,289,Dragonball Evolution
Twentieth Century Fox Film Corporation,306,Dragonball Evolution
Dune Entertainment,444,Dragonball Evolution
Star Overseas,3477,Dragonball Evolution
Dune Entertainment III,6332,Dragonball Evolution
Big Screen Productions,10893,Dragonball Evolution
World Film Magic,81135,Dragonball Evolution
Di Bonaventura Pictures,435,The Last Stand
Lions Gate Films,35,Godsend
2929 Productions,846,Godsend
Artists Production Group (APG),18620,Godsend
Blue Productions,57347,Godsend
Alcon Entertainment,1088,Chasing Liberty
ETIC Films,2979,Chasing Liberty
C.R.G. International,8291,Chasing Liberty
Trademark Films,22153,Chasing Liberty
Micro Fusion 2003-2,67252,Chasing Liberty
HW Two,7582,Hoodwinked Too! Hood VS. Evil
Miramax Films,14,An Unfinished Life
Revolution Studios,497,An Unfinished Life
Persistent Entertainment,810,An Unfinished Life
Initial Entertainment Group (IEG),7380,An Unfinished Life
The Ladd Company,7965,An Unfinished Life
Kalis Productions GmbH & Co. Zweite KG,20376,An Unfinished Life
Unfinished Films,20377,An Unfinished Life
Infinity Features Entertainment,212,The Imaginarium of Doctor Parnassus
Davis-Films,342,The Imaginarium of Doctor Parnassus
Téléfilm Canada,806,The Imaginarium of Doctor Parnassus
The Movie Network,808,The Imaginarium of Doctor Parnassus
Canadian Film or Video Production Tax Credit (CPTC),8582,The Imaginarium of Doctor Parnassus
British Columbia Film,10316,The Imaginarium of Doctor Parnassus
Province of British Columbia Film Incentive BC,11567,The Imaginarium of Doctor Parnassus
Movie Central,11575,The Imaginarium of Doctor Parnassus
Grosvenor Park Productions,17449,The Imaginarium of Doctor Parnassus
Poo Poo Pictures,23116,The Imaginarium of Doctor Parnassus
Parnassus Productions,55990,The Imaginarium of Doctor Parnassus
U.K. Tax Credit,55991,The Imaginarium of Doctor Parnassus
Serendipity Point Films,805,Barney's Version
Double Feature Films,215,Runner Runner
Regency Enterprises,508,Runner Runner
Appian Way,562,Runner Runner
Stone Village Pictures,7420,Runner Runner
New Regency Pictures,10104,Runner Runner
Industry Entertainment,376,Antitrust
Epsilon Motion Pictures,1171,Antitrust
Hyde Park Films,1172,Antitrust
Metro-Goldwyn-Mayer (MGM),8411,Antitrust
TriStar Pictures,559,Glory
Freddie Fields Productions,27349,Glory
Twentieth Century Fox Film Corporation,306,Die Hard
Gordon Company,1073,Die Hard
Silver Pictures,1885,Die Hard
Warner Bros.,6194,Once Upon a Time in America
The Ladd Company,7965,Once Upon a Time in America
Original Film,333,Dead Man Down
WWE Studios,10339,Dead Man Down
Movision,1727,The Merchant of Venice
Fox Searchlight Pictures,43,The Good Thief
Alliance Atlantis Communications,803,The Good Thief
Metropolitan Films,16419,The Good Thief
TNVO,21327,The Good Thief
Tag Entertainment,2636,Supercross
BBC Films,288,Miss Potter
[],[],The Promise
Impact Pictures,248,DOA: Dead or Alive
Constantin Film Produktion,5755,DOA: Dead or Alive
Mindfire Entertainment,8068,DOA: Dead or Alive
Team Ninja,12317,DOA: Dead or Alive
VIP 4 Medienfonds,23238,DOA: Dead or Alive
Tecmo,37134,DOA: Dead or Alive
Plan B Entertainment,81,The Assassination of Jesse James by the Coward Robert Ford
Virtual Studios,449,The Assassination of Jesse James by the Coward Robert Ford
Scott Free Productions,1645,The Assassination of Jesse James by the Coward Robert Ford
Alberta Film Entertainment,3997,The Assassination of Jesse James by the Coward Robert Ford
Warner Bros.,6194,The Assassination of Jesse James by the Coward Robert Ford
Jesse Films Inc.,11252,The Assassination of Jesse James by the Coward Robert Ford
Universal Pictures,33,Role Models
Internationale Filmproduktion Stella-del-Süd,3075,Role Models
Relativity Media,7295,Role Models
New Regency Pictures,10104,Role Models
WideAwake,28787,Role Models
Stuber/Parent,67334,Role Models
Variance Films,15071,1911
Fidélité Productions,147,Little Nicholas
Wild Bunch,856,Little Nicholas
M6 Films,1115,Little Nicholas
SCOPE Invest,2250,Little Nicholas
Scope Pictures,11199,Little Nicholas
M6,11261,Little Nicholas
Orange Cinéma Séries,11620,Little Nicholas
Région Wallone,11920,Little Nicholas
Mandarin Films,12096,Little Nicholas
IMAV Editions,23303,Little Nicholas
Current Entertainment,972,Wild Card
Lionsgate,1632,Wild Card
Sierra / Affinity,24049,Wild Card
SJ Heat Productions,45980,Wild Card
Silver State Production Services,49969,Wild Card
Cinema Seven Productions,59488,Wild Card
SJ Pictures,59490,Wild Card
Mpower Pictures,5294,Machine Gun Preacher
Relativity Media,7295,Machine Gun Preacher
1984 Private Defense Contractors,8532,Machine Gun Preacher
Virgin Produced,8852,Machine Gun Preacher
Moonlighting Films,9137,Machine Gun Preacher
Apparatus Productions,11956,Machine Gun Preacher
GG Filmz,11957,Machine Gun Preacher
ITS Capital,11958,Machine Gun Preacher
Merlina Entertainment,11959,Machine Gun Preacher
MGP Productions,11960,Machine Gun Preacher
Safady Entertainment,11961,Machine Gun Preacher
Constantin Film Produktion,5755,Animals United
Ambient Entertainment GmbH,8104,Animals United
Paramount Pictures,4,The Big Short
Plan B Entertainment,81,The Big Short
Regency Enterprises,508,The Big Short
Film Afrika,773,Goodbye Bafana
Thelma Films,6844,United Passions
Leuviah Films,53392,United Passions
Gaumont,9,Grace of Monaco
TF1 Films Productions,356,Grace of Monaco
Lucky Red,779,Grace of Monaco
Canal+,5358,Grace of Monaco
uFilm,8676,Grace of Monaco
Silver Reel,12075,Grace of Monaco
Umedia,19037,Grace of Monaco
Od Shots,35404,Grace of Monaco
YRF Entertainment,51938,Grace of Monaco
Stone Angels,51940,Grace of Monaco
Art Pictures Studio,3451,Savva. Heart of the Warrior
Mr. Mudd Production,2130,Ripley's Game
Cattleya,10102,Ripley's Game
Baby Films,93156,Ripley's Game
Columbia Pictures,5,Sausage Party
Sony Pictures Animation,2251,Sausage Party
Sony Pictures Entertainment,5752,Sausage Party
Annapurna Pictures,13184,Sausage Party
Point Grey Pictures,16615,Sausage Party
Nitrogen Studios Canada,46875,Sausage Party
Universal Pictures,33,Pitch Perfect 2
Gold Circle Films,12026,Pitch Perfect 2
Brownstone Productions,12365,Pitch Perfect 2
Tree Line Films,84,Walk the Line
Konrad Pictures,85,Walk the Line
Catfish Productions,86,Walk the Line
Fox 2000 Pictures,711,Walk the Line
Mars Media Beteiligungs,6402,Walk the Line
Spyglass Entertainment,158,Keeping the Faith
Touchstone Pictures,9195,Keeping the Faith
Triple Threat Talent,53666,Keeping the Faith
Working Title Films,10163,The Borrowers
Polygram Filmed Entertainment,31080,The Borrowers
Imagine Entertainment,23,Frost/Nixon
Universal Pictures,33,Frost/Nixon
Working Title Films,10163,Frost/Nixon
Miramax Films,14,Confessions of a Dangerous Mind
Allied Filmmakers,1755,Confessions of a Dangerous Mind
Mad Chance,1757,Confessions of a Dangerous Mind
StudioCanal,694,Inside Llewyn Davis
CBS Films,5490,Inside Llewyn Davis
Anton Capital Entertainment (ACE),20664,Inside Llewyn Davis
Paramount Pictures,4,Serving Sara
Universal Pictures,33,The Boss
Universal Pictures,33,Cry Freedom
Touchstone Pictures,9195,Mumford
Rogue Pictures,134,Seed of Chucky
Section Eight,129,The Jacket
Mandalay Pictures,551,The Jacket
VIP 3 Medienfonds,827,The Jacket
2929 Productions,846,The Jacket
Rising Star,1208,The Jacket
VIP 2 Medienfonds,3801,The Jacket
Warner Independent Pictures (WIP),11509,The Jacket
Walt Disney Pictures,2,Aladdin
New Line Cinema,12,Straight Outta Compton
Universal Pictures,33,Straight Outta Compton
Legendary Pictures,923,Straight Outta Compton
Cube Vision,2780,Straight Outta Compton
Broken Chair Flickz,63924,Straight Outta Compton
Crucial Films,63925,Straight Outta Compton
Lucasfilm,1,Indiana Jones and the Temple of Doom
Paramount Pictures,4,Indiana Jones and the Temple of Doom
Nickelodeon Movies,2348,The Rugrats Movie
Paramount Animation,24955,The Rugrats Movie
Focus Features,10146,Taking Woodstock
Walt Disney,5888,Miracle
New Amsterdam Entertainment,572,Dawn of the Dead
Strike Entertainment,655,Dawn of the Dead
Metropolitan Filmexport,656,Dawn of the Dead
Toho-Towa,657,Dawn of the Dead
Cruel and Unusual Films,78685,Dawn of the Dead
Columbia Pictures Corporation,441,The Wedding Planner
Intermedia Films,763,The Wedding Planner
Dee Gee Entertainment,869,The Wedding Planner
Tapestry Films,870,The Wedding Planner
Prufrock Pictures,34207,The Wedding Planner
IMF Internationale Medien und Film GmbH & Co. Produktions KG,65403,The Wedding Planner
Toei Animation Company,3116,Space Pirate Captain Harlock
Touchstone Pictures,9195,The Royal Tenenbaums
Konrad Pictures,85,Identity
Columbia Pictures Corporation,441,Identity
Laurence Mark Productions,415,Last Vegas
CBS Films,5490,Last Vegas
Outlaw Sinema,13444,Last Vegas
Good Universe,17393,Last Vegas
Gidden Media,34886,Last Vegas
United Artists,60,For Your Eyes Only
Eon Productions,7576,For Your Eyes Only
Miramax Films,14,Serendipity
Tapestry Films,870,Serendipity
Simon Fields Productions,21518,Serendipity
Universal Pictures,33,Timecop
Renaissance Pictures,467,Timecop
Dark Horse Entertainment,552,Timecop
Largo Entertainment,1644,Timecop
Signature Pictures,2982,Timecop
JVC Entertainment Networks,4248,Timecop
Paramount Pictures,4,Zoolander
Village Roadshow Pictures,79,Zoolander
NPV Entertainment,172,Zoolander
Scott Rudin Productions,258,Zoolander
Red Hour Productions,2932,Zoolander
Tenth Planet Productions,2933,Zoolander
VH1 Television,10692,Zoolander
Red Hour Films,12178,Zoolander
MFP Munich Film Partners GmbH & Company I. Produktions KG,21409,Zoolander
Walt Disney Pictures,2,"Alexander and the Terrible, Horrible, No Good, Very Bad Day"
21 Laps Entertainment,2575,"Alexander and the Terrible, Horrible, No Good, Very Bad Day"
"Jim Henson Company, The",6254,"Alexander and the Terrible, Horrible, No Good, Very Bad Day"
Temple Hill Productions,722,Safe Haven
Relativity Media,7295,Safe Haven
Walt Disney Pictures,2,Hocus Pocus
Village Roadshow Pictures,79,No Reservations
Castle Rock Entertainment,97,No Reservations
Warner Bros.,6194,No Reservations
Storefront Pictures,7747,No Reservations
WV Films III,12202,No Reservations
Lionsgate,1632,Kick-Ass
Marv Films,5374,Kick-Ass
Columbia Pictures,5,30 Minutes or Less
Neo Art & Logic,2811,Dracula 2000
Dimension Films,7405,Dracula 2000
Wes Craven Films,65507,Dracula 2000
Alcon Entertainment,1088,Joyful Noise
O.N.C. Entertainment,3396,Joyful Noise
Farrell Paura Productions,78958,Joyful Noise
Gospel Truth Pictures,78959,Joyful Noise
Universal Pictures,33,Pride & Prejudice
StudioCanal,694,Pride & Prejudice
Scion Films,7419,Pride & Prejudice
Focus Features,10146,Pride & Prejudice
Working Title Films,10163,Pride & Prejudice
Shaw Brothers,5798,Blade Runner
Warner Bros.,6194,Blade Runner
The Ladd Company,7965,Blade Runner
United Artists,60,Rob Roy
Talisman Productions,8989,Rob Roy
Wonderland Sound and Vision,4022,3 Days to Kill
EuropaCorp,6896,3 Days to Kill
Relativity Media,7295,3 Days to Kill
3DTK,22947,3 Days to Kill
Feelgood Entertainment,22948,3 Days to Kill
Paradise/MGN,22949,3 Days to Kill
Columbia Pictures,5,We Own the Night
Industry Entertainment,376,We Own the Night
2929 Productions,846,We Own the Night
New Line Cinema,12,Lost Souls
New Line Cinema,12,Dark City
Mystery Clock Cinema,908,Dark City
Bac Films,208,Winged Migration
Pandora Filmproduktion,254,Winged Migration
Procirep,311,Winged Migration
Galatée Films,793,Winged Migration
Eurimages,850,Winged Migration
Canal+,5358,Winged Migration
Westdeutscher Rundfunk (WDR),7025,Winged Migration
Télévision Suisse-Romande (TSR),8453,Winged Migration
Wanda Visión S.A.,10046,Winged Migration
Conseil Régional de Franche-Comté,11402,Winged Migration
Eyescreen S.r.l.,12012,Winged Migration
France 2 Cinéma,15671,Winged Migration
Les Productions de la Guéville,17873,Winged Migration
Centre National de la Cinématographie (CNC),18367,Winged Migration
Regency Enterprises,508,Just My Luck
Cheyenne Enterprises,890,Just My Luck
New Regency Pictures,10104,Just My Luck
Hollywood Pictures,915,"Mystery, Alaska"
Robert Simonds Productions,3929,The Spy Next Door
Relativity Media,7295,The Spy Next Door
Spy Next Door,46062,The Spy Next Door
Universal Pictures,33,A Simple Wish
The Bubble Factory,27128,A Simple Wish
BIM Distribuzione,225,The Duchess
BBC Films,288,The Duchess
Paramount Vantage,838,The Duchess
Qwerty Films,892,The Duchess
Pathé,7981,The Duchess
Magnolia Mae Films,18188,The Duchess
Screen Gems,3287,Ghosts of Mars
Storm King Productions,23895,Ghosts of Mars
Animationwerks,51312,Ghosts of Mars
Participant Media,6735,Our Brand Is Crisis
Smokehouse Pictures,22695,Our Brand Is Crisis
Lionsgate,1632,Pride and Prejudice and Zombies
Handsomecharlie Films,8873,Pride and Prejudice and Zombies
Cross Creek Pictures,10246,Pride and Prejudice and Zombies
Darko Entertainment,12622,Pride and Prejudice and Zombies
Panorama Media,13395,Pride and Prejudice and Zombies
QC Entertainment,72725,Pride and Prejudice and Zombies
Touchstone Pictures,9195,Kundun
UK Film Council,2452,How to Lose Friends & Alienate People
Intandem Films,2731,How to Lose Friends & Alienate People
Aramid Entertainment Fund,3272,How to Lose Friends & Alienate People
Film4,9349,How to Lose Friends & Alienate People
Lipsync Productions,9987,How to Lose Friends & Alienate People
Number 9 Films,11752,How to Lose Friends & Alienate People
Universal Pictures,33,Kick-Ass 2
Marv Films,5374,Kick-Ass 2
Twentieth Century Fox Film Corporation,306,Alatriste
Estudios Picasso,2029,Alatriste
NBC Universal Global Networks,2975,Alatriste
Origen Producciones Cinematograficas S.A.,3315,Alatriste
Canal+,5358,Brick Mansions
EuropaCorp,6896,Brick Mansions
Ciné+,23616,Brick Mansions
D8,32999,Brick Mansions
Eon Productions,7576,Octopussy
Universal Pictures,33,Knocked Up
Apatow Productions,10105,Knocked Up
Mark Johnson Productions,2604,My Sister's Keeper
Gran Via Productions,2605,My Sister's Keeper
Curmudgeon Films,12029,My Sister's Keeper
Universal Pictures,33,Welcome Home Roscoe Jenkins
Spyglass Entertainment,158,Welcome Home Roscoe Jenkins
Columbia Pictures,5,A Passage to India
EMI Films Ltd.,538,A Passage to India
Thorn EMI Screen Entertainment,6179,A Passage to India
Home Box Office,6752,A Passage to India
Fox Searchlight Pictures,43,Notes on a Scandal
Scott Rudin Productions,258,Notes on a Scandal
DNA Films,284,Notes on a Scandal
BBC Films,288,Notes on a Scandal
Ingenious Film Partners,289,Notes on a Scandal
UK Film Council,2452,Notes on a Scandal
Anonymous Content,10039,Rendition
Level 1 Entertainment,10040,Rendition
MID Foundation,20666,Rendition
Silver Screen Partners II,10531,Return to Oz
Oz Productions Ltd.,15395,Return to Oz
Paramount Pictures,4,Star Trek VI: The Undiscovered Country
All Girl Productions,10535,Divine Secrets of the Ya-Ya Sisterhood
Gaylord Productions,11617,Divine Secrets of the Ya-Ya Sisterhood
Paramount Pictures,4,Kiss the Girls
Rysher Entertainment,11661,Kiss the Girls
Universal Pictures,33,The Blues Brothers
[],[],The Sisterhood of the Traveling Pants 2
Universal Pictures,33,About a Boy
Fox 2000 Pictures,711,Lake Placid
Phoenix Pictures,11317,Lake Placid
Rocking Chair Productions,67109,Lake Placid
The Weinstein Company,308,Lucky Number Slevin
FilmEngine,816,Lucky Number Slevin
Capitol Films,826,Lucky Number Slevin
Ascendant Pictures,1204,Lucky Number Slevin
VIP Medienfonds 4,2116,Lucky Number Slevin
The Complex Studio,21962,Lucky Number Slevin
Warner Bros.,6194,The Right Stuff
The Ladd Company,7965,The Right Stuff
Columbia Pictures,5,Anonymous
Centropolis Entertainment,347,Anonymous
Producers Sales Organization,1256,The NeverEnding Story
Bavaria Film,1704,The NeverEnding Story
Dieter Geissler Filmproduktion,1766,The NeverEnding Story
Warner Bros.,6194,The NeverEnding Story
Westdeutscher Rundfunk (WDR),7025,The NeverEnding Story
Bavaria Studios,33772,The NeverEnding Story
Twentieth Century Fox Film Corporation,306,The Newton Boys
Detour Filmproduction,11510,The Newton Boys
Paramount Vantage,838,Case 39
Anonymous Content,10039,Case 39
Misher Films,11581,Case 39
Case 39 Productions,11582,Case 39
Paramount Pictures,4,Suspect Zero
Cruise/Wagner Productions,44,Suspect Zero
Lakeshore Entertainment,126,Suspect Zero
Intermedia Films,763,Suspect Zero
New Line Cinema,12,Martian Child
Dimension Films,7405,Spy Kids: All the Time in the World
TriStar Pictures,559,Money Monster
Sony Pictures Releasing,3045,Money Monster
Smokehouse Pictures,22695,Money Monster
LStar Capital,34034,Money Monster
Allegiance Theater,54454,Money Monster
Film Council,246,The 51st State
Alliance Atlantis Communications,803,The 51st State
The Film Consortium,1218,The 51st State
Focus Films,1268,The 51st State
Momentum Films,1269,The 51st State
National Lottery,1270,The 51st State
Canadian Film or Video Production Tax Credit (CPTC),8582,The 51st State
Artists Production Group (APG),18620,The 51st State
Fifty First Films,52619,The 51st State
Metro-Goldwyn-Mayer (MGM),8411,Flawless
Avenue Pictures Productions,251,Mindhunters
Weed Road Pictures,433,Mindhunters
Intermedia Films,763,Mindhunters
Egmond Film & Television,4588,Mindhunters
Dimension Films,7405,Mindhunters
Outlaw Productions (I),19507,Mindhunters
Mindhunters (UK) Limited,19508,Mindhunters
Mindhunters Productie BV,19509,Mindhunters
Tonna Oy,19510,Mindhunters
Outlaw Victoria Productions Inc.,19511,Mindhunters
2929 Productions,846,What Just Happened
Linson Entertainment,4700,What Just Happened
Art Linson Productions,8769,What Just Happened
Tribeca Productions,11391,What Just Happened
Sony Pictures Classics,58,The Statement
BBC Films,288,The Statement
Serendipity Point Films,805,The Statement
Téléfilm Canada,806,The Statement
Odessa Films,1712,The Statement
Movision,1727,The Statement
Astral Media,2743,The Statement
Corus Entertainment,11550,The Statement
Company Pictures,11842,The Statement
Walt deFaria,5646,The Magic Flute
Columbia Pictures,5,Paul Blart: Mall Cop
Happy Madison Productions,2608,Paul Blart: Mall Cop
Relativity Media,7295,Paul Blart: Mall Cop
Hey Eddie,46222,Paul Blart: Mall Cop
Walt Disney Pictures,2,Freaky Friday
Gunn Films,3538,Freaky Friday
Casual Friday Productions,93528,Freaky Friday
Universal Pictures,33,The 40 Year Old Virgin
Apatow Productions,10105,The 40 Year Old Virgin
Depth of Field,1473,In Good Company
Miramax Films,14,Shakespeare in Love
Universal Pictures,33,Shakespeare in Love
Bedford Falls Productions,348,Shakespeare in Love
Double Feature Films,215,A Walk Among the Tombstones
Jersey Films,216,A Walk Among the Tombstones
1984 Private Defense Contractors,8532,A Walk Among the Tombstones
Cross Creek Pictures,10246,A Walk Among the Tombstones
Exclusive Media Group,11448,A Walk Among the Tombstones
Traveling Picture Show Company (TPSC),39043,A Walk Among the Tombstones
Free State Pictures,40106,A Walk Among the Tombstones
Da Vinci Media Ventures,40107,A Walk Among the Tombstones
Imagine Entertainment,23,Kindergarten Cop
Universal Pictures,33,Kindergarten Cop
Columbia Pictures,5,Pineapple Express
Apatow Productions,10105,Pineapple Express
Twentieth Century Fox Film Corporation,306,Ever After: A Cinderella Story
Tig Productions,335,Open Range
Touchstone Pictures,9195,Open Range
Beacon Pictures,10157,Open Range
Cobalt Media Group,18619,Open Range
Columbia Pictures Corporation,441,Flatliners
Stonebridge Entertainment,5738,Flatliners
United Artists,60,A Bridge Too Far
Joseph E. Levine Productions,11503,A Bridge Too Far
DreamWorks SKG,27,Red Eye
Craven-Maddalena Films,1600,Red Eye
BenderSpink,6363,Red Eye
New Line Cinema,12,Final Destination 2
Zide-Perry Productions,3169,Final Destination 2
Universal Pictures,33,"O Brother, Where Art Thou?"
Mike Zoss Productions,2092,"O Brother, Where Art Thou?"
Studio Canal,5870,"O Brother, Where Art Thou?"
Touchstone Pictures,9195,"O Brother, Where Art Thou?"
Working Title Films,10163,"O Brother, Where Art Thou?"
Bold Films,2266,Legion
Paramount Pictures,4,Pain & Gain
De Line Pictures,2609,Pain & Gain
Paramount Pictures,4,Clockstoppers
Nickelodeon Movies,2348,Clockstoppers
Valhalla Motion Pictures,11533,Clockstoppers
Columbia Pictures,5,Silverado
Lionsgate,1632,Brothers
Relativity Media,7295,Brothers
Sighvatsson Films,11369,Brothers
Michael De Luca Productions,11370,Brothers
Palomar Pictures (II),11371,Brothers
Splendid Pictures,368,Agent Cody Banks 2: Destination London
Maverick Films,4000,Agent Cody Banks 2: Destination London
Metro-Goldwyn-Mayer (MGM),8411,Agent Cody Banks 2: Destination London
Dylan Sellers Productions,8807,Agent Cody Banks 2: Destination London
Madacy Entertainment,12027,Agent Cody Banks 2: Destination London
New Line Cinema,12,New Year's Eve
Metro-Goldwyn-Mayer (MGM),8411,Original Sin
Tig Productions,335,The Bodyguard
Warner Bros.,6194,The Bodyguard
Kasdan Pictures,13040,The Bodyguard
Relativity Media,7295,The Raven
Twentieth Century Fox Film Corporation,306,Welcome to Mooseport
Intermedia Films,763,Welcome to Mooseport
Mediastream Vierte Film GmbH & Co. Vermarktungs KG,19354,Welcome to Mooseport
Mooseport Productions,89720,Welcome to Mooseport
Trans-Film,2662,Highlander: The Final Dimension
Initial Groupe,22240,Highlander: The Final Dimension
Lumière Pictures,25129,Highlander: The Final Dimension
Fallingcloud,30655,Highlander: The Final Dimension
Fox Searchlight Pictures,43,Blood and Wine
Marmont Productions,20926,Blood and Wine
Blood & Wine Productions,20927,Blood and Wine
Majestic Films International,20928,Blood and Wine
Interscope Communications,10201,Snow White: A Tale of Terror
Polygram Filmed Entertainment,31080,Snow White: A Tale of Terror
Universal Pictures,33,Schindler's List
Amblin Entertainment,56,Schindler's List
DreamWorks SKG,27,The Curse of the Jade Scorpion
Gravier Productions,1824,The Curse of the Jade Scorpion
K. JAM Media,17888,Accidental Love
Universal Pictures,33,Flipper
The Bubble Factory,27128,Flipper
American Films,38181,Flipper
Endgame Entertainment,1205,Self/less
Ram Bergman Productions,11092,Self/less
Studio Babelsberg,264,The Constant Gardener
Epsilon Motion Pictures,1171,The Constant Gardener
UK Film Council,2452,The Constant Gardener
Scion Films,7419,The Constant Gardener
Focus Features,10146,The Constant Gardener
Blue Sky Films,33680,The Constant Gardener
Potboiler Productions,36615,The Constant Gardener
Icon Productions,152,The Passion of the Christ
Twentieth Century Fox Film Corporation,306,The Passion of the Christ
Twentieth Century Fox Film Corporation,306,Mrs. Doubtfire
Blue Wolf,10230,Mrs. Doubtfire
United Artists,60,Rain Man
Star Partners II Ltd.,206,Rain Man
Village Roadshow Pictures,79,Gran Torino
Malpaso Productions,171,Gran Torino
Gerber Pictures,975,Gran Torino
Warner Bros.,6194,Gran Torino
Double Nickel Entertainment,10138,Gran Torino
Matten Productions,27351,Gran Torino
WV Films IV,27352,Gran Torino
Ixtlan Productions,525,W.
Emperor Motion Pictures,2726,W.
Global Entertainment Group,2727,W.
Twentieth Century Fox Film Corporation,306,Taken
M6 Films,1115,Taken
Canal+,5358,Taken
TPS Star,6586,Taken
Grive Productions,6877,Taken
EuropaCorp,6896,Taken
M6,11261,Taken
Wintergreen Productions,11845,Taken
All Pictures Media,23614,Taken
Relativity Media,7295,The Best of Me
DreamWorks SKG,27,The Help
1492 Pictures,436,The Help
Participant Productions,2030,The Help
Imagenation Abu Dhabi FZ,6736,The Help
Reliance Entertainment,7294,The Help
Touchstone Pictures,9195,The Help
DreamWorks SKG,27,The Fifth Estate
Participant Media,6735,The Fifth Estate
Reliance Entertainment,7294,The Fifth Estate
Touchstone Pictures,9195,The Fifth Estate
Anonymous Content,10039,The Fifth Estate
Mosaic Media Group,748,Scooby-Doo 2: Monsters Unleashed
Warner Bros.,6194,Scooby-Doo 2: Monsters Unleashed
Universal Pictures,33,Forbidden Kingdom
Ankor-Film,21450,Forbidden Kingdom
New Line Cinema,12,Freddy vs. Jason
Cecchi Gori Group Tiger Cinematografica,371,Freddy vs. Jason
Avery Pix,1565,Freddy vs. Jason
Sean S. Cunningham Films,17611,Freddy vs. Jason
Crystal Lake Entertainment,21783,Freddy vs. Jason
WTC Productions,50102,Freddy vs. Jason
Yannix Technology Corporation,53063,Freddy vs. Jason
Universal Pictures,33,Ride Along
Rainforest Films,1309,Ride Along
Cube Vision,2780,Ride Along
Relativity Media,7295,Ride Along
Revolution Films,163,The Face of an Angel
BBC Films,288,The Face of an Angel
Cattleya,10102,The Face of an Angel
Vedette Finance,34381,The Face of an Angel
Multitrade,48197,The Face of an Angel
Ypsilon Films,53326,The Face of an Angel
Nickelodeon Movies,2348,Jimmy Neutron: Boy Genius
Universal Cartoon Studios,4285,Jimmy Neutron: Boy Genius
Paramount Animation,24955,Jimmy Neutron: Boy Genius
Paramount Pictures,4,Cloverfield
Bad Robot,11461,Cloverfield
New Line Cinema,12,Teenage Mutant Ninja Turtles II: The Secret of the Ooze
Golden Harvest Company,2521,Teenage Mutant Ninja Turtles II: The Secret of the Ooze
Paramount Pictures,4,The Untouchables
Miramax Films,14,No Country for Old Men
Scott Rudin Productions,258,No Country for Old Men
Paramount Vantage,838,No Country for Old Men
Mike Zoss Productions,2092,No Country for Old Men
Miramax Films,14,Bridget Jones's Diary
Universal Pictures,33,Bridget Jones's Diary
Studio Canal,5870,Bridget Jones's Diary
Working Title Films,10163,Bridget Jones's Diary
Little Bird,11358,Bridget Jones's Diary
Miramax Films,14,Chocolat
David Brown Productions,903,Chocolat
Fat Free,65781,Chocolat
Type A Films,2308,"Legally Blonde 2: Red, White & Blonde"
Marc Platt Productions,2527,"Legally Blonde 2: Red, White & Blonde"
Metro-Goldwyn-Mayer (MGM),8411,"Legally Blonde 2: Red, White & Blonde"
Twentieth Century Fox Film Corporation,306,Parental Guidance
Dune Entertainment,444,Parental Guidance
Dune Entertainment III,6332,Parental Guidance
Chernin Entertainment,7076,Parental Guidance
Walden Media,10221,Parental Guidance
Face Productions,48638,Parental Guidance
Katalyst Films,817,No Strings Attached
The Montecito Picture Company,2364,No Strings Attached
Handsomecharlie Films,8873,No Strings Attached
Hollywood Pictures,915,Tombstone
Cinergi Pictures Entertainment,1504,Tombstone
Splendid Pictures,368,Agent Cody Banks
Maverick Films,4000,Agent Cody Banks
Metro-Goldwyn-Mayer (MGM),8411,Agent Cody Banks
Dylan Sellers Productions,8807,Agent Cody Banks
Madacy Entertainment,12027,Agent Cody Banks
Silver Pictures,1885,Romeo Must Die
Warner Bros.,6194,Romeo Must Die
Twentieth Century Fox Film Corporation,306,The Omen
Mace Neufeld Productions,2767,The Omen
New Line Cinema,12,Final Destination 3
Zide-Perry Productions,3169,Final Destination 3
Kumar Mobiliengesellschaft mbH & Co. Projekt Nr. 1 KG,12067,Final Destination 3
Hard Eight Pictures,48772,Final Destination 3
Matinee Pictures,48785,Final Destination 3
Practical Pictures,48788,Final Destination 3
Village Roadshow Pictures,79,The Lucky One
DiNovi Pictures,813,The Lucky One
Warner Bros.,6194,The Lucky One
Langley Park Production,8057,The Lucky One
Walden Media,10221,Bridge to Terabithia
Hal Lieberman Company,23890,Bridge to Terabithia
Lauren Levine Productions Inc.,60611,Bridge to Terabithia
Warner Bros.,6194,August Rush
CJ Entertainment,7036,August Rush
Southpaw Entertainment,30131,August Rush
Miramax Films,14,Finding Neverland
Film Colony,560,Finding Neverland
Lions Gate,6644,A Madea Christmas
Scott Free Productions,1645,The Grey
1984 Private Defense Contractors,8532,The Grey
LD Entertainment,10285,The Grey
Open Road Films,10427,The Grey
Inferno Distribution,11278,The Grey
Chambara Pictures,12234,The Grey
Twentieth Century Fox Film Corporation,306,Hide and Seek
Fox 2000 Pictures,711,Hide and Seek
Josephson Entertainment,1894,Hide and Seek
MBC Beteiligungs Filmproduktion,73955,Hide and Seek
Apatow Productions,10105,Anchorman: The Legend of Ron Burgundy
Winkler Films,8880,GoodFellas
Universal Pictures,33,Nanny McPhee
Three Strange Angels,1973,Nanny McPhee
Studio Canal,5870,Nanny McPhee
Metro-Goldwyn-Mayer (MGM),8411,Nanny McPhee
Working Title Films,10163,Nanny McPhee
Nanny McPhee Productions,76721,Nanny McPhee
Universal Pictures,33,Scarface
Touchstone Pictures,9195,Nothing to Lose
Columbia Pictures,5,The Last Emperor
Hemdale Film Corporation,469,The Last Emperor
Recorded Pictures Company,470,The Last Emperor
Soprofilms,472,The Last Emperor
TAO Film,473,The Last Emperor
Yanco,474,The Last Emperor
Universal Pictures,33,Contraband
StudioCanal,694,Contraband
Relativity Media,7295,Contraband
Leverage Management,8536,Contraband
Closest to the Hole Productions,8537,Contraband
Farraday Films,8538,Contraband
Leverage Entertainment,8539,Contraband
Working Title Films,10163,Contraband
Blueeyes Productions,10970,Contraband
New Line Cinema,12,Money Talks
Miramax Films,14,There Will Be Blood
Ghoulardi Film Company,178,There Will Be Blood
Paramount Vantage,838,There Will Be Blood
Paramount Pictures,4,The Wild Thornberrys Movie
Nickelodeon Movies,2348,The Wild Thornberrys Movie
Paramount Animation,24955,The Wild Thornberrys Movie
Nickelodeon Movies,2348,Rugrats Go Wild
Paramount Animation,24955,Rugrats Go Wild
Universal Pictures,33,Undercover Brother
DiNovi Pictures,813,The Sisterhood of the Traveling Pants
Alcon Entertainment,1088,The Sisterhood of the Traveling Pants
Alloy Entertainment,10067,The Sisterhood of the Traveling Pants
Twentieth Century Fox Film Corporation,306,Kiss of the Dragon
Current Entertainment,972,Kiss of the Dragon
Immortal Entertainment,973,Kiss of the Dragon
Canal+,5358,Kiss of the Dragon
EuropaCorp,6896,Kiss of the Dragon
Quality Growth International Ltd.,73954,Kiss of the Dragon
Columbia Pictures,5,The House Bunny
Happy Madison Productions,2608,The House Bunny
Relativity Media,7295,The House Bunny
Alta Loma Entertainment,15636,The House Bunny
Metro-Goldwyn-Mayer (MGM),8411,Beauty Shop
Walt Disney Pictures,2,Million Dollar Arm
The Weinstein Company,308,The Giver
Walden Media,10221,The Giver
Tonik Productions,17145,The Giver
Asis Productions,53464,The Giver
DiNovi Pictures,813,What a Girl Wants
Gerber Pictures,975,What a Girl Wants
Gaylord Films,5367,What a Girl Wants
Warner Bros.,6194,What a Girl Wants
Sloane Square Films,67990,What a Girl Wants
HSI Tomorrow Film,67991,What a Girl Wants
United Artists,60,Jeepers Creepers 2
American Zoetrope,70,Jeepers Creepers 2
Myriad Pictures,738,Jeepers Creepers 2
Jeepers Creepers II,53348,Jeepers Creepers 2
Lionsgate,1632,Good Luck Chuck
Karz Entertainment,4194,Good Luck Chuck
Silver Pictures,1885,Cradle 2 the Grave
Warner Bros.,6194,Cradle 2 the Grave
Channel Four Films,181,Elizabeth
PolyGram Filmed Entertainment,1382,Elizabeth
Working Title Films,10163,Elizabeth
Paramount Pictures,4,The Hours
Miramax Films,14,The Hours
Scott Rudin Productions,258,The Hours
DreamWorks SKG,27,She's the Man
Lakeshore Entertainment,126,She's the Man
Tiger Aspect Productions,686,Mr. Bean's Holiday
Working Title Films,10163,Mr. Bean's Holiday
Screen Gems,3287,Anacondas: The Hunt for the Blood Orchid
Middle Fork Productions,3803,Anacondas: The Hunt for the Blood Orchid
Wild Bunch,856,Blood Ties
LGM Productions,2490,Blood Ties
Les Productions du Trésor,2612,Blood Ties
Mars Distribution,2908,Blood Ties
Canal+,5358,Blood Ties
France Télévision,7454,Blood Ties
Worldview Entertainment,9015,Blood Ties
Ciné+,10611,Blood Ties
M6,11261,Blood Ties
France 3 Cinema,16804,Blood Ties
Caneo Films,19690,Blood Ties
Grisbi Productions,32242,Blood Ties
France 4,33928,Blood Ties
W9,34774,Blood Ties
Chi-Fou-Mi Productions,34780,Blood Ties
Treasure Company,34782,Blood Ties
Universal Pictures,33,Bride of Chucky
Midwinter Productions Inc.,5550,Bride of Chucky
Twentieth Century Fox Film Corporation,306,Tora! Tora! Tora!
Columbia Pictures Corporation,441,Spice World
Twentieth Century Fox Film Corporation,306,The Sitter
Michael De Luca Productions,11370,The Sitter
Rough House Pictures,20848,The Sitter
Paramount Pictures,4,Dance Flick
MTV Films,746,Dance Flick
Wayans Bros. Entertainment,1608,Dance Flick
Castle Rock Entertainment,97,The Shawshank Redemption
Bungalow Productions,11600,Crocodile Dundee in Los Angeles
Silver Lion Films,11601,Crocodile Dundee in Los Angeles
Vision View Entertainment,11602,Crocodile Dundee in Los Angeles
Motion Picture Corporation of America,2090,Kingpin
Metro-Goldwyn-Mayer (MGM),8411,Kingpin
Paramount Pictures,4,The Gambler
Closest to the Hole Productions,8537,The Gambler
Leverage Entertainment,8539,The Gambler
Chartoff-Winkler Productions,12252,The Gambler
Jean Doumanian Productions,16280,August: Osage County
Smokehouse Pictures,22695,August: Osage County
Walt Disney Pictures,2,Ice Princess
Bridget Johnson Films,19925,Ice Princess
Skate Away Productions,19926,Ice Princess
Mile High Productions,2976,A Lot Like Love
Kevin Messick Productions,2977,A Lot Like Love
Touchstone Pictures,9195,A Lot Like Love
Beacon Pictures,10157,A Lot Like Love
Studio Babelsberg,264,Eddie the Eagle
Twentieth Century Fox Film Corporation,306,Eddie the Eagle
Marv Films,5374,Eddie the Eagle
Saville Productions,73620,Eddie the Eagle
[],[],King's Ransom
40 Acres & A Mule Filmworks,4319,He Got Game
Touchstone Pictures,9195,He Got Game
New Line Cinema,12,Don Juan DeMarco
American Zoetrope,70,Don Juan DeMarco
Screen Gems,3287,Dear John
DC Comics,429,The Losers
Weed Road Pictures,433,The Losers
Dark Castle Entertainment,1786,The Losers
Warner Bros.,6194,The Losers
DC Entertainment,9993,The Losers
Miramax Films,14,Don't Be Afraid of the Dark
Gran Via Productions,2605,Don't Be Afraid of the Dark
FilmDistrict,7263,Don't Be Afraid of the Dark
Necropia,11627,Don't Be Afraid of the Dark
Tequila Gang,11628,Don't Be Afraid of the Dark
Mosaic Media Group,748,War
Current Entertainment,972,War
Lionsgate,1632,War
Fierce Entertainment,12138,War
Province of British Columbia Production Services Tax Credit,12200,War
Rogue Films,23956,War
Columbia Pictures,5,Punch-Drunk Love
New Line Cinema,12,Punch-Drunk Love
Ghoulardi Film Company,178,Punch-Drunk Love
DreamWorks SKG,27,EuroTrip
The Montecito Picture Company,2364,EuroTrip
Blue Sea Productions,53012,EuroTrip
Franchise Pictures,1403,Half Past Dead
Screen Gems,3287,Half Past Dead
[],[],Unaccompanied Minors
United Artists,60,"Bright Lights, Big City"
Mirage Enterprises,932,"Bright Lights, Big City"
CST Telecommunications,32793,"Bright Lights, Big City"
Star Partners,67823,"Bright Lights, Big City"
Rhombus Media,164,Blindness
O2 Filmes,345,Blindness
Téléfilm Canada,806,Blindness
Bee Vine Pictures,2439,Blindness
Alliance Films,2514,Blindness
Asmik Ace Entertainment,3033,Blindness
GAGA,3656,Blindness
Fox Filmes do Brasil,4887,Blindness
Ancine,11547,Blindness
BNDES,11548,Blindness
Cinema Investment,11549,Blindness
Corus Entertainment,11550,Blindness
Movie Central Network,11551,Blindness
New Line Cinema,12,The Adventures of Pinocchio
The Kushner-Locke Company,2499,The Adventures of Pinocchio
Savoy Pictures,11308,The Adventures of Pinocchio
Walt Disney Pictures,2,The Greatest Game Ever Played
Media Rights Capital,2531,The Box
Lin Pictures,2723,The Box
Warner Bros.,6194,The Box
Darko Entertainment,12622,The Box
Radar Pictures,14718,The Box
Spyglass Entertainment,158,The Ruins
Pacific Film and Television Commission,4024,The Ruins
DreamWorks Pictures,7293,The Ruins
Red Hour Films,12178,The Ruins
Internationale Filmproduktion Prometheus,23003,The Ruins
Paramount Pictures,4,Ghost
Paramount Pictures,4,The Next Best Thing
Lakeshore Entertainment,126,The Next Best Thing
Relativity Media,7295,My Soul to Take
Rogue,8853,My Soul to Take
Regency Enterprises,508,The Girl Next Door
Epsilon Motion Pictures,1171,The Girl Next Door
New Regency Pictures,10104,The Girl Next Door
Daybreak,49241,The Girl Next Door
Columbia Pictures,5,Maximum Risk
Columbia Pictures,5,Stealing Harvard
Imagine Entertainment,23,Stealing Harvard
Revolution Studios,497,Stealing Harvard
Working Title Films,10163,Legend
Cross Creek Pictures,10246,Legend
Anton Capital Entertainment (ACE),20664,Legend
Twentieth Century Fox Film Corporation,306,There's Something About Mary
Paramount Pictures,4,Hot Rod
Incentive Filmed Entertainment,7215,Shark Night
Paramount Pictures,4,Angela's Ashes
Universal Pictures,33,Angela's Ashes
Summit Entertainment,491,Draft Day
Lionsgate,1632,Draft Day
TriStar Pictures,559,Lifeforce
Golan-Globus,1445,Lifeforce
Easedram,21896,Lifeforce
Wildwood Enterprises,316,The Conspirator
American Film Company,7486,The Conspirator
Columbia Pictures,5,Lords of Dogtown
TriStar Pictures,559,Lords of Dogtown
Alcon Entertainment,1088,The 33
Phoenix Pictures,11317,The 33
Fabula,24459,The 33
Half Circle,60255,The 33
Twentieth Century Fox Film Corporation,306,Big Trouble in Little China
TAFT Entertainment Pictures,965,Big Trouble in Little China
TF1 Films Production,3823,Fly Me to the Moon
Quad Productions,7038,Fly Me to the Moon
Solaris Film,1001,Warrior
Lionsgate,1632,Warrior
Mimran Schur Pictures,6573,Warrior
Filmtribe,12425,Warrior
Geffen Pictures,360,Michael Collins
Warner Bros.,6194,Michael Collins
TriStar Television,8609,Gettysburg
Esparza / Katz Productions,26560,Gettysburg
Paramount Pictures,4,Stop-Loss
Scott Rudin Productions,258,Stop-Loss
MTV Films,746,Stop-Loss
Peirce Pictures,2546,Stop-Loss
Paramount Pictures,4,Abandon
Spyglass Entertainment,158,Abandon
Touchstone Pictures,9195,Abandon
Twentieth Century Fox Film Corporation,306,Brokedown Palace
Fox 2000 Pictures,711,Brokedown Palace
Adam Fields Productions,3334,Brokedown Palace
Two Girls Productions,81140,Brokedown Palace
Ghost House Pictures,768,The Possession
North Box Productions,22637,The Possession
TriStar Pictures,559,Mrs. Winterbourne
Battleplan Productions,2108,Straw Dogs
Miramax Films,14,The Hoax
The Mark Gordon Company,1557,The Hoax
Yari Film Group,2448,The Hoax
Bob Yari Productions,12260,The Hoax
Stone Group Pictures,3470,Stone Cold
Vision International,3603,Stone Cold
2929 Productions,846,The Road
Dimension Films,7405,The Road
Nick Wechsler Productions,8073,The Road
Chockstone Pictures,13649,The Road
Boll KG,15127,BloodRayne
Columbia Pictures Corporation,441,Sheena
Delphi II Productions,7585,Sheena
Colgems Productions Ltd.,35061,Sheena
Miramax Films,14,Underclassman
Twentieth Century Fox Film Corporation,306,Say It Isn't So
Conundrum Entertainment,1156,Say It Isn't So
Say It Isn't So Productions,89629,Say It Isn't So
New Zealand Film Commission,294,The World's Fastest Indian
2929 Productions,846,The World's Fastest Indian
OLC / Rights Entertainment,12325,The World's Fastest Indian
Tanlay,12326,The World's Fastest Indian
New Zealand Film Production Fund,12327,The World's Fastest Indian
3 Dogs and a Pony,12328,The World's Fastest Indian
Park Road Post,12329,The World's Fastest Indian
WFI Productions Ltd.,12330,The World's Fastest Indian
Trilogy Entertainment Group,2231,Tank Girl
Wild Bunch,856,Carnage
Zanagar Films,2066,Carnage
Canal+,5358,Carnage
Constantin Film Produktion,5755,Carnage
CinéCinéma,6301,Carnage
Versátil Cinema,8531,Carnage
SBS Productions,8997,Carnage
Polski Instytut Sztuki Filmowej,11240,Carnage
France Télévisions,11795,Carnage
France 2 Cinéma,45970,Carnage
SPI Film Studio,52574,Carnage
Serendipity Point Films,805,Where the Truth Lies
Reel FX Creative Studios,2787,Cirque du Soleil: Worlds Away
Cruise/Wagner Productions,44,Without Limits
Warner Bros.,6194,Without Limits
Capitol Films,826,Love Ranch
Rising Star,1208,Love Ranch
Isle of Man Film,2268,Me and Orson Welles
Freestyle Releasing,4616,Me and Orson Welles
CinemaNX,5705,Me and Orson Welles
Paco Cinematografica,3110,The Best Offer
Warner Bros.,6194,The Best Offer
Regione Lazio,20416,The Best Offer
Business Location Sudtirol Alto Adige,20644,The Best Offer
Friuli Venezia Giulia Film Commission,38591,The Best Offer
UniCredit Group,38592,The Best Offer
Saturn Films,831,The Bad Lieutenant: Port of Call - New Orleans
Nu Image Films,925,The Bad Lieutenant: Port of Call - New Orleans
Edward R. Pressman Film,6455,The Bad Lieutenant: Port of Call - New Orleans
Millennium Films,10254,The Bad Lieutenant: Port of Call - New Orleans
Polsky Films,10478,The Bad Lieutenant: Port of Call - New Orleans
Osiris Productions,11265,The Bad Lieutenant: Port of Call - New Orleans
Lieutenant Productions,11266,The Bad Lieutenant: Port of Call - New Orleans
Motion Investment Group,1991,A Turtle's Tale: Sammy's Adventures
nWave Pictures,10159,A Turtle's Tale: Sammy's Adventures
Illuminata Pictures,10160,A Turtle's Tale: Sammy's Adventures
M6 Films,1115,Little White Lies
Les Productions du Trésor,2612,Little White Lies
EuropaCorp,6896,Little White Lies
Herold and Family,7801,The True Story of Puss 'n Boots
CN Film,3145,Space Dogs
Ingenious Media,290,The Counselor
Fox 2000 Pictures,711,The Counselor
Scott Free Productions,1645,The Counselor
Kanzaman,4169,The Counselor
Nick Wechsler Productions,8073,The Counselor
Big Screen Productions,10893,The Counselor
Chockstone Pictures,13649,The Counselor
Translux,14384,The Counselor
TSG Entertainment,22213,The Counselor
Rising Star,1208,Ironclad
Premiere Picture,3870,Ironclad
Mythic International Entertainment,5706,Ironclad
Film & Entertainment VIP Medienfonds 4 GmbH & Co. KG (I),7416,Ironclad
Wales Creative IP Fund,11841,Ironclad
Silver Reel,12075,Ironclad
Perpetual Media Capital,13792,Ironclad
Molinare Investment,19579,Ironclad
VIP 4 Medienfonds,23238,Ironclad
ContentFilm International,25487,Ironclad
Paramount Pictures,4,Waterloo
Dino de Laurentiis Cinematografica,1216,Waterloo
Mosfilm,5120,Waterloo
Emperor Motion Pictures,2726,Kung Fu Jungle
Heart & Soul Production,45424,Kung Fu Jungle
Beijing Silver Moon Productions,45425,Kung Fu Jungle
Aldamisa Entertainment,11006,Red Sky
MVP Films,37580,Red Sky
Invest Capital Film Group,37831,Red Sky
Live Screen Pictures,37832,Red Sky
Lorimar Film Entertainment,1176,Dangerous Liaisons
Warner Bros.,6194,Dangerous Liaisons
NFH Productions,18737,Dangerous Liaisons
American Zoetrope,70,On the Road
France 2 Cinéma,83,On the Road
VideoFilmes,346,On the Road
Vanguard Films,614,On the Road
Canal+,5358,On the Road
SPAD Films,8372,On the Road
MK2 Productions,9209,On the Road
Film4,9349,On the Road
Ciné+,10611,On the Road
France Télévisions,11795,On the Road
Nomadic Pictures,12467,On the Road
Kramer & Sigman Films,21914,On the Road
Jerry Leider Company,79077,On the Road
Cube Vision,2780,The Longshots
Paramount Pictures,4,Star Trek IV: The Voyage Home
Columbia Pictures,5,Rocky Balboa
Revolution Studios,497,Rocky Balboa
Rogue Marble,696,Rocky Balboa
Metro-Goldwyn-Mayer (MGM),8411,Rocky Balboa
Miramax Films,14,Scream 2
Konrad Pictures,85,Scream 2
Maven Entertainment,1601,Scream 2
Dimension Films,7405,Scream 2
Handsomecharlie Films,8873,Jane Got a Gun
Unanimous Pictures,13242,Jane Got a Gun
Straight Up Films,13403,Jane Got a Gun
1821 Pictures,14358,Jane Got a Gun
Scott Pictures,14359,Jane Got a Gun
Will Packer Productions,49968,Think Like a Man Too
Miramax Films,14,Derailed
Di Bonaventura Pictures,435,Derailed
Patalex V Productions Limited,23635,Derailed
Franchise Pictures,1403,The Whole Nine Yards
Warner Bros.,6194,The Whole Nine Yards
Morgan Creek Productions,10210,The Whole Nine Yards
Nine Yards Productions,51772,The Whole Nine Yards
Rational Packaging Company,53013,The Whole Nine Yards
Lansdown Films,53014,The Whole Nine Yards
Paramount Pictures,4,Footloose
IndieProd Company Productions,959,Footloose
DreamWorks SKG,27,Old School
The Montecito Picture Company,2364,Old School
TriStar Pictures,559,The Fisher King
Columbia Pictures,5,I Still Know What You Did Last Summer
Mandalay Entertainment,1236,I Still Know What You Did Last Summer
Summer Knowledge LLC,1464,I Still Know What You Did Last Summer
Metro-Goldwyn-Mayer (MGM),8411,Return to Me
JLT Productions,65402,Return to Me
Blue Askew,2599,Zack and Miri Make a Porno
View Askew Productions,16934,Zack and Miri Make a Porno
Gramercy Pictures,37,Nurse Betty
USA Films,987,Nurse Betty
Intermedia,8856,Nurse Betty
BBC Films,288,The Men Who Stare at Goats
Smoke House,1782,The Men Who Stare at Goats
Ruby Films,2054,The Men Who Stare at Goats
Touchstone Pictures,9195,Double Take
Columbia Pictures Corporation,441,"Girl, Interrupted"
3 Arts Entertainment,787,"Girl, Interrupted"
Global Entertainment Productions GmbH & Company Medien KG,9269,"Girl, Interrupted"
Red Wagon Entertainment,14440,"Girl, Interrupted"
DreamWorks SKG,27,Win a Date with Tad Hamilton!
Columbia Pictures,5,Muppets from Space
"Jim Henson Company, The",6254,Muppets from Space
Universal Pictures,33,The Wiz
Motown Productions,2730,The Wiz
Bel Air Entertainment,788,Ready to Rumble
Warner Bros.,6194,Ready to Rumble
Touchstone Pictures,9195,Play It to the Bone
The Weinstein Company,308,I Don't Know How She Does It
The Weinstein Company,308,Piranha 3D
Atmosphere Entertainment MM,2995,Piranha 3D
Chako Film Company,7332,Piranha 3D
Dimension Films,7405,Piranha 3D
Intellectual Properties Worldwide,18524,Piranha 3D
Aja / Levasseur Productions,22596,Piranha 3D
Lionsgate,1632,Beyond the Sea
Walt Disney Pictures,2,Meet the Deedles
Miramax Films,14,The Thief and the Cobbler
Allied Filmmakers,1755,The Thief and the Cobbler
Richard Williams Productions,6045,The Thief and the Cobbler
[],[],The Bridge of San Luis Rey
Castle Rock Entertainment,97,Faster
TriStar Pictures,559,Faster
State Street Pictures,3356,Faster
CBS Films,5490,Faster
Studio Ghibli,10342,Howl's Moving Castle
Buena Vista Home Entertainment,11200,Howl's Moving Castle
Mitsubishi,11847,Howl's Moving Castle
d-rights,12518,Howl's Moving Castle
Tohokushinsha Film Corporation,74952,Howl's Moving Castle
Columbia Pictures,5,Zombieland
Relativity Media,7295,Zombieland
Pariah,11733,Zombieland
Touchstone Pictures,9195,The Waterboy
Lucasfilm,1,The Empire Strikes Back
Twentieth Century Fox Film Corporation,306,The Empire Strikes Back
Columbia Pictures,5,Bad Boys
Don Simpson/Jerry Bruckheimer Films,10288,Bad Boys
Paramount Pictures,4,The Naked Gun 2½: The Smell of Fear
New Line Cinema,12,Final Destination
Zide-Perry Productions,3169,Final Destination
Hard Eight Pictures,48772,Final Destination
Appian Way,562,The Ides of March
Crystal City Entertainment,9018,The Ides of March
Cross Creek Pictures,10246,The Ides of March
Exclusive Media Group,11448,The Ides of March
Smokehouse Pictures,22695,The Ides of March
Interscope Communications,10201,Pitch Black
Fox 2000 Pictures,711,Someone Like You...
Lynda Obst Productions,13769,Someone Like You...
Warner Bros.,6194,Her
Annapurna Pictures,13184,Her
Regency Enterprises,508,Joy Ride
Epsilon Motion Pictures,1171,Joy Ride
LivePlanet,7161,Joy Ride
New Regency Pictures,10104,Joy Ride
Bad Robot,11461,Joy Ride
Matador Pictures,707,The Adventurer: The Curse of the Midas Box
Arcadia Motion Pictures,7543,The Adventurer: The Curse of the Midas Box
uFilm,8676,The Adventurer: The Curse of the Midas Box
"Afrodita Audiovisual, A.I.E.",10069,The Adventurer: The Curse of the Midas Box
Le Tax Shelter du Gouvernement Fédéral de Belgique,11921,The Adventurer: The Curse of the Midas Box
Telefónica Producciones,16742,The Adventurer: The Curse of the Midas Box
Umedia,19037,The Adventurer: The Curse of the Midas Box
Entertainment Motion Pictures,20386,The Adventurer: The Curse of the Midas Box
Cinema One,49252,The Adventurer: The Curse of the Midas Box
Nix Films,53195,The Adventurer: The Curse of the Midas Box
International Pictures Two,66897,The Adventurer: The Curse of the Midas Box
Cronos Entertainment AIE,66899,The Adventurer: The Curse of the Midas Box
Twentieth Century Fox Film Corporation,306,Anywhere But Here
Fox 2000 Pictures,711,Anywhere But Here
Touchstone Pictures,9195,The Crew
Irish Film Board,5267,Haywire
Relativity Media,7295,Haywire
Universal Pictures,33,Jaws: The Revenge
Miramax Films,14,Marvin's Room
Scott Rudin Productions,258,Marvin's Room
Tribeca Productions,11391,Marvin's Room
Columbia Pictures Corporation,441,The End of the Affair
Metro-Goldwyn-Mayer (MGM),8411,Harley Davidson and the Marlboro Man
Krisjair,22058,Harley Davidson and the Marlboro Man
Laredo,22059,Harley Davidson and the Marlboro Man
Summit Entertainment,491,In the Valley of Elah
Blackfriars Bridge Films,2087,In the Valley of Elah
NALA Films,2088,In the Valley of Elah
Samuels Media,2089,In the Valley of Elah
Warner Independent Pictures (WIP),11509,In the Valley of Elah
France 2 Cinéma,83,Coco Before Chanel
Haut et Court,726,Coco Before Chanel
SCOPE Invest,2250,Coco Before Chanel
Ciné@,2564,Coco Before Chanel
Canal+,5358,Coco Before Chanel
Warner Bros.,6194,Coco Before Chanel
CinéCinéma,6301,Coco Before Chanel
Scope Pictures,11199,Coco Before Chanel
Soficapital,11247,Coco Before Chanel
France 2 (FR2),11359,Coco Before Chanel
Le Tax Shelter du Gouvernement Fédéral de Belgique,11921,Coco Before Chanel
Cofinova 5,12053,Coco Before Chanel
Films Distribution,20881,Coco Before Chanel
Banque Populaire Images 9,30301,Coco Before Chanel
Minds Eye Entertainment,8583,Forsaken
Panacea Entertainment,13680,Forsaken
Moving Pictures Media,21012,Forsaken
Hopscotch Features,21079,The Water Diviner
Fear of God Films,40309,The Water Diviner
Pathé Renn Productions,866,Cheri
UK Film Council,2452,Cheri
Aramid Entertainment Fund,3272,Cheri
Canal+,5358,Cheri
Bill Kenwright Films,7058,Cheri
Pathe,7396,Cheri
Deutsche Filmförderfonds (DFFF),11238,Cheri
Région Ile-de-France,11246,Cheri
France 3 Cinema,16804,Cheri
Centre National de la Cinématographie (CNC),18367,Cheri
National Lottery through UK Film Council,20456,Cheri
Filmstiftung Nordrhein-Westfalen,27897,Cheri
Cine Productions,30298,Cheri
MMC Studios,30299,Cheri
Tiggy Films,30300,Cheri
Banque Populaire Images 9,30301,Cheri
Cheri Productions,30302,Cheri
Erste MMC-Production,30303,Cheri
Alliance Films,2514,Vanity Fair
Focus Features,10146,Vanity Fair
China Film Group Corporation,2270,Bodyguards and Assassins
The Weinstein Company,308,1408
Di Bonaventura Pictures,435,1408
Dimension Films,7405,1408
Brooksfilms Ltd.,617,Spaceballs
Metro-Goldwyn-Mayer (MGM),8411,Spaceballs
Walt Disney Pictures,2,The Santa Clause
Hollywood Pictures,915,The Santa Clause
Walt Disney Pictures,2,The Rookie
Gran Via Productions,2605,The Rookie
98 MPH Productions,2939,The Rookie
Walt Disney Pictures,2,The Game Plan
Mayhem Pictures,22881,The Game Plan
Monkey Dance Productions,80510,The Game Plan
Amblin Entertainment,56,The Bridges of Madison County
Malpaso Productions,171,The Bridges of Madison County
Warner Bros.,6194,The Bridges of Madison County
Revolution Studios,497,The Animal
Happy Madison Productions,2608,The Animal
Columbia Pictures,5,Gandhi
Goldcrest Films International,500,Gandhi
Indo-British,501,Gandhi
International Film Investors,502,Gandhi
National Film Development Corporation of India,503,Gandhi
Carolina Bank,504,Gandhi
Amblin Entertainment,56,The Hundred-Foot Journey
Harpo Films,3298,The Hundred-Foot Journey
Participant Media,6735,The Hundred-Foot Journey
Imagenation Abu Dhabi FZ,6736,The Hundred-Foot Journey
Reliance Entertainment,7294,The Hundred-Foot Journey
Touchstone Pictures,9195,The Hundred-Foot Journey
DreamWorks Studios,31893,The Hundred-Foot Journey
Columbia Pictures,5,The Net
New Line Cinema,12,I Am Sam
Hearst Entertainment Productions,7483,Son of God
LightWorkers Media,23920,Son of God
Lakeshore Entertainment,126,Underworld
Laurinfilm,7733,Underworld
Subterranean Productions LLC,7734,Underworld
Subterranean Productions UK Ltd.,7735,Underworld
Underworld Produktions GmbH,7736,Underworld
Section Eight,129,The Informant!
Groundswell Productions,4205,The Informant!
Warner Bros.,6194,The Informant!
Participant Media,6735,The Informant!
Jaffe / Braunstein Enterprise,6822,The Informant!
Shadowlands Productions,5553,Shadowlands
Savoy Pictures,11308,Shadowlands
Columbia Pictures Corporation,441,Deuce Bigalow: European Gigolo
Out of the Blue... Entertainment,879,Deuce Bigalow: European Gigolo
Happy Madison Productions,2608,Deuce Bigalow: European Gigolo
DreamWorks SKG,27,Delivery Man
Touchstone Pictures,9195,Delivery Man
StudioCanal,694,Our Kind of Traitor
Film4,9349,Our Kind of Traitor
Anton Capital Entertainment (ACE),20664,Our Kind of Traitor
The Ink Factory,28275,Our Kind of Traitor
Potboiler Productions,36615,Our Kind of Traitor
Amazon Prime Instant Video,58773,Our Kind of Traitor
Village Roadshow Pictures,79,Saving Silverman
NPV Entertainment,172,Saving Silverman
Columbia Pictures Corporation,441,Saving Silverman
Fox 2000 Pictures,711,Diary of a Wimpy Kid: Dog Days
40 Acres & A Mule Filmworks,4319,Summer of Sam
Touchstone Pictures,9195,Summer of Sam
Dimension Films,7405,Jay and Silent Bob Strike Back
View Askew Productions,16934,Jay and Silent Bob Strike Back
Miramax,53009,Jay and Silent Bob Strike Back
Original Film,333,The Glass House
Universal Pictures,33,"Hail, Caesar!"
Mike Zoss Productions,2092,"Hail, Caesar!"
Working Title Films,10163,"Hail, Caesar!"
Universal Pictures,33,Josie and the Pussycats
Marc Platt Productions,2527,Josie and the Pussycats
Metro-Goldwyn-Mayer (MGM),8411,Josie and the Pussycats
Riverdale Productions,24851,Josie and the Pussycats
Millennium Films,10254,Homefront
Open Road Films,10427,Homefront
New Line Cinema,12,The Little Vampire
Fox Searchlight Pictures,43,I Heart Huckabees
Scott Rudin Productions,258,I Heart Huckabees
Qwerty Films,892,I Heart Huckabees
N1 European Film Produktions GmbH & Co. KG,8874,I Heart Huckabees
Kanzeon,23488,I Heart Huckabees
Huckabee's,23489,I Heart Huckabees
StudioCanal,694,Before I Go to Sleep
Scott Free Productions,1645,Before I Go to Sleep
Millennium Films,10254,Before I Go to Sleep
Film i Väst,17513,Before I Go to Sleep
Filmgate Films,18230,Before I Go to Sleep
Clarius Entertainment,36991,Before I Go to Sleep
Orion Pictures,41,RoboCop 3
Infinity Omnimedia,5044,Megiddo: The Omega Code 2
TBN Films,5045,Megiddo: The Omega Code 2
Paramount Pictures,4,Darling Lili
Geoffrey Productions,15152,Darling Lili
Universal Pictures,33,Dudley Do-Right
Joseph M. Singer Entertainment,1301,Dudley Do-Right
Davis Entertainment,1302,Dudley Do-Right
EuropaCorp,6896,The Transporter Refueled
First Choice Films,2267,The Libertine
Isle of Man Film,2268,The Libertine
CoBo Fund,234,Black Book
Studio Babelsberg,264,Black Book
Motel Films,865,Black Book
Motion Investment Group,1991,Black Book
Egoli Tossell Film AG,2254,Black Book
Filmförderungsanstalt (FFA),4247,Black Book
Nederlands Fonds voor de Film,4508,Black Book
Medienboard Berlin-Brandenburg,7307,Black Book
uFilm,8676,Black Book
Le Tax Shelter du Gouvernement Fédéral de Belgique,11921,Black Book
Fu Works,12046,Black Book
Hector BV,16618,Black Book
Media Programme of the European Community,21972,Black Book
Euroimages Fund of the Council of Europe,23192,Black Book
VIP 4 Medienfonds,23238,Black Book
ContentFilm International,25487,Black Book
Clockwork Pictures,25488,Black Book
Senator Film Produktion,191,Joyeux Noël
Media Pro Pictures,3244,Joyeux Noël
TF1 Films Production,3823,Joyeux Noël
Nord-Ouest Productions,4176,Joyeux Noël
The Bureau,10441,Joyeux Noël
Artémis Productions,11773,Joyeux Noël
Les Productions de la Guéville,17873,Joyeux Noël
Primate Pictures,10424,Hit & Run
Kim and Jim Productions,10425,Hit & Run
Panay Films,10426,Hit & Run
Exclusive Media Group,11448,Hit & Run
Millennium Films,10254,Mad Money
verture Films,52046,Mad Money
Paramount Pictures,4,Sorcerer
Universal Pictures,33,Sorcerer
Film Properties International N.V.,10956,Sorcerer
Stone Productions,6572,Stone
Mimran Schur Pictures,6573,Stone
[],[],Moliere
Appian Way,562,Out of the Furnace
Scott Free Productions,1645,Out of the Furnace
Relativity Media,7295,Out of the Furnace
Energy Entertainment,18617,Out of the Furnace
Red Granite Pictures,19177,Out of the Furnace
Castle Rock Entertainment,97,Michael Clayton
Mirage Enterprises,932,Michael Clayton
Section Eight Productions,14315,Michael Clayton
Warner Bros.,6194,My Fellow Americans
Storyline Entertainment,8797,My Fellow Americans
Peters Entertainment,16774,My Fellow Americans
Lakeshore Entertainment,126,Arlington Road
Screen Gems,3287,Arlington Road
Arlington Road Productions Corporation,22512,Arlington Road
Gorai / Samuelson Productions,22513,Arlington Road
Samuelson Productions,22514,Arlington Road
100 Bares,5517,Underdogs
Ministerio de Cultura,11408,Underdogs
Instituto de Crédito Oficial (ICO),11427,Underdogs
Televisión Federal (Telefe),21915,Underdogs
369 Productions,22128,Underdogs
Catmandu Branded Entertainment,22130,Underdogs
JEMPSA,22133,Underdogs
Plural - Jempsa,22134,Underdogs
Prana Animation Studios,22135,Underdogs
Gravier Productions,1824,To Rome with Love
Medusa Film,6246,To Rome with Love
Mediapro,12010,To Rome with Love
Perdido Productions,12966,To Rome with Love
Malpaso Productions,171,Firefox
Paramount Pictures,4,"South Park: Bigger, Longer & Uncut"
Scott Rudin Productions,258,"South Park: Bigger, Longer & Uncut"
Comedy Central,1538,"South Park: Bigger, Longer & Uncut"
Warner Bros.,6194,"South Park: Bigger, Longer & Uncut"
Comedy Central Films,7480,"South Park: Bigger, Longer & Uncut"
Comedy Partners,45852,"South Park: Bigger, Longer & Uncut"
Sidney Kimmel Entertainment,737,Death at a Funeral
Parabolic Pictures,1012,Death at a Funeral
Stable Way Entertainment,1013,Death at a Funeral
Target Media Entertainment,1014,Death at a Funeral
VIP 2 Medienfonds,3801,Death at a Funeral
VIP 1 Medienfonds,10760,Death at a Funeral
New Line Cinema,12,Teenage Mutant Ninja Turtles III
Golden Harvest Pictures,969,Teenage Mutant Ninja Turtles III
Clearwater Holdings Limited,53677,Teenage Mutant Ninja Turtles III
Paramount Pictures,4,Hardball
GHS Productions KG,3858,Hardball
Munich Film Partners & Company (MFP) GHS Productions,3859,Hardball
Nides/McCormick Productions,3860,Hardball
The Weinstein Company,308,Silver Linings Playbook
Double Feature Films,215,Freedom Writers
Jersey Films,216,Freedom Writers
Kernos Filmproduktionsgesellschaft & Company,20396,Freedom Writers
Intermedia Films,763,One Missed Call
Alcon Entertainment,1088,One Missed Call
Kadokawa Pictures,2073,One Missed Call
Equity Pictures Medienfonds GmbH & Co. KG IV,20363,One Missed Call
Lions Gate Films,35,For Colored Girls
TF1 Films Productions,356,The Transporter
Current Entertainment,972,The Transporter
Canal+,5358,The Transporter
EuropaCorp,6896,The Transporter
Summit Entertainment,491,Never Back Down
Mandalay Pictures,551,Never Back Down
Baumgarten Management and Productions (BMP),23423,Never Back Down
United Artists,60,The Rage: Carrie 2
Red Bank Films,2229,The Rage: Carrie 2
Neal Street Productions,1522,Away We Go
Focus Features,10146,Away We Go
Big Beach Films,12808,Away We Go
Touchstone Pictures,9195,Swing Vote
Paramount Pictures,4,School of Rock
Scott Rudin Productions,258,School of Rock
Nickelodeon Movies,2348,School of Rock
NEW Century,8647,School of Rock
MFP Munich Film Partners GmbH & Company I. Produktions KG,21409,School of Rock
Sor Productions,88628,School of Rock
Punch Productions,2154,Moonlight Mile
Touchstone Pictures,9195,Moonlight Mile
Hyde Park Entertainment,13816,Moonlight Mile
Reveal Entertainment,41251,Moonlight Mile
Gran Via,41252,Moonlight Mile
StudioCanal,694,Tinker Tailor Soldier Spy
Kinowelt Filmproduktion,2051,Tinker Tailor Soldier Spy
Canal+,5358,Tinker Tailor Soldier Spy
CinéCinéma,6301,Tinker Tailor Soldier Spy
Working Title Films,10163,Tinker Tailor Soldier Spy
Karla Films,23697,Tinker Tailor Soldier Spy
Metro-Goldwyn-Mayer (MGM),8411,Molly
Absolute Entertainment (II),67883,Molly
Cockamamie,67884,Molly
Heckerling-Caplan,67885,Molly
Summit Entertainment,491,The Beaver
Participant Media,6735,The Beaver
Imagenation Abu Dhabi FZ,6736,The Beaver
Anonymous Content,10039,The Beaver
Twentieth Century Fox Film Corporation,306,Edward Scissorhands
Universal Pictures,33,The Best Little Whorehouse in Texas
RKO,5902,The Best Little Whorehouse in Texas
Alliance Atlantis Communications,803,eXistenZ
Natural Nylon Entertainment,804,eXistenZ
Serendipity Point Films,805,eXistenZ
Téléfilm Canada,806,eXistenZ
The Harold Greenberg Fund,807,eXistenZ
The Movie Network,808,eXistenZ
Union Générale Cinématographique,809,eXistenZ
Canadian Television Fund,20170,eXistenZ
Lucasfilm,1,Raiders of the Lost Ark
Paramount Pictures,4,Raiders of the Lost Ark
Twentieth Century Fox Film Corporation,306,Home Alone 2: Lost in New York
Hughes Entertainment,477,Home Alone 2: Lost in New York
Columbia Pictures Corporation,441,Close Encounters of the Third Kind
EMI Films,8263,Close Encounters of the Third Kind
Julia Phillips and Michael Phillips Productions,11458,Close Encounters of the Third Kind
New Line Cinema,12,Mortal Kombat
Threshold Entertainment,4174,Mortal Kombat
Dimension Films,7405,Pulse
Paramount Pictures,4,Beverly Hills Cop II
Eddie Murphy Productions,30,Beverly Hills Cop II
Don Simpson/Jerry Bruckheimer Films,10288,Beverly Hills Cop II
Hyde Park Films,1172,Bringing Down the House
Touchstone Pictures,9195,Bringing Down the House
Orion Pictures,41,The Silence of the Lambs
Strong Heart/Demme Production,55072,The Silence of the Lambs
Paramount Pictures,4,Wayne's World
Columbia Pictures,5,White Chicks
Revolution Studios,497,White Chicks
Wayans Bros. Entertainment,1608,White Chicks
Gone North Productions,67253,White Chicks
MTV Films,746,Jackass 3D
Universal Pictures,33,Jaws 2
Walt Disney Pictures,2,Beverly Hills Chihuahua
New Line Cinema,12,The Conjuring
The Safran Company,11565,The Conjuring
Evergreen Media Group,31375,The Conjuring
Columbia Pictures,5,Are We There Yet?
Revolution Studios,497,Are We There Yet?
Cube Vision,2780,Are We There Yet?
New Line Cinema,12,Tammy
Gary Sanchez Productions,4740,Tammy
Fox Searchlight Pictures,43,The Descendants
Dune Entertainment,444,The Descendants
Ad Hominem Enterprises,2361,The Descendants
Walt Disney Pictures,2,Holes
Chicago Pacific Entertainment,2377,Holes
Walden Media,10221,Holes
Phoenix Pictures,11317,Holes
Touchstone Pictures,9195,The Last Song
Plan B Entertainment,81,12 Years a Slave
Regency Enterprises,508,12 Years a Slave
River Road Entertainment,1246,12 Years a Slave
Film4,9349,12 Years a Slave
New Regency Pictures,10104,12 Years a Slave
Fox 2000 Pictures,711,Drumline
Lions Gate Films,35,Why Did I Get Married Too?
The Tyler Perry Company,6567,Why Did I Get Married Too?
New Line Cinema,12,Me Before You
Sunswept Entertainment,5219,Me Before You
Metro-Goldwyn-Mayer (MGM),8411,Me Before You
"Tyler Perry Company, The",3096,Madea's Witness Protection
Twentieth Century Fox Film Corporation,306,The French Connection
D'Antoni Productions,646,The French Connection
Schine-Moore Productions,73950,The French Connection
STX Entertainment,47729,Bad Moms
Huayi Brothers Pictures,78996,Bad Moms
BillBlock Media,90185,Bad Moms
Regency Enterprises,508,Date Movie
Epsilon Motion Pictures,1171,Date Movie
New Regency Pictures,10104,Date Movie
Walt Disney Pictures,2,Return to Never Land
Walt Disney Television Animation,3475,Return to Never Land
Walt Disney Animation Australia,3476,Return to Never Land
DisneyToon Studios,5391,Return to Never Land
Walt Disney Animation Canada,12402,Return to Never Land
Plan B Entertainment,81,Selma
Harpo Films,3298,Selma
Celador Films,3573,Selma
Cloud Eight Films,6708,Selma
Pathé,7981,Selma
Walt Disney Pictures,2,The Jungle Book 2
Walt Disney Television Animation,3475,The Jungle Book 2
Walt Disney Animation Australia,3476,The Jungle Book 2
DisneyToon Studios,5391,The Jungle Book 2
Ghost House Pictures,768,Boogeyman
Senator International,830,Boogeyman
Screen Gems,3287,Boogeyman
Pacific Renaissance Pictures Ltd.,7893,Boogeyman
TriStar Pictures,559,Premonition
Hyde Park Films,1172,Premonition
Offspring Entertainment,2378,Premonition
Walt Disney Pictures,2,The Tigger Movie
Dark Castle Entertainment,1786,Orphan
Studio Babelsberg StudioBabelsberg Motion Pictures,4252,Orphan
Don Carmody Productions,4253,Orphan
Studio Canal,5870,Orphan
Sunswept Entertainment,5219,Max
Warner Bros.,6194,Max
Metro-Goldwyn-Mayer (MGM),8411,Max
Reel Chefs Catering,83397,Max
Twentieth Century Fox Film Corporation,306,Epic Movie
Regency Enterprises,508,Epic Movie
New Regency Pictures,10104,Epic Movie
Paul Schiff Productions,23596,Epic Movie
Universal Pictures,33,Spotlight
Participant Media,6735,Spotlight
Anonymous Content,10039,Spotlight
Rocklin / Faust,42421,Spotlight
First Look Media,75807,Spotlight
Screen Gems,3287,Lakeview Terrace
Overbrook Entertainment,12485,Lakeview Terrace
Columbia Pictures Corporation,441,The Grudge 2
Ghost House Pictures,768,The Grudge 2
Vertigo Entertainment,829,The Grudge 2
Twentieth Century Fox Film Corporation,306,How Stella Got Her Groove Back
Orion Pictures,41,Bill & Ted's Bogus Journey
Nelson Entertainment,365,Bill & Ted's Bogus Journey
Universal Pictures,33,Man of the Year
Morgan Creek Productions,10210,Man of the Year
Walt Disney Productions,3166,The Black Hole
This Is That Productions,10059,The American
Focus Features,10146,The American
Twins Financing,20899,The American
Smokehouse Pictures,22695,The American
Greenlit Rights,72503,The American
Q Productions,4729,Selena
Esparza / Katz Productions,9313,Selena
Regency Enterprises,508,Vampires Suck
Road Rebel,2648,Vampires Suck
Paramount Vantage,838,Babel
Media Rights Capital,2531,Babel
Anonymous Content,10039,Babel
Central Films,11258,Babel
Spring Creek Productions,705,This Is Where I Leave You
21 Laps Entertainment,2575,This Is Where I Leave You
Warner Bros.,6194,This Is Where I Leave You
Scott Rudin Productions,258,Doubt
Goodspeed Productions,3534,Doubt
Paramount Pictures,4,Team America: World Police
Scott Rudin Productions,258,Team America: World Police
Regency Enterprises,508,Copycat
New Regency Pictures,10104,Copycat
Dimension Films,7405,Scary Movie 5
Paramount Pictures,4,Paint Your Wagon
Malpaso Productions,171,Paint Your Wagon
Alan Jay Lerner Productions,12049,Paint Your Wagon
Focus Features,10146,Milk
Columbia Pictures,5,Risen
Affirm Films,10156,Risen
LD Entertainment,10285,Risen
Patrick Aiello Productions,59827,Risen
Village Roadshow Pictures,79,Ghost Ship
NPV Entertainment,172,Ghost Ship
Dark Castle Entertainment,1786,Ghost Ship
Warner Bros.,6194,Ghost Ship
Ghost Ship Films Pty. Ltd.,53238,Ghost Ship
New Line Cinema,12,A Very Harold & Kumar Christmas
Mandate Pictures,771,A Very Harold & Kumar Christmas
Columbia Pictures,5,Wild Things
Mandalay Entertainment,1236,Wild Things
Screen Gems,3287,The Stepfather
Miramax Films,14,The Debt
Marv Films,5374,The Debt
Pioneer Pictures,9217,The Debt
Buena Vista,32,High Fidelity
Touchstone Pictures,9195,High Fidelity
Atlas Entertainment,507,The Bank Job
Mosaic Media Group,748,The Bank Job
Omnilab Media,2729,The Bank Job
Relativity Media,7295,The Bank Job
Skyline (Baker St),37774,The Bank Job
Anonymous Content,10039,Eternal Sunshine of the Spotless Mind
This Is That Productions,10059,Eternal Sunshine of the Spotless Mind
Focus Features,10146,Eternal Sunshine of the Spotless Mind
Oops Doughnuts Productions,5698,You Again
Touchstone Pictures,9195,You Again
Frontier Pictures,11837,You Again
Fox Searchlight Pictures,43,Street Kings
Regency Enterprises,508,Street Kings
Dune Entertainment III,6332,Street Kings
Emmett/Furla Films,10405,Street Kings
Recorded Pictures Company,470,A Dangerous Method
The Movie Network,808,A Dangerous Method
Millbrook Pictures,2728,A Dangerous Method
Prospero Pictures,2844,A Dangerous Method
Lago Film,19245,A Dangerous Method
Dangerous Method Film AG,78702,A Dangerous Method
Universal Pictures,33,The World's End
Big Talk Productions,443,The World's End
Focus Features,10146,The World's End
Working Title Films,10163,The World's End
Virtual Studios,449,Nancy Drew
Jerry Weintraub Productions,2596,Nancy Drew
Warner Bros.,6194,Nancy Drew
Lionsgate,1632,Daybreakers
Furst Films,3135,Daybreakers
Pictures in Paradise,3207,Daybreakers
Pacific Film and Television Commission,4024,Daybreakers
Australian Film Finance Corporation (AFFC),8724,Daybreakers
DreamWorks SKG,27,She's Out of My League
Mosaic,54634,She's Out of My League
Dune Entertainment,444,Monte Carlo
Regency Enterprises,508,Monte Carlo
Fox 2000 Pictures,711,Monte Carlo
DiNovi Pictures,813,Monte Carlo
Dune Entertainment III,6332,Monte Carlo
Blossom Films,32537,Monte Carlo
Spyglass Entertainment,158,Stay Alive
Hollywood Pictures,915,Stay Alive
Endgame Entertainment,1205,Stay Alive
Wonderland Sound and Vision,4022,Stay Alive
Warner Bros. Pictures,174,Shorts
Pathe,7396,Quigley Down Under
Metro-Goldwyn-Mayer (MGM),8411,Quigley Down Under
Lions Gate Family Entertainment,6574,Alpha and Omega
Relativity Media,7295,Alpha and Omega
Crest Animation Productions,21234,Alpha and Omega
"Screen Gems, Inc.",127,The Covenant
Spyglass Entertainment,158,Stick It
Touchstone Pictures,9195,Stick It
Kaltenbach Pictures,62367,Stick It
Gener8Xion Entertainment,3957,One Night with the King
The Rank Organisation,364,To Die For
Columbia Pictures Corporation,441,To Die For
Lionsgate,1632,Nerve
Allison Shearmur Productions,47706,Nerve
Keep Your Head,79963,Nerve
New Line Cinema,12,Appaloosa
Groundswell Productions,4205,Appaloosa
Axon Films,21106,Appaloosa
Columbia Pictures,5,Vampires
Largo Entertainment,1644,Vampires
JVC Entertainment Networks,4248,Vampires
Film Office,23893,Vampires
Spooky Tooth Productions,23894,Vampires
Storm King Productions,23895,Vampires
Paramount Pictures,4,Psycho
Universal Pictures,33,Psycho
Shamley Productions,10717,Psycho
Village Roadshow Pictures,79,Three to Tango
Warner Bros.,6194,Three to Tango
Lionsgate,1632,My Best Friend's Girl
New Wave Entertainment,2953,My Best Friend's Girl
Management 360,4220,My Best Friend's Girl
Terra Firma Films,7948,My Best Friend's Girl
Superfinger Entertainment,12020,My Best Friend's Girl
Universal Pictures,33,Endless Love
Fake Empire,13204,Endless Love
Bluegrass Films,13778,Endless Love
Universal Pictures,33,Georgia Rule
Morgan Creek Productions,10210,Georgia Rule
[],[],Under the Rainbow
Twentieth Century Fox Film Corporation,306,Ladyhawke
Warner Bros.,6194,Ladyhawke
Caravan Pictures,175,Simon Birch
Hollywood Pictures,915,Simon Birch
Columbia Pictures,5,Reign Over Me
Happy Madison Productions,2608,Reign Over Me
Sunlight Productions,3800,Reign Over Me
Relativity Media,7295,Reign Over Me
Madison 23,11708,Reign Over Me
Paramount Vantage,838,Into the Wild
River Road Entertainment,1246,Into the Wild
Art Linson Productions,8769,Into the Wild
Into the Wild,41051,Into the Wild
Dimension Films,7405,School for Scoundrels
Davis-Films,342,Silent Hill: Revelation 3D
Konami Corporation Ltd.,343,Silent Hill: Revelation 3D
A Band Apart,59,From Dusk Till Dawn
Dimension Films,7405,From Dusk Till Dawn
Los Hooligans Productions,11705,From Dusk Till Dawn
Miramax,53009,From Dusk Till Dawn
Walt Disney Pictures,2,Pooh's Heffalump Movie
Paramount Pictures,4,Home for the Holidays
Egg Pictures,802,Home for the Holidays
PolyGram Filmed Entertainment,1382,Home for the Holidays
Columbia Pictures,5,Kung Fu Hustle
Walt Disney Pictures,2,The Country Bears
DreamWorks SKG,27,The Kite Runner
MacDonald/Parkes Productions,384,The Kite Runner
Sidney Kimmel Entertainment,737,The Kite Runner
Neal Street Productions,1522,The Kite Runner
China Film Co-Production Corporation,2269,The Kite Runner
Wonderland Films,2299,The Kite Runner
Participant Media,6735,The Kite Runner
Ebeling Group,11392,The Kite Runner
Beijing Happy Pictures Cultural Communications Co.,11553,The Kite Runner
Kite Runner Holdings,29031,The Kite Runner
This Is That Productions,10059,21 Grams
Y Productions,10887,21 Grams
Mediana Productions Filmgesellschaft,10888,21 Grams
Icon Productions,152,Paparazzi
Twentieth Century Fox Film Corporation,306,Paparazzi
Icon Entertainment International,4564,Paparazzi
Metro-Goldwyn-Mayer (MGM),8411,A Guy Thing
David Ladd Films,21447,A Guy Thing
Columbia Pictures,5,Loser
The Weinstein Company,308,Capitalism: A Love Story
Paramount Vantage,838,Capitalism: A Love Story
Metanoia Films,7075,Little Boy
Santa Fé Films,90508,Little Boy
George Stevens Productions,13579,The Greatest Story Ever Told
Ingenious Media,290,Secret in Their Eyes
Gran Via Productions,2605,Secret in Their Eyes
IM Global,7437,Secret in Their Eyes
STX Entertainment,47729,Secret in Their Eyes
Route One Entertainment,80834,Secret in Their Eyes
Union Investment Partners,88607,Secret in Their Eyes
SITE Productions,88608,Secret in Their Eyes
Willie's Movies,88609,Secret in Their Eyes
Grosvenor Park Media Ltd.,2053,Disaster Movie
LionsGate,7571,Disaster Movie
3 in the Box,19248,Disaster Movie
Screen Gems,3287,Armored
Stars Road Entertainment,8931,Armored
Farah Films & Management,11249,Armored
Buckaroo Entertainment,11250,Armored
Regency Enterprises,508,The Man Who Knew Too Little
Taurus Films,897,The Man Who Knew Too Little
Polar Productions,3415,The Man Who Knew Too Little
Warner Bros.,6194,The Man Who Knew Too Little
Regency Enterprises,508,What's Your Number?
Contrafilm,1836,What's Your Number?
New Regency Pictures,10104,What's Your Number?
Canal+,5358,Lockout
EuropaCorp,6896,Lockout
Ciné+,10611,Lockout
Columbia Pictures,5,Envy
Castle Rock Entertainment,97,Envy
NPV Entertainment,172,Envy
DreamWorks Pictures,7293,Envy
Baltimore Spring Creek Productions,16061,Envy
Nu Image / Millennium Films,25473,Envy
Lakeshore Entertainment,126,Crank: High Voltage
Lionsgate,1632,Crank: High Voltage
Radical Media,11152,Crank: High Voltage
Miramax Films,14,Bullets Over Broadway
Miramax Films,14,The Quiet American
Intermedia Films,763,The Quiet American
Mirage Enterprises,932,The Quiet American
Paramount Pictures,4,The Weather Man
Escape Artists,1423,The Weather Man
Kumar Mobiliengesellschaft mbH & Co. Projekt Nr. 2 KG,11930,The Weather Man
Miramax Films,14,Undisputed
Amen Ra Films,421,Undisputed
DreamWorks SKG,27,Ghost Town
Spyglass Entertainment,158,Ghost Town
Pariah,11733,Ghost Town
The Mark Gordon Company,1557,12 Rounds
Fox Atomic,2890,12 Rounds
20th Century Fox Home Entertainment,3635,12 Rounds
WWE Studios,10339,12 Rounds
Midnight Sun Pictures,17887,12 Rounds
Hammer Film Productions,1314,Let Me In
EFTI,3576,Let Me In
Exclusive Media Group,11448,Let Me In
Overture Films,12807,Let Me In
TriStar Pictures,559,3 Ninjas Kick Back
Sheen Productions,27085,3 Ninjas Kick Back
Ben-Ami/Leeds Productions,37015,3 Ninjas Kick Back
New Line Cinema,12,Be Kind Rewind
Partizan,1784,Be Kind Rewind
Focus Features,10146,Be Kind Rewind
[],[],Mrs Henderson Presents
Worldview Entertainment,9015,Triple 9
Anonymous Content,30420,Triple 9
MadRiver Pictures,73493,Triple 9
Sierra Pictures,78595,Triple 9
Surefire Capital,78596,Triple 9
Fine Line Features,8,Deconstructing Harry
Double Feature Films,215,Burnt
PeaPie Films,32243,Burnt
3 Arts Entertainment,36390,Burnt
Paramount Pictures,4,We're No Angels
Miramax Films,14,Everyone Says I Love You
Twentieth Century Fox Film Corporation,306,Death Sentence
Dune Entertainment,444,Death Sentence
Baldwin Entertainment Group,2234,Death Sentence
Hyde Park Entertainment,13816,Death Sentence
Brass Hat Films,13817,Death Sentence
Miramax Films,14,Everybody's Fine
Hollywood Gang Productions,2994,Everybody's Fine
Radar Pictures,14718,Everybody's Fine
Crystal Sky Worldwide,4077,Superbabies: Baby Geniuses 2
Triumph Films,23098,Superbabies: Baby Geniuses 2
New Line Cinema,12,The Man
New Line Cinema,12,Code Name: The Cleaner
Universal Pictures,33,Connie and Carla
Universal Pictures,33,Sweet Charity
Ghoulardi Film Company,178,Inherent Vice
Warner Bros.,6194,Inherent Vice
IAC Films,93105,Inherent Vice
[],[],Doogal
Screen Gems,3287,Battle of the Year
Mpower Pictures,5294,An American Carol
Open Road Films,10427,Machete Kills
Overnight Films,10808,Machete Kills
AR Films,11005,Machete Kills
Aldamisa Entertainment,11006,Machete Kills
Demarest Films,13241,Machete Kills
1821 Pictures,14358,Machete Kills
Quick Draw Productions,25608,Machete Kills
New Line Cinema,12,Willard
Hard Eight Pictures,48772,Willard
Paramount Pictures,4,Strange Wilderness
Happy Madison Productions,2608,Strange Wilderness
Pelican Productions LLC,3251,Strange Wilderness
Newmarket Capital Group,506,Topsy-Turvy
Goldwyn Films,720,Topsy-Turvy
The Greenlight Fund,821,Topsy-Turvy
Thin Man Films,10100,Topsy-Turvy
Thousand Words,380,A Scanner Darkly
Warner Independent Pictures (WIP),11509,A Scanner Darkly
Detour Filmproduction,11510,A Scanner Darkly
Section Eight Productions,14315,A Scanner Darkly
Fox 2000 Pictures,711,Chasing Mavericks
Walden Media,10221,Chasing Mavericks
Boll Kino Beteiligungs GmbH & Co. KG,1062,Alone in the Dark
Brightlight Pictures,1063,Alone in the Dark
Herold Productions,1064,Alone in the Dark
Lionsgate,1632,Alone in the Dark
Infogrames Entertainment,2998,Alone in the Dark
Summit Entertainment,491,Bandslam
Goldsmith-Thomas Productions,2454,Bandslam
Walden Media,10221,Bandslam
Fine Line Features,8,Birth
New Line Cinema,12,Birth
Lou Yi Inc.,839,Birth
Academy Films,54030,Birth
March Entertainment,54031,Birth
Kinokompaniya CTB,886,Mongol: The Rise of Genghis Khan
X-Filme Creative Pool,1972,Mongol: The Rise of Genghis Khan
Andreevsky Flag Film Company,11996,Mongol: The Rise of Genghis Khan
Kinofabrika,16522,Mongol: The Rise of Genghis Khan
Eurasia Film Production,16524,Mongol: The Rise of Genghis Khan
Participant Media,6735,A Most Violent Year
Imagenation Abu Dhabi FZ,6736,A Most Violent Year
FilmNation Entertainment,7493,A Most Violent Year
Before the Door Pictures,14861,A Most Violent Year
Washington Square Films,14862,A Most Violent Year
A24,41077,A Most Violent Year
Old Bull Pictures,53656,A Most Violent Year
Rhombus Media,164,Passchendaele
Damberger Film & Cattle Co,16193,Passchendaele
Whizbang Films,17457,Passchendaele
Bell Broadcast and New Media Fund,22481,Passchendaele
Universal Pictures,33,Flash of Genius
Spyglass Entertainment,158,Flash of Genius
Strike Entertainment,655,Flash of Genius
Intermittent Productions,8849,Flash of Genius
Endgame Entertainment,1205,I'm Not There.
Rising Star,1208,I'm Not There.
Killer Films,1422,I'm Not There.
John Wells Productions,1512,I'm Not There.
Dreamachine,2506,I'm Not There.
Film & Entertainment VIP Medienfonds 4 GmbH & Co. KG (I),7416,I'm Not There.
Grey Water Park Productions,14737,I'm Not There.
John Goldwyn Productions,17594,I'm Not There.
Wells Productions,72153,I'm Not There.
Summit Entertainment,491,The Cold Light of Day
Intrepid Pictures,1224,The Cold Light of Day
Film Rites,8083,The Cold Light of Day
Galavis Film,8084,The Cold Light of Day
Picture Machine,8085,The Cold Light of Day
"Fria Luz Del Dia, A.I.E.",23625,The Cold Light of Day
The Weinstein Company,308,The Brothers Bloom
Summit Entertainment,491,The Brothers Bloom
Endgame Entertainment,1205,The Brothers Bloom
Likely Story,1785,"Synecdoche, New York"
Miramax Films,14,Princess Mononoke
Studio Ghibli,10342,Princess Mononoke
Nibariki,12516,Princess Mononoke
Nippon Television Network (NTV),20192,Princess Mononoke
[],[],Bon voyage
EMI Films,8263,Can't Stop the Music
Autonomous,2326,The Proposition
UK Film Council,2452,The Proposition
Surefire Film Productions,3205,The Proposition
Pictures in Paradise,3207,The Proposition
Pacific Film and Television Commission,4024,The Proposition
Film Consortium,20455,The Proposition
National Lottery through UK Film Council,20456,The Proposition
Paul Schiff Productions,23596,My All American
Anthem Productions,50496,My All American
Paramount Pictures,4,Marci X
Dimension Films,7405,Equilibrium
Blue Tulip Productions,35304,Equilibrium
Australian Film Finance Corporation,1380,The Children of Huang Shi
Zero Fiction Film,9206,The Children of Huang Shi
Ming Productions,74695,The Children of Huang Shi
Bluewater Pictures,78322,The Children of Huang Shi
Cheerland Entertainment Organization,86061,The Children of Huang Shi
Miramax Films,14,The Yards
Industry Entertainment,376,The Yards
Cube Vision,2780,Lottery Ticket
Sweepstake Productions,49966,Lottery Ticket
[],[],The Oogieloves in the Big Balloon Adventure
Plan B Entertainment,81,By the Sea
Jolie Pas,39443,By the Sea
Pellikola,73249,By the Sea
Bandai Visual Company,528,Steamboy
Sunrise,3153,Steamboy
Studio 4°C,11671,Steamboy
Bristol Bay Productions,2233,The Game of Their Lives
Baldwin Entertainment Group,2234,The Game of Their Lives
Crusader Entertainment,2978,The Game of Their Lives
Independent Film Channel,4059,The Game of Their Lives
Peter Newman/Interal,23359,The Game of Their Lives
The Weinstein Company,308,All Good Things
Tig Productions,335,Rapa Nui
Majestic Films International,2630,Rapa Nui
Warner Bros.,6194,Rapa Nui
Newcomm,38178,Rapa Nui
RCS,60546,Rapa Nui
Columbia Pictures Film Production Asia,2798,CJ7
Gaumont,9,The Visitors II: The Corridors of Time
Canal+,5358,The Visitors II: The Corridors of Time
France 3 Cinema,16804,The Visitors II: The Corridors of Time
Centre National de la Cinématographie (CNC),18367,The Visitors II: The Corridors of Time
Hyde Park Films,1172,Dylan Dog: Dead of Night
platinum studios,7218,Dylan Dog: Dead of Night
Long Distance Films,7219,Dylan Dog: Dead of Night
[],[],People I Know
Warner Bros.,6194,ATL
Miramax Films,14,The Tempest
Touchstone Pictures,9195,The Tempest
The Weinstein Company,308,Regression
Himenóptero,784,Regression
First Generation Films,4908,Regression
Mod Producciones,5444,Regression
FilmNation Entertainment,7493,Regression
Telefónica Studios,29564,Regression
Visualizer Film Productions,2921,Three Kingdoms: Resurrection of the Dragon
Taewon Entertainment,3965,Three Kingdoms: Resurrection of the Dragon
Icon Productions,152,Butterfly on a Wheel
Infinity Features Entertainment,212,Butterfly on a Wheel
Irish Dreamtime,597,Butterfly on a Wheel
Icon Entertainment International,4564,Butterfly on a Wheel
Canadian Film or Video Production Tax Credit (CPTC),8582,Butterfly on a Wheel
Province of British Columbia Film Incentive BC,11567,Butterfly on a Wheel
Butterfly Productions,11568,Butterfly on a Wheel
Chum Television,11569,Butterfly on a Wheel
Industrial Development Corporation of South Africa,564,Zambezia
120dB Films,5113,Zambezia
The Department of Trade and Industry of South Africa,10884,Zambezia
Cinema Management Group,25032,Zambezia
The National Film and Video Foundation of SA,25033,Zambezia
Wonderful Works,25034,Zambezia
Triggerfish Animation,33805,Zambezia
Nexus Factory,7561,Escobar: Paradise Lost
uFilm,8676,Escobar: Paradise Lost
Jaguar Films,10497,Escobar: Paradise Lost
Umedia,19037,Escobar: Paradise Lost
Chapter 2,20339,Escobar: Paradise Lost
Roxbury,63810,Escobar: Paradise Lost
Camphor Cinema,82667,Ramanujan
[],[],Dwegons
"Weinstein Company, The",7289,Hands of Stone
La Piedra Films,52064,Hands of Stone
Fuego Films,52065,Hands of Stone
Epicentral Studios,52066,Hands of Stone
Nu Image Films,925,Survivor
Winkler Films,8880,Survivor
Millennium Films,10254,Survivor
Survivor Productions,54409,Survivor
Grindstone Entertainment Group,3604,The Frozen Ground
Cheetah Vision,5830,The Frozen Ground
K5 International,6715,The Frozen Ground
Paradox Entertainment,6819,The Frozen Ground
Emmett/Furla Films,10405,The Frozen Ground
Picture Perfect Corporation,27993,The Frozen Ground
Court Five,30023,The Frozen Ground
Envision Entertainment,31832,The Frozen Ground
Valentina Films,31833,The Frozen Ground
Emotion Pictures,741,The Painted Veil
The Mark Gordon Company,1557,The Painted Veil
Class 5 Films,2297,The Painted Veil
Yari Film Group,2448,The Painted Veil
Warner China Film HG Corporation,7999,The Painted Veil
Stratus Film Co.,11027,The Painted Veil
WIP,12259,The Painted Veil
Bob Yari Productions,12260,The Painted Veil
The Colleton Company,12261,The Painted Veil
Dragon Studios,12262,The Painted Veil
Nouvelles Éditions de Films (NEF),753,The Baader Meinhof Complex
Degeto Film,986,The Baader Meinhof Complex
Constantin Film Produktion,5755,The Baader Meinhof Complex
Westdeutscher Rundfunk (WDR),7025,The Baader Meinhof Complex
Norddeutscher Rundfunk (NDR),7201,The Baader Meinhof Complex
Bayerischer Rundfunk (BR),7333,The Baader Meinhof Complex
Dune Films,19477,The Baader Meinhof Complex
G.T. Film Production,73872,The Baader Meinhof Complex
Tig Productions,335,Dances with Wolves
Majestic Films International,2630,Dances with Wolves
Columbia Pictures,5,Bad Teacher
Mosaic Media Group,748,Bad Teacher
Universal Pictures Corporation,42,Sea of Love
Gaylord Films,5367,A Cinderella Story
Warner Bros.,6194,A Cinderella Story
Dylan Sellers Productions,8807,A Cinderella Story
Clifford Werber Productions,46051,A Cinderella Story
Woods Entertainment,979,Scream
Dimension Films,7405,Scream
Universal Pictures,33,United 93
StudioCanal,694,United 93
Sidney Kimmel Entertainment,737,United 93
Working Title Films,10163,United 93
Columbia Pictures Corporation,441,Thir13en Ghosts
Dark Castle Entertainment,1786,Thir13en Ghosts
Warner Bros.,6194,Thir13en Ghosts
13 Ghosts Productions Canada Inc.,23503,Thir13en Ghosts
Hawk Films,88,The Shining
Warner Bros.,6194,The Shining
Peregrine,11272,The Shining
Universal Pictures,33,Back to the Future
Amblin Entertainment,56,Back to the Future
U-Drive Productions,20448,Back to the Future
Dark Castle Entertainment,1786,House on Haunted Hill
Warner Bros.,6194,House on Haunted Hill
Lions Gate Films,35,I Can Do Bad All By Myself
Cinestyle Media Group,74413,Fight Valley
Mandate Pictures,771,The Switch
Bona Fide Productions,2570,The Switch
Echo Films,7382,The Switch
Twentieth Century Fox Film Corporation,306,Just Married
Robert Simonds Productions,3929,Just Married
Mediastream Dritte Film GmbH & Co. Beteiligungs KG,19352,Just Married
Corrino Media Corporation,7178,The Devil's Double
Corsan,7299,The Devil's Double
Staccato Films,7300,The Devil's Double
Destination Films,769,Thomas and the Magic Railroad
Isle of Man Film,2268,Thomas and the Magic Railroad
Britt Allcroft Productions,37618,Thomas and the Magic Railroad
Penn Station Entertainment,4916,The Crazies
Participant Media,6735,The Crazies
Imagenation Abu Dhabi FZ,6736,The Crazies
Overture Films,12807,The Crazies
Studio Ghibli,10342,Spirited Away
Paramount Pictures,4,The Fall of the Roman Empire
Samuel Bronston Productions,10253,The Fall of the Roman Empire
Focus Films,1268,Firestorm
Sil-Metropole Organisation,5686,Firestorm
Edko Films,10284,Firestorm
Dino De Laurentiis Company,10308,The Bounty
Studio Babelsberg,264,The Book Thief
Fox 2000 Pictures,711,The Book Thief
Sunswept Entertainment,5219,The Book Thief
"Summit Entertainment, LLC",3250,Sex Drive
Alloy Entertainment,10067,Sex Drive
Goldcrest Pictures,11843,Sex Drive
Universal Pictures,33,Leap Year
Spyglass Entertainment,158,Leap Year
Octagon Films,1266,Leap Year
BenderSpink,6363,Leap Year
Birnbaum / Barber Productions,58262,Leap Year
Imagine Entertainment,23,Take Me Home Tonight
Rogue Pictures,134,Take Me Home Tonight
Relativity Media,7295,Take Me Home Tonight
Internationale Filmproduktion Blackbird Dritte,19855,Take Me Home Tonight
Gran Via Productions,2605,Won't Back Down
Walden Media,10221,Won't Back Down
Lemodeln Model & Talent Agency,59391,Won't Back Down
Warner Bros. Family Entertainment,3592,The Nutcracker
Fine Line Features,8,Kansas City
CiBy 2000,7832,Kansas City
Sandcastle 5 Productions,37163,Kansas City
Likely Story,1785,Indignation
Platinum Dunes,2481,The Amityville Horror
Dimension Films,7405,The Amityville Horror
Metro-Goldwyn-Mayer (MGM),8411,The Amityville Horror
Radar Pictures,14718,The Amityville Horror
Beverly Detroit,267,Adaptation.
Propaganda Films,278,Adaptation.
Clinica Estetico,1274,Adaptation.
Intermedia,8856,Adaptation.
Good Machine,10565,Adaptation.
Magnet Productions,23227,Adaptation.
Universal Pictures,33,Land of the Dead
Atmosphere Entertainment MM,2995,Land of the Dead
Romero-Grunwald Productions,55518,Land of the Dead
Exception Wild Bunch,55519,Land of the Dead
Sun Entertainment Culture,20542,Out of Inferno
Universe Entertainment,20543,Out of Inferno
Universal Pictures,33,Fear and Loathing in Las Vegas
Summit Entertainment,491,Fear and Loathing in Las Vegas
Rhino Films,1591,Fear and Loathing in Las Vegas
Fear and Loathing LLC,53460,Fear and Loathing in Las Vegas
Shark Productions,53461,Fear and Loathing in Las Vegas
Media Rights Capital,2531,The Invention of Lying
Lin Pictures,2723,The Invention of Lying
Warner Bros.,6194,The Invention of Lying
Wintergreen Productions,11845,The Invention of Lying
Lynda Obst Productions,13769,The Invention of Lying
1821 Pictures,14358,The Invention of Lying
Radar Pictures,14718,The Invention of Lying
Universal Pictures,33,Neighbors
Point Grey Pictures,16615,Neighbors
Good Universe,17393,Neighbors
Lakeshore Entertainment,126,The Exorcism of Emily Rose
Firm Films,1838,The Exorcism of Emily Rose
Screen Gems,3287,The Exorcism of Emily Rose
New Line Cinema,12,The Mask
Dark Horse Entertainment,552,The Mask
Gracie Films,18,Big
Twentieth Century Fox Film Corporation,306,Big
American Entertainment Partners II L.P.,21451,Big
Twentieth Century Fox Film Corporation,306,Borat: Cultural Learnings of America for Make Benefit Glorious Nation of Kazakhstan
Four By Two Productions,20567,Borat: Cultural Learnings of America for Make Benefit Glorious Nation of Kazakhstan
Marc Platt Productions,2527,Legally Blonde
Metro-Goldwyn-Mayer (MGM),8411,Legally Blonde
Paramount Pictures,4,Star Trek III: The Search for Spock
Happy Madison Productions,2608,Deuce Bigalow: Male Gigolo
Quinta Communications,6370,Deuce Bigalow: Male Gigolo
Touchstone Pictures,9195,Deuce Bigalow: Male Gigolo
Stoney Lake Entertainment,16558,Left Behind
Fox 2000 Pictures,711,The Family Stone
Metro-Goldwyn-Mayer (MGM),8411,Barbershop 2:  Back in Business
Columbia Pictures,5,Bad Santa
Triptych Pictures,14722,Bad Santa
Dimension Films (US version),71989,Bad Santa
Paramount Pictures,4,Mean Girls
Broadway Video,1756,Mean Girls
M.G. Films,89094,Mean Girls
New Line Cinema,12,Austin Powers: International Man of Mystery
Capella International,594,Austin Powers: International Man of Mystery
Eric's Boy,595,Austin Powers: International Man of Mystery
Universal Pictures,33,My Big Fat Greek Wedding 2
Playtone,4171,My Big Fat Greek Wedding 2
HBO Films,7429,My Big Fat Greek Wedding 2
Gold Circle Films,12026,My Big Fat Greek Wedding 2
Fox 2000 Pictures,711,Diary of a Wimpy Kid: Rodrick Rules
Color Force,5420,Diary of a Wimpy Kid: Rodrick Rules
Twentieth Century Fox Film Corporation,306,Predator
Lawrence Gordon Productions,840,Predator
Davis Entertainment,1302,Predator
Silver Pictures,1885,Predator
Amercent Films,5263,Predator
American Entertainment Partners L.P.,5264,Predator
Warner Bros.,6194,Amadeus
Alliance Films,2514,Prom Night
Timnick Films,679,Under the Tuscan Sun
Blue Gardenia Productions,3983,Under the Tuscan Sun
Touchstone Pictures,9195,Under the Tuscan Sun
Tatiale Films,12207,Under the Tuscan Sun
USA Films,987,Gosford Park
American Zoetrope,70,Peggy Sue Got Married
TriStar Pictures,559,Peggy Sue Got Married
Worldview Entertainment,9015,Birdman
New Regency Pictures,10104,Birdman
TSG Entertainment,22213,Birdman
Le Grisbi Productions,47169,Birdman
M Productions,52660,Birdman
Perdido Productions,12966,Blue Jasmine
Universal Pictures,33,Honey
Marc Platt Productions,2527,Honey
NuAmerica Entertainment,41963,Honey
Hollywood Pictures,915,Spy Hard
AVCO Embassy Pictures,494,The Fog
EDI,495,The Fog
Debra Hill Productions,498,The Fog
Mandalay Pictures,551,Soul Surfer
TriStar Pictures,559,Soul Surfer
Brookwell-McNamara Entertainment,3235,Soul Surfer
FilmDistrict,7263,Soul Surfer
Affirm Films,10156,Soul Surfer
Paramount Pictures,4,Catch-22
Filmways Productions,73862,Catch-22
Legendary Pictures,923,Observe and Report
De Line Pictures,2609,Observe and Report
De Laurentiis Entertainment Group,499,Conan the Destroyer
United Artists,60,Raging Bull
Universal Pictures,33,Love Happens
Stuber Productions,4403,Love Happens
Camp / Thompson Pictures,4404,Love Happens
Relativity Media,7295,Love Happens
Scion Films,7419,Love Happens
Traveling Film Productions,11953,Love Happens
Paramount Pictures,4,Young Sherlock Holmes
Amblin Entertainment,56,Young Sherlock Holmes
Columbia Pictures,5,The Tailor of Panama
Merlin Films,3201,The Tailor of Panama
United Artists,60,Fame
Lakeshore Entertainment,126,Fame
Metro-Goldwyn-Mayer (MGM),8411,Fame
Fox Searchlight Pictures,43,127 Hours
Warner Bros.,6194,127 Hours
Cloud Eight Films,6708,127 Hours
Pathé,7981,127 Hours
Film4,9349,127 Hours
Everest Entertainment,10892,127 Hours
HandMade Films,20076,127 Hours
DreamWorks SKG,27,Small Time Crooks
Columbia Pictures,5,Center Stage
Imagine Entertainment,23,Love the Coopers
Groundswell Productions,4205,Love the Coopers
CBS Films,5490,Love the Coopers
Fox 2000 Pictures,711,Catch That Kid
Mad Chance,1757,Catch That Kid
Nimbus Film Productions,11672,Catch That Kid
Mediastream Dritte Film GmbH & Co. Beteiligungs KG,19352,Catch That Kid
Splendid Productions,23790,Catch That Kid
New Line Cinema,12,Life as a House
Universal Pictures,33,Steve Jobs
Scott Rudin Productions,258,Steve Jobs
Legendary Pictures,923,Steve Jobs
The Mark Gordon Company,1557,Steve Jobs
Management 360,4220,Steve Jobs
Cloud Eight Films,6708,Steve Jobs
Ingenious Film Partners,289,"I Love You, Beth Cooper"
1492 Pictures,436,"I Love You, Beth Cooper"
Fox Atomic,2890,"I Love You, Beth Cooper"
Dune Entertainment III,6332,"I Love You, Beth Cooper"
Bece Canada Productions,11755,"I Love You, Beth Cooper"
Dimension Films,7405,Youth in Revolt
ITC Entertainment,1584,The Legend of the Lone Ranger
Cinema 77,1819,Blow Out
Dark Castle Entertainment,1786,Getaway
Signature Pictures,2982,Getaway
After Dark Films,3608,Getaway
Silver Reel,12075,Getaway
Saints LA,19719,Getaway
Bomar OOD,28176,Getaway
thefyzz,36109,Getaway
Dunulf Productions,68548,Getaway
Emmitt Productions Limited,68549,Getaway
ADF Acquisitions,68550,Getaway
Fox Searchlight Pictures,43,The Ice Storm
Good Machine,10565,The Ice Storm
Canal+ Droits Audiovisuels,53473,The Ice Storm
Castle Rock Entertainment,97,And So It Goes
Envision Entertainment,31832,And So It Goes
ASIG Productions,32245,And So It Goes
Touchstone Pictures,9195,Ed Wood
Mr. Mudd Production,2130,Labor Day
Indian Paintbrush,9350,Labor Day
Right of Way Films,32157,Labor Day
Columbia Pictures,5,Troop Beverly Hills
Weintraub Entertainment Group,6313,Troop Beverly Hills
Serendipity Point Films,805,Being Julia
Metro-Goldwyn-Mayer (MGM),8411,Nine 1/2 Weeks
Producers Sales Organization (PSO),11670,Nine 1/2 Weeks
Jonesfilm,22297,Nine 1/2 Weeks
Galactic Films,22298,Nine 1/2 Weeks
Triple Ajaxxx,22299,Nine 1/2 Weeks
Paramount Pictures,4,Dragonslayer
Walt Disney Productions,3166,Dragonslayer
Zephyr Films,16923,The Last Station
Egoli Tossell Film,44224,The Last Station
StudioCanal,694,RockNRolla
Dark Castle Entertainment,1786,RockNRolla
Toff Guy Films,2900,RockNRolla
Warner Bros.,6194,RockNRolla
Golden Harvest Company,2521,Megaforce
Northshore Investments Ltd.,16379,Megaforce
Castle Rock Entertainment,97,Hamlet
Turner Pictures (I),6189,Hamlet
Great Scott Productions Pty. Ltd.,2814,Mao's Last Dancer
Warner Bros.,6194,Midnight Special
Faliro House Productions,19246,Midnight Special
Tri-State Pictures,50914,Midnight Special
DreamWorks SKG,27,Anything Else
Granada Film Productions,247,Anything Else
Perdido Prod.,291,Anything Else
Canal+,5358,Anything Else
Archer Street Productions,1471,The Railway Man
Lionsgate,1632,The Railway Man
Pictures in Paradise,3207,The Railway Man
Silver Reel,12075,The Railway Man
Latitude Media,15577,The Railway Man
Thai Occidental Productions,15578,The Railway Man
Les Films du Losange,223,The White Ribbon
Wega Film,224,The White Ribbon
Lucky Red,779,The White Ribbon
X-Filme Creative Pool,1972,The White Ribbon
[],[],Restoration
New Century Entertainment Corporation,10165,The Wraith
Alliance Entertainment,10166,The Wraith
Turbo Productions,59346,The Wraith
Central-Europa Film,2195,I Come with the Rain
Canal+,5358,I Come with the Rain
TF1 International,7799,I Come with the Rain
Morena Films,10031,I Come with the Rain
Lumiere,11444,I Come with the Rain
LeBrocquy Fraser Productions,21605,I Come with the Rain
Better Wide,21606,I Come with the Rain
Castle Rock Entertainment,97,Salton Sea
Darkwoods Productions,3982,Salton Sea
Exclusive Media Group,11448,Metallica: Through the Never
Picturehouse Entertainment,11486,Metallica: Through the Never
Senator Entertainment Co,3319,The Informers
Egoli Tossell Film AG,2254,Carlos
Canal+,5358,Carlos
Arte France,6111,Carlos
Films en Stock,11394,Carlos
Columbia Pictures,5,Little Women
Filmax,3631,One Man's Hero
Silver Lion Films,11601,One Man's Hero
Televisa S.A. de C.V.,55465,One Man's Hero
Arco Films S.L,55776,One Man's Hero
Hool/Macdonald Productions,55777,One Man's Hero
Producciones San Patricia,55778,One Man's Hero
Dead Films,2482,Day of the Dead
Laurel Entertainment,2483,Day of the Dead
Toei,5822,Day of the Dead
Patriot Pictures,2373,I Am Wrath
Vallelonga Productions,3084,I Am Wrath
Vengeance is Mine Productions,73316,I Am Wrath
Hannibal Classics,76777,I Am Wrath
Onyx Films,2203,Renaissance
Backup Films,5381,Renaissance
France2 Cinéma,7089,Renaissance
Centre National de la Cinématographie (CNC),18367,Renaissance
Famous Films (II),3418,Red Sonja
Metro-Goldwyn-Mayer (MGM),8411,Red Sonja
Dino De Laurentiis Company,10308,Red Sonja
The Weinstein Company,308,Hoodwinked!
Kanbar Entertainment,7580,Hoodwinked!
Blue Yonder Films,49126,Hoodwinked!
First Generation Films,4908,Red Lights
Antena 3 Films,6538,Red Lights
Televisió de Catalunya TV3,6778,Red Lights
Canal+ España,9335,Red Lights
Instituto de la Cinematografía y de las Artes Audiovisuales (ICAA),9974,Red Lights
Millennium Films,10254,Red Lights
Nostromo Pictures,11068,Red Lights
Generalitat de Catalunya - Institut Català de les Indústries Culturals (ICIC),16055,Red Lights
Cindy Cowan Entertainment,22862,Red Lights
La Sexta,22863,Red Lights
Attitude Pinículas y Films A.I.E.,58260,Red Lights
Columbia Pictures,5,Superbad
Apatow Productions,10105,Superbad
Lions Gate Films,35,Madea Goes to Jail
"Tyler Perry Company, The",3096,Madea Goes to Jail
Copperheart Entertainment,5106,Wolves
Entertainment One,8147,Wolves
Dark Hero Studios,49925,Wolves
Summit Entertainment,491,Step Up 2: The Streets
Offspring Entertainment,2378,Step Up 2: The Streets
Touchstone Pictures,9195,Step Up 2: The Streets
Twentieth Century Fox Film Corporation,306,Aliens
SLM Production Group,396,Aliens
Brandywine Productions,19747,Aliens
Lions Gate Films,35,Hotel Rwanda
United Artists,60,Hotel Rwanda
Industrial Development Corporation of South Africa,564,Hotel Rwanda
Endgame Entertainment,1205,Hotel Rwanda
Miracle Pictures,2760,Hotel Rwanda
Sixth Sense Productions,7495,Hotel Rwanda
Mikado Film,11912,Hotel Rwanda
Inside Track Films,19834,Hotel Rwanda
Twentieth Century Fox Film Corporation,306,Hitman
Dune Entertainment,444,Hitman
Anka Film,867,Hitman
EuropaCorp,6896,Hitman
Daybreak Productions,11746,Hitman
Prime Universe Productions,11747,Hitman
Fox Searchlight Pictures,43,Black Nativity
Malvern Pictures,85720,Black Nativity
Grindstone Entertainment Group,3604,The Prince
Emmett/Furla Films,10405,The Prince
Oasis Films,33831,The Prince
Aperture Entertainment,33832,The Prince
[],[],City of Ghosts
Cruise/Wagner Productions,44,The Others
Canal Plus,104,The Others
Sogecine,692,The Others
Las Producciones del Escorpion,778,The Others
Lucky Red,779,The Others
Dimension Films,7405,The Others
Miramax,53009,The Others
Warner Bros.,6194,My Fair Lady
Columbia Pictures Corporation,441,I Know What You Did Last Summer
Mandalay Entertainment,1236,I Know What You Did Last Summer
Summer Knowledge LLC,1464,I Know What You Did Last Summer
Twentieth Century Fox Film Corporation,306,Let's Be Cops
WideAwake,28787,Let's Be Cops
Genre Films,28788,Let's Be Cops
Fox Searchlight Pictures,43,Sideways
Michael London Productions,1187,Sideways
Sideways Productions Inc.,12157,Sideways
Broken Lizard Industries,2773,Beerfest
Walt Disney Pictures,2,"McFarland, USA"
Mayhem Pictures,22881,"McFarland, USA"
Compass International Pictures,14323,Halloween
Falcon International Productions,22814,Halloween
Jim Henson Pictures,6255,Good Boy!
Metro-Goldwyn-Mayer (MGM),8411,Good Boy!
Universal,6292,The Best Man Holiday
Universal Pictures,33,Smokin' Aces
StudioCanal,694,Smokin' Aces
Relativity Media,7295,Smokin' Aces
Scion Films,7419,Smokin' Aces
Working Title Films,10163,Smokin' Aces
Lionsgate,1632,Saw: The Final Chapter
Twisted Pictures,2061,Saw: The Final Chapter
Serendipity Productions,6680,Saw: The Final Chapter
Miramax Films,14,40 Days and 40 Nights
Universal Pictures,33,40 Days and 40 Nights
Working Title Films,10163,40 Days and 40 Nights
Paramount Pictures,4,A Night at the Roxbury
SNL Studios,2822,A Night at the Roxbury
CBS Films,5490,Beastly
Mel's Cite du Cinema,54502,Beastly
Storefront Films,60600,Beastly
Fox Searchlight Pictures,43,The Hills Have Eyes
Dune Entertainment,444,The Hills Have Eyes
Major Studio Partners,445,The Hills Have Eyes
Craven-Maddalena Films,1600,The Hills Have Eyes
Paramount Pictures,4,Dickie Roberts: Former Child Star
Happy Madison Productions,2608,Dickie Roberts: Former Child Star
Brownstone Productions,12365,Pitch Perfect
Tollin/Robbins Productions,2184,Summer Catch
Warner Bros.,6194,Summer Catch
Paramount Pictures,4,A Simple Plan
Dimension Films,7405,They
Focus Features,10146,They
Good Machine,10565,They
Radar Pictures,14718,They
Parallel Pictures,18575,Larry the Cable Guy: Health Inspector
Columbia Pictures,5,The Adventures of Elmo in Grouchland
Children's Television Workshop,5061,The Adventures of Elmo in Grouchland
Jim Henson Pictures,6255,The Adventures of Elmo in Grouchland
Nu Image Films,925,Brooklyn's Finest
Langley Productions,2435,Brooklyn's Finest
Thunder Road Productions,4654,Brooklyn's Finest
Fuqua Films,8151,Brooklyn's Finest
Millennium Films,10254,Brooklyn's Finest
Allied Artists Pictures,4928,55 Days at Peking
Samuel Bronston Productions,10253,55 Days at Peking
TriStar Pictures,559,Evil Dead
Ghost House Pictures,768,Evil Dead
FilmDistrict,7263,Evil Dead
Fox Searchlight Pictures,43,My Life in Ruins
26 Films,2157,My Life in Ruins
Universal Pictures,33,American Dreamz
Depth of Field,1473,American Dreamz
Cannon Films,4110,Superman IV: The Quest for Peace
Warner Bros.,6194,Superman IV: The Quest for Peace
London-Cannon Films,6231,Superman IV: The Quest for Peace
Golan-Globus Productions,13549,Superman IV: The Quest for Peace
MTV Films,746,How She Move
Téléfilm Canada,806,How She Move
Celluloid Dreams,860,How She Move
Astral Media,2743,How She Move
Canadian Film or Video Production Tax Credit (CPTC),8582,How She Move
Corus Entertainment,11550,How She Move
Movie Central Network,11551,How She Move
Chum Television,11569,How She Move
Ontario Media Development Corporation (OMDC),11576,How She Move
"Movie Network, The (TMN)",11635,How She Move
Shaw Rocket Fund,12116,How She Move
Canadian Television Fund,20170,How She Move
Harold Greenberg Fund,22208,How She Move
Sienna Films,23486,How She Move
Ontario Film and Television Tax Credit (OFTTC),54606,How She Move
Canada Television and Cable Production Fund License Program (CTCPF),57498,How She Move
International Production Company,1507,Running Scared
True Grit Productions,2227,Running Scared
Zero Gravity Management,5357,Running Scared
Pierce/Williams Entertainment,18621,Running Scared
Dean River Productions,3915,Bobby Jones: Stroke of Genius
Bobby Jones Films LLC,11144,Bobby Jones: Stroke of Genius
LIFE(n),11145,Bobby Jones: Stroke of Genius
McDongall Films,11146,Bobby Jones: Stroke of Genius
HandMade Films,20076,Shanghai Surprise
"Vista Organisation, The",94714,Shanghai Surprise
Michael London Productions,1187,The Illusionist
Stillking Films,11345,The Illusionist
Bob Yari Productions,12260,The Illusionist
Bull's Eye Entertainment,25432,The Illusionist
Contagious Entertainment,52740,The Illusionist
Revolution Sun Studios,76043,The Illusionist
American Filmworks,8310,Roar
Jerry Bruckheimer Films,130,Veronica Guerin
Touchstone Pictures,9195,Veronica Guerin
Universal Pictures,33,Southland Tales
Destination Films,769,Southland Tales
Persistent Entertainment,810,Southland Tales
Wild Bunch,856,Southland Tales
Cherry Road Films LLC,1700,Southland Tales
MHF Zweite Academy Film,8848,Southland Tales
Darko Entertainment,12622,Southland Tales
Academy Films,54030,Southland Tales
Eden Roc Productions,87783,Southland Tales
Futurikon,2613,Dragon Hunters
Twentieth Century Fox Film Corporation,306,Damnation Alley
StudioCanal,694,The Apparition
Dark Castle Entertainment,1786,The Apparition
Warner Bros.,6194,The Apparition
Studio Babelsberg Motion Pictures,37826,The Apparition
Columbia Pictures,5,My Girl
Imagine Entertainment,23,My Girl
River Road Entertainment,1246,Fur: An Imaginary Portrait of Diane Arbus
Edward R. Pressman Film,6455,Fur: An Imaginary Portrait of Diane Arbus
Iron Film,36650,Fur: An Imaginary Portrait of Diane Arbus
Twentieth Century Fox Film Corporation,306,Wall Street
Columbia Pictures Corporation,441,Sense and Sensibility
Mirage Enterprises,932,Sense and Sensibility
Ecosse Films,1267,Becoming Jane
2 Entertain,2689,Becoming Jane
Bueprint Pictures,6342,Becoming Jane
Morgan Creek Productions,10210,Sydney White
Clifford Werber Productions,46051,Sydney White
SW7D Productions,46052,Sydney White
DreamWorks SKG,27,House of Sand and Fog
Cobalt Media Group,18619,House of Sand and Fog
Bisgrove Entertainment,59951,House of Sand and Fog
Touchstone Pictures,9195,Dead Poets Society
Silver Screen Partners IV,10282,Dead Poets Society
New Line Cinema,12,Dumb and Dumber
Motion Picture Corporation of America (MPCA),11061,Dumb and Dumber
Castle Rock Entertainment,97,When Harry Met Sally...
Nelson Entertainment,365,When Harry Met Sally...
Twentieth Century Fox Film Corporation,306,The Verdict
New Line Cinema,12,The Texas Chainsaw Massacre: The Beginning
Next Entertainment,1633,The Texas Chainsaw Massacre: The Beginning
Platinum Dunes,2481,The Texas Chainsaw Massacre: The Beginning
Vortex/Henkel/Hooper,23653,The Texas Chainsaw Massacre: The Beginning
Texas Chainsaw Productions,56620,The Texas Chainsaw Massacre: The Beginning
DreamWorks SKG,27,Road Trip
The Montecito Picture Company,2364,Road Trip
Paramount Pictures,4,Varsity Blues
MTV Films,746,Varsity Blues
France 3 Cinéma,591,The Artist
La Petite Reine,1992,The Artist
Studio 37,2577,The Artist
uFilm,8676,The Artist
Jouror Productions,12391,The Artist
La Classe Américaine,50630,The Artist
JD Prod,71510,The Artist
Rogue Pictures,134,The Unborn
Phantom Four,423,The Unborn
Platinum Dunes,2481,The Unborn
Relativity Media,7295,The Unborn
Scott Rudin Productions,258,Moonrise Kingdom
Indian Paintbrush,9350,Moonrise Kingdom
Focus Features,10146,Moonrise Kingdom
American Empirical Pictures,23449,Moonrise Kingdom
Moonrise,25626,Moonrise Kingdom
Focus Features,10146,The Young Messiah
Columbia Pictures,5,The Master of Disguise
Revolution Studios,497,The Master of Disguise
Happy Madison Productions,2608,The Master of Disguise
Estudios Picasso,2029,Pan's Labyrinth
Esperanto Filmoj,7470,Pan's Labyrinth
Tequila Gang,11628,Pan's Labyrinth
Village Roadshow Pictures,79,See Spot Run
NPV Entertainment,172,See Spot Run
Robert Simonds Productions,3929,See Spot Run
Warner Bros.,6194,See Spot Run
Spot Pictures,76292,See Spot Run
Columbia Pictures,5,Baby Boy
New Deal Productions,1947,Baby Boy
Vertigo Entertainment,829,The Roommate
Screen Gems,3287,The Roommate
Columbia Pictures,5,Joe Dirt
Happy Madison Productions,2608,Joe Dirt
Stone Group Pictures,3470,Double Impact
Universal Pictures,33,Hot Fuzz
Big Talk Productions,443,Hot Fuzz
StudioCanal,694,Hot Fuzz
GAGA,3656,Hot Fuzz
Working Title Films,10163,Hot Fuzz
New Line Cinema,12,The Women
[],[],Madison
The Weinstein Company,308,Vicky Cristina Barcelona
Gravier Productions,1824,Vicky Cristina Barcelona
Antena 3 Films,6538,Vicky Cristina Barcelona
Televisió de Catalunya (TV3),8530,Vicky Cristina Barcelona
Antena 3 Televisión,11737,Vicky Cristina Barcelona
Mediapro,12010,Vicky Cristina Barcelona
Danmarks Radio (DR),119,Arn: The Knight Templar
Telepool,823,Arn: The Knight Templar
AMC Pictures,2800,Arn: The Knight Templar
TV4 Sweden,2802,Arn: The Knight Templar
SF Norge,2888,Arn: The Knight Templar
Molinare Studios,4250,Arn: The Knight Templar
Yleisradio (YLE),5975,Arn: The Knight Templar
Svensk Filmindustri (SF),6181,Arn: The Knight Templar
Juonifilmi,9375,Arn: The Knight Templar
TV2 Norge,11682,Arn: The Knight Templar
Film i Väst,17513,Arn: The Knight Templar
Soundchef Studios,18843,Arn: The Knight Templar
Arion Communications Ltd.,22675,Arn: The Knight Templar
Dagsljus Filmequipment,22676,Arn: The Knight Templar
Sheba Films,24991,Arn: The Knight Templar
Sandline Production,24992,Arn: The Knight Templar
Europa Film Sound Production,24993,Arn: The Knight Templar
Punch 21 Productions,13158,Boys and Girls
Pandora Filmproduktion,254,White Oleander
John Wells Productions,1512,White Oleander
Gaylord Films,5367,White Oleander
Warner Bros.,6194,White Oleander
Oleandor Productions,12426,White Oleander
Dune Entertainment,444,Jennifer's Body
Fox Atomic,2890,Jennifer's Body
Code Entertainment,14589,Drowning Mona
Neverland Films,37498,Drowning Mona
Orion Pictures,41,Radio Days
Summit Entertainment,491,Remember Me
Golden Mean,1867,How to Deal
Focus Features,10146,How to Deal
Radar Pictures,14718,How to Deal
Weintraub Entertainment Group,6313,My Stepmother is an Alien
The Catalina Production Group,6314,My Stepmother is an Alien
TriStar Pictures,559,Philadelphia
Clinica Estetico,1274,Philadelphia
Columbia Pictures,5,The Thirteenth Floor
Centropolis Film Productions,620,The Thirteenth Floor
Cookout Productions,3494,The Cookout
Palladium Productions,2379,Meteor
American International Pictures (AIP),9266,Meteor
Meteor Joint Venture,33304,Meteor
Hollywood Pictures,915,Duets
Beacon Pictures,10157,Duets
Seven Arts Pictures,14159,Duets
DreamWorks SKG,27,Hollywood Ending
New Line Cinema,12,Detroit Rock City
Base 12 Productions,3242,Detroit Rock City
Corrupter Production Service Ltd.,90195,Detroit Rock City
Takoma Entertainment,90196,Detroit Rock City
KISS Nation,90197,Detroit Rock City
Davis-Panzer Productions,2737,Highlander
Thorn EMI Screen Entertainment,6179,Highlander
DreamWorks SKG,27,Things We Lost in the Fire
Neal Street Productions,1522,Things We Lost in the Fire
DreamWorks Pictures,7293,Things We Lost in the Fire
Province of British Columbia Production Services Tax Credit,12200,Things We Lost in the Fire
Quincy Jones-David Salzman Entertainment,2554,Steel
Warner Bros.,6194,Steel
DC Entertainment,9993,Steel
Kingsgate Films,770,The Immigrant
Worldview Entertainment,9015,The Immigrant
Sony Pictures Classics,58,The White Countess
Shanghai Film Group,3407,The White Countess
Merchant Ivory Productions,20740,The White Countess
Cloud Eight Films,6708,Trance
Pathé,7981,Trance
Decibel Films,8286,Trance
Film4,9349,Trance
Metro-Goldwyn-Mayer (MGM),8411,Soul Plane
Centre National de la Cinématographie,310,Welcome to the Sticks
TF1 Films Productions,356,Welcome to the Sticks
Pathé Renn Productions,866,Welcome to the Sticks
Hirsch,2355,Welcome to the Sticks
Canal+,5358,Welcome to the Sticks
CinéCinéma,6301,Welcome to the Sticks
Région Nord-Pas-de-Calais,11434,Welcome to the Sticks
Les Productions du Chicon,11544,Welcome to the Sticks
Centre Régional des Ressources Audiovisuelles (CRRAV),11545,Welcome to the Sticks
[],[],Good
Alliance Atlantis Communications,803,Ararat
Serendipity Point Films,805,Ararat
Ego Film Arts,12800,Ararat
BIM Distribuzione,225,Enter the Void
Wild Bunch,856,Enter the Void
Lucky Monkey Pictures,11093,Vamps
Red Hour Films,12178,Vamps
Grand Army Entertainment,1843,Hachi: A Dog's Tale
Scion Films,7419,Hachi: A Dog's Tale
Inferno Distribution,11278,Hachi: A Dog's Tale
Stage 6 Films,11341,Hachi: A Dog's Tale
Hachiko,66327,Hachi: A Dog's Tale
Opperman Viner Chrystyn Entertainment,66328,Hachi: A Dog's Tale
Eskwad,616,Zulu
M6 Films,1115,Zulu
Canal+,5358,Zulu
Pathé,7981,Zulu
Ciné+,23616,Zulu
Lobster Tree,34044,Zulu
W9,34774,Zulu
The Javelina Film Company,2322,The Homesman
EuropaCorp,6896,The Homesman
Ithaca Pictures,11765,The Homesman
Warner Bros.,6194,Juwanna Mann
Morgan Creek Productions,10210,Juwanna Mann
Sidney Kimmel Entertainment,737,Slow Burn
Greenestreet Films,2150,Slow Burn
Longfellow Pictures,8802,Slow Burn
Bonnie Timmermann Productions,68097,Slow Burn
Canal Plus,104,Wasabi
TF1 Films Productions,356,Wasabi
Tobis,480,Wasabi
Destiny,963,Wasabi
EuropaCorp,6896,Wasabi
Universal Pictures,33,Slither
Paramount Pictures,4,Beverly Hills Cop
Eddie Murphy Productions,30,Beverly Hills Cop
Twentieth Century Fox Film Corporation,306,Home Alone
Hughes Entertainment,477,Home Alone
Touchstone Pictures,9195,Three Men and a Baby
Interscope Communications,10201,Three Men and a Baby
Columbia Pictures Corporation,441,Tootsie
Mirage Enterprises,932,Tootsie
Punch Productions,2154,Tootsie
Delphi Films,4267,Tootsie
The Criterion Collection,10932,Tootsie
Sony Pictures Classics,58,"Crouching Tiger, Hidden Dragon"
China Film Co-Production Corporation,2269,"Crouching Tiger, Hidden Dragon"
Columbia Pictures Film Production Asia,2798,"Crouching Tiger, Hidden Dragon"
Good Machine,10565,"Crouching Tiger, Hidden Dragon"
EDKO Film,12205,"Crouching Tiger, Hidden Dragon"
Asia Union Film & Entertainment Ltd.,20289,"Crouching Tiger, Hidden Dragon"
United China Vision,20290,"Crouching Tiger, Hidden Dragon"
Zoom Hunt International Productions Company Ltd.,20291,"Crouching Tiger, Hidden Dragon"
DreamWorks SKG,27,American Beauty
Jinks/Cohen Company,2721,American Beauty
The Weinstein Company,308,The King's Speech
UK Film Council,2452,The King's Speech
Bedlam Productions,5005,The King's Speech
See-Saw Films,7217,The King's Speech
Aegis Film Fund,7309,The King's Speech
FilmNation Entertainment,7493,The King's Speech
Momentum Pictures,19578,The King's Speech
Molinare Investment,19579,The King's Speech
Universal Pictures,33,Twins
area japan,6536,The Yellow Handkerchief
Dune Entertainment,444,Diary of a Wimpy Kid
Color Force,5420,Diary of a Wimpy Kid
Dayday Films,8569,Diary of a Wimpy Kid
Amblin Entertainment,56,The Color Purple
The Guber-Peters Company,4357,The Color Purple
Warner Bros.,6194,The Color Purple
Polygon Entertainment,5716,Tidal Wave
CJ Entertainment,7036,Tidal Wave
Doosabu Film,12621,Tidal Wave
Black Bear Pictures,22146,The Imitation Game
Bristol Automotive,38145,The Imitation Game
Warner Bros.,6194,Private Benjamin
Universal Pictures,33,Coal Miner's Daughter
Universal Pictures,33,Mama
Toma 78,10677,Mama
De Milo,10678,Mama
Warner Bros.,6194,National Lampoon's Vacation
Paramount Pictures,4,Bad Grandpa
MTV Films,746,Bad Grandpa
Dickhouse Productions,6328,Bad Grandpa
BIM Distribuzione,225,The Queen
Granada Film Productions,247,The Queen
Scott Rudin Productions,258,The Queen
Pathé Renn Productions,866,The Queen
Pathé Pictures International,1178,The Queen
Canal+,5358,The Queen
Future Films,10843,The Queen
France 3 Cinema,16804,The Queen
"Geffen Company, The",4354,Beetlejuice
Warner Bros.,6194,Beetlejuice
Lions Gate Films,35,Why Did I Get Married?
Hammer Film Productions,1314,The Woman in Black
UK Film Council,2452,The Woman in Black
Alliance Films,2514,The Woman in Black
Film i Väst,6417,The Woman in Black
Talisman Productions,8989,The Woman in Black
Cross Creek Pictures,10246,The Woman in Black
Exclusive Media Group,11448,The Woman in Black
Filmgate Films,18230,The Woman in Black
Davis Entertainment,1302,When a Stranger Calls
Screen Gems,3287,When a Stranger Calls
Universal Pictures,33,Big Fat Liar
Universal Pictures,33,The Deer Hunter
EMI Films Ltd.,538,The Deer Hunter
New Line Cinema,12,Wag the Dog
Tribeca Productions,11391,Wag the Dog
Baltimore Pictures,11407,Wag the Dog
Original Film,333,Not Another Teen Movie
Columbia Pictures Corporation,441,Not Another Teen Movie
Neal H. Moritz Productions,2882,Not Another Teen Movie
Walt Disney Pictures,2,The Lizzie McGuire Movie
Teen Life Productions,89603,The Lizzie McGuire Movie
Front Street Productions,1450,Snitch
Participant Media,6735,Snitch
Imagenation Abu Dhabi FZ,6736,Snitch
Exclusive Media Group,11448,Snitch
Spitfire Pictures,14739,Snitch
Universal Pictures,33,Krampus
Legendary Pictures,923,Krampus
Dimension Films,7405,The Faculty
Los Hooligans Productions,11705,The Faculty
Touchstone Pictures,9195,What's Love Got to Do with It
Miramax Films,14,Cop Land
Across the River Productions,978,Cop Land
Woods Entertainment,979,Cop Land
Emmett/Furla Films,10405,End of Watch
Exclusive Media Group,11448,End of Watch
Hedge Fund Film Partners,11449,End of Watch
Crave Films,16312,End of Watch
Knightsbridge Entertainment,46961,End of Watch
Le Grisbi Productions,47169,End of Watch
5150 Action,47354,End of Watch
Universal Pictures,33,The Skulls
Original Film,333,The Skulls
Newmarket Capital Group,506,The Skulls
Cranium Films,11482,The Skulls
Working Title Films,10163,The Theory of Everything
Karz Entertainment,4194,Malibu's Most Wanted
Big Ticket Productions,4195,Malibu's Most Wanted
Warner Bros.,6194,Malibu's Most Wanted
Twentieth Century Fox Film Corporation,306,Where the Heart Is
Wind Dancer Films,32803,Where the Heart Is
Horizon Pictures (II),11356,Lawrence of Arabia
Dimension Films,7405,Halloween II
Spectacle Entertainment Group,10370,Halloween II
Trancas International Films,15822,Halloween II
Fox Searchlight Pictures,43,Wild
Pacific Standard,15829,Wild
bob industries,93542,Wild
Rogue Pictures,134,The Last House on the Left
Film Afrika,773,The Last House on the Left
Sean S. Cunningham Films,17611,The Last House on the Left
26 Films,2157,The Wedding Date
Gold Circle Films,12026,The Wedding Date
Visionview Production,29018,The Wedding Date
Dimension Films,7405,Halloween: Resurrection
Act III Communications,1153,The Princess Bride
The Princess Bride Ltd.,49243,The Princess Bride
Buttercup Films Ltd.,49244,The Princess Bride
The Weinstein Company,308,The Great Debaters
Harpo Films,3298,The Great Debaters
Marshall Production,8801,The Great Debaters
Bold Films,2266,Drive
Marc Platt Productions,2527,Drive
Odd Lot Entertainment,3263,Drive
FilmDistrict,7263,Drive
Motel Movies,11337,Drive
Newbridge Film Capital,46625,Drive
Walt Disney Pictures,2,Confessions of a Teenage Drama Queen
Twentieth Century Fox Film Corporation,306,The Object of My Affection
DNA Films,284,28 Weeks Later
Figment Films,359,28 Weeks Later
Sociedad General de Cine S.A.,785,28 Weeks Later
UK Film Council,2452,28 Weeks Later
Fox Atomic,2890,28 Weeks Later
Koan Films,10890,28 Weeks Later
Mandalay Pictures,551,When the Game Stands Tall
Affirm Films,10156,When the Game Stands Tall
Twentieth Century Fox Film Corporation,306,Because of Winn-Dixie
40 Acres & A Mule Filmworks,4319,Love & Basketball
Caravan Pictures,175,Grosse Pointe Blank
Hollywood Pictures,915,Grosse Pointe Blank
Roger Birnbaum Productions,961,Grosse Pointe Blank
Dune Entertainment,444,All About Steve
Fox 2000 Pictures,711,All About Steve
Fortis Films,4258,All About Steve
Dune Entertainment III,6332,All About Steve
Radar Pictures,14718,All About Steve
Embassy International Pictures,10214,Brazil
Artisan Entertainment,2188,Book of Shadows: Blair Witch 2
Haxan Films,15160,Book of Shadows: Blair Witch 2
Columbia Pictures,5,The Craft
DreamWorks,7,Match Point
Dune Entertainment,444,Ramona and Beezus
DiNovi Pictures,813,Ramona and Beezus
Columbia Pictures,5,The Remains of the Day
Merchant Ivory Productions,2370,The Remains of the Day
New Line Cinema,12,Boogie Nights
Ghoulardi Film Company,178,Boogie Nights
Lawrence Gordon Productions,840,Boogie Nights
Morgan Creek Productions,10210,The In Crowd
Columbia Pictures,5,Nowhere to Run
Twentieth Century Fox Film Corporation,306,Flicka
Fox 2000 Pictures,711,Flicka
Zucker/Netter Productions,12194,Flicka
Dune Entertainment,444,The Hills Have Eyes 2
Craven-Maddalena Films,1600,The Hills Have Eyes 2
Fox Atomic,2890,The Hills Have Eyes 2
Original Film,333,Urban Legends: Final Cut
Phoenix Pictures,11317,Urban Legends: Final Cut
Canal+ Droits Audiovisuels,53473,Urban Legends: Final Cut
Walt Disney Pictures,2,Tuck Everlasting
Twentieth Century Fox Film Corporation,306,The Marine
Pacific Film and Television Commission,4024,The Marine
WWE Studios,10339,The Marine
New Line Cinema,12,Keanu
Maguire Entertainment,2236,Country Strong
Screen Gems,3287,Country Strong
Sony Pictures Home Entertainment,5388,Country Strong
Village Roadshow Pictures,79,Disturbing Behavior
Beacon Communications,919,Disturbing Behavior
Hoyts Film Partnership,2848,Disturbing Behavior
Metro-Goldwyn-Mayer (MGM),8411,Disturbing Behavior
Behavioral Problem Productions Ltd.,33088,Disturbing Behavior
Sidney Kimmel Entertainment,737,The Place Beyond the Pines
Electric City Entertainment,8600,The Place Beyond the Pines
Verisimilitude,22632,The Place Beyond the Pines
Irish Dreamtime,597,The November Man
Relativity Media,7295,The November Man
SPD Films,57944,The November Man
Destination Films,769,Eye of the Beholder
Summit Entertainment,491,The Hurt Locker
Kingsgate Films,770,The Hurt Locker
Grosvenor Park Media Ltd.,2053,The Hurt Locker
Voltage Pictures,10255,The Hurt Locker
Film Capital Europe Funds (FCEF ),20343,The Hurt Locker
First Light Production,20344,The Hurt Locker
Universal Pictures,33,Firestarter
Dino De Laurentiis Company,10308,Firestarter
Plan B Entertainment,81,Killing Them Softly
1984 Private Defense Contractors,8532,Killing Them Softly
Annapurna Pictures,13184,Killing Them Softly
Inferno Entertainment,13648,Killing Them Softly
Chockstone Pictures,13649,Killing Them Softly
Senator Film Produktion,191,A Most Wanted Man
Lionsgate,1632,A Most Wanted Man
FilmNation Entertainment,7493,A Most Wanted Man
Film4,9349,A Most Wanted Man
Demarest Films,13241,A Most Wanted Man
The Ink Factory,28275,A Most Wanted Man
Potboiler Productions,36615,A Most Wanted Man
Amusement Park Films,36616,A Most Wanted Man
Fortress Features,5176,The Collection
LD Entertainment,10285,The Collection
Regency Enterprises,508,Freddy Got Fingered
Epsilon Motion Pictures,1171,Freddy Got Fingered
New Regency Pictures,10104,Freddy Got Fingered
MBST/Lloyd Productions,51708,Freddy Got Fingered
Starz Animation,2885,VeggieTales: The Pirates Who Don't Do Anything
Big Idea Productions,3204,VeggieTales: The Pirates Who Don't Do Anything
Arc Productions,10280,VeggieTales: The Pirates Who Don't Do Anything
National Geographic Entertainment,11522,U2 3D
3ality Digital Entertainment,80711,U2 3D
Davis-Panzer Productions,2737,Highlander: Endgame
Dimension Films,7405,Highlander: Endgame
Atlas Entertainment,507,Idlewild
Forensic Films,2813,Idlewild
HBO Films,7429,Idlewild
Film 4,2335,One Day
Color Force,5420,One Day
Dune Entertainment,444,Whip It
Mandate Pictures,771,Whip It
Vincent Pictures,8818,Whip It
Barry Mendel Productions,17032,Whip It
Flower Films (II),19813,Whip It
Rye Road Productions,93521,Whip It
Babe Ruthless Productions,93522,Whip It
Lawrence Bender Productions,2253,Knockaround Guys
Cinerenta Medienbeteiligungs KG,995,Confidence
Lionsgate,1632,Confidence
Ignite Entertainment,4131,Confidence
October Films,236,The Muse
The Javelina Film Company,2322,The Three Burials of Melquiades Estrada
EuropaCorp,6896,The Three Burials of Melquiades Estrada
Metro-Goldwyn-Mayer (MGM),8411,De-Lovely
Winkler Films,8880,De-Lovely
Potboiler Productions,36615,De-Lovely
Touchstone Pictures,9195,New York Stories
PolyGram Filmed Entertainment,1382,Barney's Great Adventure
Lyrick Studios,91005,Barney's Great Adventure
Arcade Pictures,11112,The Man with the Iron Fists
Iron Fists,11113,The Man with the Iron Fists
Warner Bros.,6194,Home Fries
Baltimore Pictures,11407,Home Fries
Kasdan Pictures,13040,Home Fries
Fox 2000 Pictures,711,Here On Earth
Friendly Productions,89439,Here On Earth
New Line Cinema,12,Raise Your Voice
FilmEngine,816,Raise Your Voice
Brookwell-McNamara Entertainment,3235,Raise Your Voice
ChickFlick Productions,15312,Raise Your Voice
Gramercy Pictures,37,The Big Lebowski
PolyGram Filmed Entertainment,1382,The Big Lebowski
Working Title Films,10163,The Big Lebowski
Paramount Classics,2315,Black Snake Moan
United Artists,60,Dark Blue
Intermedia Films,763,Dark Blue
IM Filmproduktion,1809,Dark Blue
Cosmic Pictures,1810,Dark Blue
Metro-Goldwyn-Mayer (MGM),8411,Dark Blue
Alphaville Films,11462,Dark Blue
[],[],All The Queen's Men
Plan B Entertainment,81,A Mighty Heart
Revolution Films,163,A Mighty Heart
Paramount Vantage,838,A Mighty Heart
Columbia Pictures Corporation,441,Whatever It Takes
Motion Picture Corporation of America,2090,Boat Trip
Artisan Entertainment,2188,Boat Trip
Ealing Studios,2650,The Importance of Being Earnest
[],[],The Love Letter
The Kennedy/Marshall Company,862,Hoot
Hoot Productions LLC,8926,Hoot
Walden Media,10221,Hoot
Blueprint Pictures,2376,In Bruges
Scion Films,7419,In Bruges
Film4,9349,In Bruges
Focus Features,10146,In Bruges
Twins Financing,20899,In Bruges
34th Street Films,5984,Peeples
Homegrown Pictures,8840,Peeples
Fox Atomic,2890,The Rocker
Dune Entertainment,444,Post Grad
Cold Spring Pictures,2363,Post Grad
The Montecito Picture Company,2364,Post Grad
Fox Atomic,2890,Post Grad
Participant Media,6735,Promised Land
Imagenation Abu Dhabi FZ,6736,Promised Land
Focus Features,10146,Promised Land
Media Farm,29311,Promised Land
Sunday Night,29312,Promised Land
Pearl Street Films,29313,Promised Land
Sony Pictures Classics,58,Whatever Works
Wild Bunch,856,Whatever Works
Gravier Productions,1824,Whatever Works
Perdido Productions,12966,Whatever Works
Columbia Pictures,5,Jakob the Liar
Global Entertainment Productions GmbH & Company Medien KG,9269,Jakob the Liar
Blue Wolf,10230,Jakob the Liar
Kasso Inc. Productions,22684,Jakob the Liar
Silver Pictures,1885,Kiss Kiss Bang Bang
Warner Bros.,6194,Kiss Kiss Bang Bang
Columbia Pictures Corporation,441,Idle Hands
Team Todd,598,Idle Hands
Licht/Mueller Film Corporation,6092,Idle Hands
Asymmetrical Productions,373,Mulholland Drive
Les Films Alain Sarde,635,Mulholland Drive
Babbo Inc.,636,Mulholland Drive
The Picture Factory,637,Mulholland Drive
Canal+,5358,Mulholland Drive
Lakeshore Entertainment,126,Blood and Chocolate
Metro-Goldwyn-Mayer (MGM),8411,Blood and Chocolate
Daniel Bobker Productions,12270,Blood and Chocolate
Berrick Filmproduktion,51851,Blood and Chocolate
Blood & Chocolate Productions Ltd,51852,Blood and Chocolate
Antena 3 Films,6538,You Will Meet a Tall Dark Stranger
Fox Searchlight Pictures,43,Never Let Me Go
DNA Films,284,Never Let Me Go
Film4,9349,Never Let Me Go
[],[],The Company
Lietuvos Kinostudija,2064,Transsiberian
Scout Productions,2065,Transsiberian
Telecinco Cinema,2674,Transsiberian
Castelao Producciones,7956,Transsiberian
Canal+ España,9335,Transsiberian
Future Films,10843,Transsiberian
Filmax International,12370,Transsiberian
Filmax Group,12371,Transsiberian
Universum Film (UFA),12372,Transsiberian
The Guber-Peters Company,4357,The Clan of the Cave Bear
Warner Bros.,6194,The Clan of the Cave Bear
Producers Sales Organization (PSO),11670,The Clan of the Cave Bear
Jonesfilm,22297,The Clan of the Cave Bear
The Jozak Company,69888,The Clan of the Cave Bear
Decade,69889,The Clan of the Cave Bear
Columbia Pictures,5,Crazy in Alabama
Green Moon Productions,4434,Crazy in Alabama
Celluloid Dreams,860,Funny Games
Tartan Films,2458,Funny Games
Film4,9349,Funny Games
Warner Independent Pictures (WIP),11509,Funny Games
Young Medium,63391,Listening
Listen Film,63392,Listening
Alliance Atlantis Communications,803,Felicia's Journey
Icon Entertainment International,4564,Felicia's Journey
Marquis Films Ltd,24724,Felicia's Journey
Paramount Pictures,4,Metropolis
Universum Film (UFA),12372,Metropolis
Canal Plus,104,District B13
TF1 Films Production,3823,District B13
EuropaCorp,6896,District B13
Miramax Films,14,Things to Do in Denver When You're Dead
Media Asia Films,5552,The Assassin
Sil-Metropole Organisation,5686,The Assassin
Central Motion Pictures,25345,The Assassin
Zhejiang Huace Film & TV,85047,The Assassin
China Dream Film Culture Industry,85048,The Assassin
SpotFilms,85049,The Assassin
Grosvenor Park Films LLP,1983,Buffalo Soldiers
Film4,9349,Buffalo Soldiers
Good Machine,10565,Buffalo Soldiers
Ren Film,19802,The Return
France 2 Cinéma,83,Sarah's Key
Studio 37,2577,Sarah's Key
Canal+,5358,Sarah's Key
TPS Star,6586,Sarah's Key
France Télévision,7454,Sarah's Key
TF1 Droits Audiovisuels,8350,Sarah's Key
Région Ile-de-France,11246,Sarah's Key
Hugo Productions,13855,Sarah's Key
A Plus Image,19959,Sarah's Key
Iyara Films,3182,Ong Bak 2
Pathé Pictures International,1178,Centurion
UK Film Council,2452,Centurion
Celador Films,3573,Centurion
Canal+,5358,Centurion
Warner Bros.,6194,Centurion
CinéCinéma,6301,Centurion
Newmarket Capital Group,506,Silent Trigger
Cine Grande Corporation,40144,Silent Trigger
Filmline International,40759,Silent Trigger
Conquistador Entertainment,50433,Silent Trigger
Algonquin Productions Limited,54940,Silent Trigger
Lions Gate Films,35,The Midnight Meat Train
Lakeshore Entertainment,126,The Midnight Meat Train
GreeneStreet Films,2152,The Midnight Meat Train
Midnight Picture Show,22056,The Midnight Meat Train
[],[],Winnie Mandela
Millennium Films,10254,The Son of No One
Destination Films,769,The Good Night
Tempesta Films,4384,The Good Night
Good Night Productions,4385,The Good Night
Lunar Films,2568,Bathory: Countess of Blood
Fonds Eurimages du Conseil de l'Europe,11011,Bathory: Countess of Blood
Eurofilm Stúdió,16016,Bathory: Countess of Blood
Státní Fond CR pro Podporu a Rozvoj Ceské Kinematografie,26771,Bathory: Countess of Blood
Jakubisko Film Slovakia,26772,Bathory: Countess of Blood
J&J Jakubisko Film,26773,Bathory: Countess of Blood
Concorde Film Trust,26774,Bathory: Countess of Blood
Ministry of Culture of the Slovak Republic,26775,Bathory: Countess of Blood
Triggerfish Animation,33805,Khumba
Green Moon Productions,4434,Automata
Nu Boyana Viburno,34070,Automata
Skyline Films,2055,Dungeons & Dragons: Wrath of the Dragon God
Sweetpea Entertainment,8933,Dungeons & Dragons: Wrath of the Dragon God
Studio Hamburg WorldWide Pictures,8934,Dungeons & Dragons: Wrath of the Dragon God
Zinc Entertainment Inc.,8935,Dungeons & Dragons: Wrath of the Dragon God
Taodue Film,45724,Chiamatemi Francesco - Il Papa della gente
JCE Movies,5649,Shinjuku Incident
Arts Council of England,718,Pandaemonium
Columbia Pictures,5,Groundhog Day
Warner Bros.,6194,Magic Mike XXL
Iron Horse Entertainment (II),34981,Magic Mike XXL
Bazmark Films,240,Romeo + Juliet
Twentieth Century Fox Film Corporation,306,Romeo + Juliet
SNL Studios,2822,Superstar
Production One,52859,Freedom
Malpaso Productions,171,Unforgiven
Warner Bros.,6194,Unforgiven
Zentropa Entertainments,76,Manderlay
Danmarks Radio (DR),119,Manderlay
Arte,201,Manderlay
Memfis Film,321,Manderlay
Isabella Films BV,814,Manderlay
Degeto Film,986,Manderlay
Ognon Pictures,1711,Manderlay
Sveriges Television (SVT),3221,Manderlay
Canal+,5358,Manderlay
Yleisradio (YLE),5975,Manderlay
Arte France Cinéma,6916,Manderlay
Westdeutscher Rundfunk (WDR),7025,Manderlay
Alan Young Pictures,11499,Manderlay
Nederlandse Programma Stichting (NPS),12023,Manderlay
Canal+ Television AB,12927,Manderlay
Film i Väst,17513,Manderlay
Invicta Capital,23207,Manderlay
Edith Film Oy,25491,Manderlay
Pain Unlimited GmbH Filmproduktion,30268,Manderlay
Sigma Films,53874,Manderlay
Manderlay,55428,Manderlay
Fox Searchlight Pictures,43,Slumdog Millionaire
Celador Films,3573,Slumdog Millionaire
Warner Bros.,6194,Slumdog Millionaire
Film4,9349,Slumdog Millionaire
Paramount Pictures,4,Fatal Attraction
Medusa Produzione,1702,Tea with Mussolini
Cattleya,10102,Tea with Mussolini
Cineritmo,10378,Tea with Mussolini
Film and General Productions,10379,Tea with Mussolini
Touchstone Pictures,9195,Pretty Woman
Silver Screen Partners IV,10282,Pretty Woman
Paramount Pictures,4,Crocodile Dundee II
Reliance Entertainment,7294,Broken Horses
Universal Pictures,33,Born on the Fourth of July
Ixtlan,4198,Born on the Fourth of July
Walt Disney,5888,Cool Runnings
Lionsgate,1632,My Bloody Valentine
Rainforest Films,1309,Stomp the Yard
United Artists,60,The Spy Who Loved Me
Eon Productions,7576,The Spy Who Loved Me
Danjaq,10761,The Spy Who Loved Me
Original Film,333,Urban Legend
TriStar Pictures,559,Urban Legend
Phoenix Pictures,11317,Urban Legend
Canal+ Droits Audiovisuels,53473,Urban Legend
[],[],Good Deeds
Walt Disney Pictures,2,White Fang
Silver Screen Partners IV,10282,White Fang
Hybrid Productions Inc.,12608,White Fang
UK Film Council,2452,The Iron Lady
Canal+,5358,The Iron Lady
DJ Films,5654,The Iron Lady
CinéCinéma,6301,The Iron Lady
Pathé,7981,The Iron Lady
Film4,9349,The Iron Lady
Goldcrest Pictures,11843,The Iron Lady
Yuk Films,19749,The Iron Lady
Big Idea Productions,3204,Jonah: A VeggieTales Movie
Columbia Pictures,5,Poetic Justice
New Line Cinema,12,All About the Benjamins
Paramount Pictures,4,Vampire in Brooklyn
Warner Bros.,6194,Exorcist II: The Heretic
Media Pro Pictures,3244,An American Haunting
Allan Zeman Productions,3533,An American Haunting
After Dark Films,3608,An American Haunting
Remstar Productions,4298,An American Haunting
Sweetpea Entertainment,8933,An American Haunting
Redbus Pictures,20451,An American Haunting
Midsummer Films,22705,An American Haunting
Dimension Films,7405,My Boss's Daughter
Davis Entertainment,1302,A Perfect Getaway
Relativity Media,7295,A Perfect Getaway
Rogue,8853,A Perfect Getaway
QED International,11029,A Perfect Getaway
Tooley Productions,22539,A Perfect Getaway
Fox Searchlight Pictures,43,Our Family Wedding
Dune Entertainment,444,Our Family Wedding
Sneak Preview Entertainment,1975,Our Family Wedding
Pointe Studios,55015,Our Family Wedding
Paramount Pictures,4,Dead Man on Campus
MTV Films,746,Dead Man on Campus
Paramount Pictures,4,Thinner
Spelling Films,10355,Thinner
United Artists,60,"New York, New York"
Chartoff-Winkler Productions,12252,"New York, New York"
Universal Pictures,33,Crooklyn
40 Acres & A Mule Filmworks,4319,Crooklyn
Fox Searchlight Pictures,43,I Think I Love My Wife
Franchise Pictures,1403,The Caveman's Valentine
Focus Features,10146,The Caveman's Valentine
Jersey Shore,37497,The Caveman's Valentine
New Line Cinema,12,Jason X
Sean S. Cunningham Films,17611,Jason X
Crystal Lake Entertainment,21783,Jason X
The Weinstein Company,308,Bobby
Bold Films,2266,Bobby
Holly Wiersma Productions,21856,Bobby
Universal Studios,13,Head Over Heels
Paramount Pictures,4,Fun Size
Nickelodeon Movies,2348,Fun Size
Anonymous Content,10039,Fun Size
Fake Empire,13204,Fun Size
France 3 Cinéma,591,The Diving Bell and the Butterfly
The Kennedy/Marshall Company,862,The Diving Bell and the Butterfly
Pathé Renn Productions,866,The Diving Bell and the Butterfly
Banques Populaire Image 7,1997,The Diving Bell and the Butterfly
Canal+,5358,The Diving Bell and the Butterfly
CinéCinéma,6301,The Diving Bell and the Butterfly
C.R.R.A.V. Nord Pas de Calais,11433,The Diving Bell and the Butterfly
Région Nord-Pas-de-Calais,11434,The Diving Bell and the Butterfly
New Line Cinema,12,Little Children
Standard Film Company,716,Little Children
Bona Fide Productions,2570,Little Children
Village Roadshow Pictures,79,Gossip
NPV Entertainment,172,Gossip
Warner Bros.,6194,Gossip
Outlaw Productions (I),19507,Gossip
Miramax Films,14,A Walk on the Moon
Village Roadshow Pictures,79,A Walk on the Moon
Groucho II Film Partnership,372,A Walk on the Moon
Punch 21 Productions,13158,A Walk on the Moon
Mirage Enterprises,932,Catch a Fire
Studio Canal,5870,Catch a Fire
Working Title Films,10163,Catch a Fire
[],[],Soul Survivors
Merchant Ivory Productions,2370,Jefferson in Paris
Touchstone Pictures,9195,Jefferson in Paris
C&P Productions,3989,The Funeral
BBC Films,288,Easy Virtue
Endgame Entertainment,1205,Easy Virtue
Ealing Studios,2650,Easy Virtue
Fragile Films,2651,Easy Virtue
Odyssey Entertainment,3539,Easy Virtue
Prescience,6901,Easy Virtue
Joe Abrams Productions,23068,Easy Virtue
Universal Pictures,33,Caravans
Ibex Films,26473,Caravans
FIDCI,26474,Caravans
Film4,9349,Mr. Turner
Lipsync Productions,9987,Mr. Turner
Thin Man Films,10100,Mr. Turner
Focus Features International (FFI),11267,Mr. Turner
France 3 Cinema,16804,Mr. Turner
Xofa Productions,45503,Mr. Turner
Untitled 13,47802,Mr. Turner
France 2 Cinéma,83,Wild Grass
BIM Distribuzione,225,Wild Grass
Centre National de la Cinématographie,310,Wild Grass
Eurimages,850,Wild Grass
Canal+,5358,Wild Grass
Studio Canal,5870,Wild Grass
TPS Star,6586,Wild Grass
Région Ile-de-France,11246,Wild Grass
F Comme Film,11778,Wild Grass
Cinémage 3,11944,Wild Grass
Renn Productions,82,Amen.
TF1 Films Production,3823,Amen.
Canal+,5358,Amen.
K.G Productions,13837,Amen.
KC Medien,22182,Amen.
Katharina,22370,Amen.
Lion Rock Productions,2812,Reign of Assassins
Media Asia Films,5552,Reign of Assassins
Beijing Gallop Horse Film & TV Production,15866,Reign of Assassins
Lumiere Motion Picture Company,21488,Reign of Assassins
Beijing Heguchuan TV & Film,21489,Reign of Assassins
Stellar Entertainment,21490,Reign of Assassins
[],[],The Lucky Ones
Fox Searchlight Pictures,43,Margaret
Scott Rudin Productions,258,Margaret
Mirage Enterprises,932,Margaret
Gilbert Films,10161,Margaret
Insight Productions,4271,Stan Helsing
Reiner / Greisman Productions,86256,Flipped
River Road Entertainment,1246,Brokeback Mountain
Alberta Film Entertainment,3997,Brokeback Mountain
Focus Features,10146,Brokeback Mountain
Good Machine,10565,Brokeback Mountain
Rainforest Films,1309,Think Like a Man
Paramount Pictures,4,Clueless
Clear Blue Sky Productions,7449,Far from Heaven
Paramount Pictures,4,Hot Tub Time Machine 2
United Artists,60,Hot Tub Time Machine 2
Metro-Goldwyn-Mayer (MGM),8411,Hot Tub Time Machine 2
Fox Searchlight Pictures,43,Quills
Industry Entertainment,376,Quills
Walrus & Associates,8780,Quills
Hollywood Partners,30257,Quills
Charenton Productions,75937,Quills
Blueprint Pictures,2376,Seven Psychopaths
CBS Films,5490,Seven Psychopaths
British Film Institute (BFI),7281,Seven Psychopaths
Film4,9349,Seven Psychopaths
Relativity Media,7295,Act of Valor
Bandito Brothers,8403,Act of Valor
Degeto Film,986,Downfall
EOS Entertainment,2278,Downfall
Rai Cinema,2683,Downfall
Österreichischer Rundfunk (ORF),3391,Downfall
Constantin Film Produktion,5755,Downfall
Westdeutscher Rundfunk (WDR),7025,Downfall
Norddeutscher Rundfunk (NDR),7201,Downfall
Canal Plus,104,The Sea Inside
Sogecine,692,The Sea Inside
Himenóptero,784,The Sea Inside
Eurimages,850,The Sea Inside
Televisión Española (TVE),6639,The Sea Inside
Union Générale Cinématographique (UGC),7248,The Sea Inside
Televisión de Galicia (TVG) S.A.,10050,The Sea Inside
Ministerio de Cultura,11408,The Sea Inside
Sogepaq,11955,The Sea Inside
Eyescreen S.r.l.,12012,The Sea Inside
Filmanova,28812,The Sea Inside
Scottish Screen,698,Under the Skin
UK Film Council,2452,Under the Skin
FilmNation Entertainment,7493,Under the Skin
Nick Wechsler Productions,8073,Under the Skin
Creative Scotland,8087,Under the Skin
British Film Institute,8092,Under the Skin
Film4,9349,Under the Skin
Silver Reel,12075,Under the Skin
JW Films,27543,Under the Skin
A24,41077,Under the Skin
Silver Screen Partners III,554,"Good Morning, Vietnam"
Touchstone Pictures,9195,"Good Morning, Vietnam"
[],[],The Last Godfather
Summit Entertainment,491,Step Up
Offspring Entertainment,2378,Step Up
Touchstone Pictures,9195,Step Up
Eketahuna LLC,74192,Step Up
Insurge Pictures,7377,Justin Bieber: Never Say Never
Magical Elves Productions,7378,Justin Bieber: Never Say Never
Scooter Braun Films,7379,Justin Bieber: Never Say Never
Fox Searchlight Pictures,43,Black Swan
Dune Entertainment,444,Black Swan
Protozoa Pictures,7503,Black Swan
Cross Creek Pictures,10246,Black Swan
Paramount Pictures,4,The Godfather: Part II
The Coppola Company,536,The Godfather: Part II
MTV Films,746,Save the Last Dance
Cort/Madden Productions,53673,Save the Last Dance
New Line Cinema,12,A Nightmare on Elm Street 4: The Dream Master
TriStar Pictures,559,Baby Geniuses
Crystal Sky Worldwide,4077,Baby Geniuses
Triumph,4078,Baby Geniuses
TriStar Pictures,559,Miracles from Heaven
Sony Pictures Entertainment,5752,Miracles from Heaven
Twentieth Century Fox Film Corporation,306,"Dude, Where’s My Car?"
Alcon Entertainment,1088,"Dude, Where’s My Car?"
Twentieth Century Fox Film Corporation,306,Young Guns
Morgan Creek Productions,10210,Young Guns
The Weinstein Company,308,St. Vincent
Crescendo Productions,3314,St. Vincent
Chernin Entertainment,7076,St. Vincent
Goldenlight Films,15855,St. Vincent
"Screen Gems, Inc.",127,About Last Night
Rainforest Films,1309,About Last Night
Olive Bridge Entertainment,7291,About Last Night
Mad Chance,1757,10 Things I Hate About You
Jaret Entertainment,1783,10 Things I Hate About You
Touchstone Pictures,9195,10 Things I Hate About You
Revolution Studios,497,The New Guy
Frontier Pictures,11837,The New Guy
Bedlam Pictures,51753,The New Guy
New Line Cinema,12,National Lampoon's Loaded Weapon 1
Columbia Pictures,5,The Shallows
Ombra Films,23513,The Shallows
Weimaraner Republic Pictures,67069,The Shallows
New Line Cinema,12,The Butterfly Effect
FilmEngine,816,The Butterfly Effect
Katalyst Films,817,The Butterfly Effect
BenderSpink,6363,The Butterfly Effect
Province of British Columbia Production Services Tax Credit,12200,The Butterfly Effect
Paramount Pictures,4,Snow Day
Nickelodeon Movies,2348,Snow Day
Screen Gems,3287,This Christmas
Relativity Media,7295,21 & Over
Virgin Produced,8852,21 & Over
Mandeville Films,10227,21 & Over
SkyLand Entertainment,52337,21 & Over
TriStar Pictures,559,The Big Hit
Paramount Pictures,4,Harriet the Spy
Rastar Pictures,2070,Harriet the Spy
Nickelodeon Movies,2348,Harriet the Spy
Universal Pictures,33,Child's Play 2
Will Packer Productions,49968,No Good Deed
Darkwoods Productions,3982,The Mist
Dimension Films,7405,The Mist
DNA Films,284,Ex Machina
Universal Pictures International (UPI),5726,Ex Machina
Film4,9349,Ex Machina
A24,41077,Ex Machina
Paramount Pictures,4,Beavis and Butt-Head Do America
Geffen Pictures,360,Beavis and Butt-Head Do America
MTV Films,746,Beavis and Butt-Head Do America
Gramercy Pictures,37,Being John Malkovich
Propaganda Films,278,Being John Malkovich
Single Cell Pictures,279,Being John Malkovich
Screen Gems,3287,Two Can Play That Game
Walt Disney Studios Motion Pictures,3036,Earth to Echo
Panay Films,10426,Earth to Echo
Touchstone Pictures,9195,Crazy/Beautiful
Ufland,12548,Crazy/Beautiful
DreamWorks SKG,27,Letters from Iwo Jima
Amblin Entertainment,56,Letters from Iwo Jima
Malpaso Productions,171,Letters from Iwo Jima
Warner Bros.,6194,Letters from Iwo Jima
Walt Disney Pictures,2,Teacher's Pet
Walt Disney Television Animation,3475,Teacher's Pet
Polish Brothers Construction,1861,The Astronaut Farmer
New Line Cinema,12,Woo
New Deal Productions,1947,Woo
Gotham Entertainment Group,39288,Woo
Téléfilm Canada,806,Room
Film 4,2335,Room
Element Pictures,3353,Room
Irish Film Board,5267,Room
FilmNation Entertainment,7493,Room
No Trace Camping,35846,Room
A24,41077,Room
Elevation Pictures,82552,Room
Robert Simonds Productions,3929,Dirty Work
Metro-Goldwyn-Mayer (MGM),8411,Dirty Work
Savoy Pictures,11308,Serial Mom
Polar Entertainment,17411,Serial Mom
Filmazure,1031,"Paris, je t'aime"
Pirol Stiftung,1032,"Paris, je t'aime"
Victoires International,1033,"Paris, je t'aime"
Columbia Pictures,5,Dick
[],[],Light It Up
Redeemable Features,1483,54
FilmColony,1811,54
Miramax,53009,54
Dollface,61337,54
Touchstone Pictures,9195,Bubble Boy
HAL Films,931,Birthday Girl
Mirage Enterprises,932,Birthday Girl
Film4,9349,Birthday Girl
Battleplan Productions,2108,Resurrecting the Champ
Yari Film Group,2448,Resurrecting the Champ
Alberta Film Entertainment,3997,Resurrecting the Champ
Phoenix Pictures,11317,Resurrecting the Champ
Focus Features,10146,Admission
Cinémaginaire Inc.,280,The Widow of Saint-Pierre
Epithete films,6982,The Widow of Saint-Pierre
France2 Cinéma,7089,The Widow of Saint-Pierre
StudioCanal,694,Chloe
"Montecito Picture Company, The",4607,Chloe
Outpost Studios,25886,Chloe
Revolution Films,163,The Claim
Arts Council of England,718,The Claim
Alliance Atlantis Communications,803,The Claim
Pathé Pictures International,1178,The Claim
Canal+,5358,The Claim
British Broadcasting Corporation (BBC),15278,The Claim
Grosvenor Park Productions,17449,The Claim
DB Entertainment,18335,The Claim
New Line Cinema,12,Faithful
Miramax Films,14,Faithful
Yari Film Group,2448,Find Me Guilty
Summit Entertainment,491,The Perks of Being a Wallflower
Mr. Mudd Production,2130,The Perks of Being a Wallflower
New Line Cinema,12,Excessive Force
Ian Page Productions,7708,Excessive Force
3 Arts Entertainment,36390,Excessive Force
Killer Films,1422,Infamous
Longfellow Pictures,8802,Infamous
Warner Independent Pictures (WIP),11509,Infamous
Jack and Henry Productions Inc.,33617,Infamous
Lakeshore Entertainment,126,The Vatican Tapes
Lionsgate,1632,The Vatican Tapes
H2F Entertainment,20851,The Vatican Tapes
Pantelion Films,58399,The Vatican Tapes
FilmDistrict,7263,In the Land of Blood and Honey
TriStar Pictures,559,The Call
WWE Studios,10339,The Call
Troika Pictures,15462,The Call
Emergency Films,15463,The Call
Apotheosis Media Group,15464,The Call
Amasia Entertainment,15465,The Call
Taewon Entertainment,3965,Operation Chromite
Cheyenne Enterprises,890,The Crocodile Hunter: Collision Course
Discovery Channel Pictures,7492,The Crocodile Hunter: Collision Course
Metro-Goldwyn-Mayer (MGM),8411,The Crocodile Hunter: Collision Course
J&M Entertainment,12474,The Crocodile Hunter: Collision Course
Animal Planet,63105,The Crocodile Hunter: Collision Course
Winchester Films,68063,The Crocodile Hunter: Collision Course
"Best Picture Show Company, The",68064,The Crocodile Hunter: Collision Course
Blackfriars Bridge Films,2087,Crash
Yari Film Group,2448,Crash
Bob Yari Productions,12260,Crash
ApolloProScreen Filmproduktion,19528,Crash
Bull's Eye Entertainment,25432,Crash
DEJ Productions,25433,Crash
Harris Company,25434,Crash
EuropaCorp,6896,I Love You Phillip Morris
Belstar Productions,999,Quest for Fire
Stéphan Films,2359,Quest for Fire
Fox Searchlight Pictures,43,Antwone Fisher
Mundy Lane Entertainment,2510,Antwone Fisher
Universal Pictures,33,The Emperor's Club
Davis-Films,342,True Romance
August Entertainment,3322,True Romance
Warner Bros.,6194,True Romance
Morgan Creek Productions,10210,True Romance
[],[],Blood Done Sign My Name
Razor Film Produktion GmbH,703,Womb
New Line Cinema,12,Glengarry Glen Ross
GGR,67780,Glengarry Glen Ross
Zupnik Cinema Group II,67781,Glengarry Glen Ross
Revolution Films,163,The Killer Inside Me
Indion Entertainment Group,3572,The Killer Inside Me
Universal Pictures,33,Cat People
RKO Pictures,4361,Cat People
Summit Entertainment,491,Sorority Row
Karz Entertainment,4194,Sorority Row
Island Pictures,3492,Def Jam's How to Be a Player
Def Pictures,38799,Def Jam's How to Be a Player
United Artists,60,The Prisoner of Zenda
Selznick International Pictures,1553,The Prisoner of Zenda
Sidney Kimmel Entertainment,737,Lars and the Real Girl
Metro-Goldwyn-Mayer (MGM),8411,Lars and the Real Girl
Lars Productions,19731,Lars and the Real Girl
Miramax Films,14,The Boy in the Striped Pyjamas
BBC Films,288,The Boy in the Striped Pyjamas
Heyday Films,7364,The Boy in the Striped Pyjamas
Fine Line Features,8,Dancer in the Dark
Zentropa Entertainments,76,Dancer in the Dark
Danmarks Radio (DR),119,Dancer in the Dark
SVT Drama,157,Dancer in the Dark
Arte,201,Dancer in the Dark
Memfis Film,321,Dancer in the Dark
France 3 Cinéma,591,Dancer in the Dark
Angel films,2996,Dancer in the Dark
TV 1000,4524,Dancer in the Dark
Canal+,5358,Dancer in the Dark
Constantin Film Produktion,5755,Dancer in the Dark
Yleisradio (YLE),5975,Dancer in the Dark
Arte France Cinéma,6916,Dancer in the Dark
Westdeutscher Rundfunk (WDR),7025,Dancer in the Dark
Blind Spot Pictures Oy,7330,Dancer in the Dark
Vrijzinnig Protestantse Radio Omroep (VPRO),8659,Dancer in the Dark
Film4,9349,Dancer in the Dark
Liberator Productions,11239,Dancer in the Dark
Icelandic Film,14937,Dancer in the Dark
Film i Väst,17513,Dancer in the Dark
Pain Unlimited GmbH Filmproduktion,30268,Dancer in the Dark
Trust Film Svenska,53667,Dancer in the Dark
Cinematograph A/S,53668,Dancer in the Dark
What Else? B.V,53669,Dancer in the Dark
Filmek A/S,53670,Dancer in the Dark
Lantia Cinema & Audiovisivi,53671,Dancer in the Dark
Fox Searchlight Pictures,43,Oscar and Lucinda
Australian Film Finance Corporation (AFFC),8724,Oscar and Lucinda
Dalton Films,39711,Oscar and Lucinda
Smartest Man Productions,10226,Solitary Man
Millennium Films,10254,Solitary Man
Paul Schiff Productions,23596,Solitary Man
Dune Entertainment,444,Machete
Dune Entertainment III,6332,Machete
Troublemaker Studios,10807,Machete
Overnight Films,10808,Machete
An Olive Branch Productions,8689,Casino Jack
Rollercoaster Entertainment,8690,Casino Jack
Vortex Words Pictures,8691,Casino Jack
Hannibal Pictures,8692,Casino Jack
Trigger Street Productions,11801,Casino Jack
Bagman (2009),36028,Casino Jack
MCG,36029,Casino Jack
Lucasfilm,1,The Land Before Time
Universal Pictures,33,The Land Before Time
Amblin Entertainment,56,The Land Before Time
Sullivan Bluth Studios,6422,The Land Before Time
U-Drive Productions,20448,The Land Before Time
Universal City Studios,69627,The Land Before Time
Showbox Entertainment,11420,Tae Guk Gi: The Brotherhood of War
HighRoad Entertainment,19901,The Perfect Game
Prelude Pictures,19902,The Perfect Game
Lone Runner Entertainment,19903,The Perfect Game
Kenio Films,19904,The Perfect Game
"Perfect Game, The",19905,The Perfect Game
Warner Bros.,6194,The Exorcist
Hoya Productions,48184,The Exorcist
Universal Pictures,33,Jaws
Zanuck/Brown Productions,1865,Jaws
Universal Pictures,33,American Pie
Summit Entertainment,491,American Pie
Newmarket Capital Group,506,American Pie
Zide-Perry Productions,3169,American Pie
StudioCanal,694,Ernest & Celestine
La Parti Productions,2675,Ernest & Celestine
Les Armateurs,6973,Ernest & Celestine
Melusine Productions,13351,Ernest & Celestine
Maybe Movies,27350,Ernest & Celestine
Gkids,32853,Ernest & Celestine
Paramount Pictures,4,The Golden Child
Metro-Goldwyn-Mayer (MGM),8411,Barbershop
Paramount Pictures,4,Star Trek II: The Wrath of Khan
Warner Bros.,6194,Ace Ventura: Pet Detective
Morgan Creek Productions,10210,Ace Ventura: Pet Detective
United Artists,60,WarGames
Sherwood Productions,8791,WarGames
Paramount Pictures,4,Witness
Miramax Films,14,Jackie Brown
New Line Cinema,12,Harold & Kumar Escape from Guantanamo Bay
Twentieth Century Fox Film Corporation,306,Chronicle
Dune Entertainment,444,Chronicle
Davis Entertainment,1302,Chronicle
Adam Schroeder Productions,43394,Chronicle
United Artists,60,Yentl
Barwood Films,3645,Yentl
Ladbroke,8845,Yentl
Handmade Films Ltd.,146,Time Bandits
Paramount Pictures,4,Crossroads
MTV Films,746,Crossroads
Silver Pictures,1885,Project X
Green Hat Films,3527,Project X
Twentieth Century Fox Film Corporation,306,Patton
Fox Searchlight Pictures,43,One Hour Photo
Catch 23 Entertainment,7053,One Hour Photo
Vertigo Entertainment,829,Quarantine
Screen Gems,3287,Quarantine
Andale Pictures,22791,Quarantine
Paramount Vantage,838,The Eye
VN Productions,4622,The Eye
Fox Searchlight Pictures,43,Johnson Family Vacation
Bird and a Bear Entertainment,4342,Johnson Family Vacation
Hallway Pictures,11051,Johnson Family Vacation
Catch Productions,11052,Johnson Family Vacation
Universal Pictures,33,How High
Jersey Films,216,How High
Native Pictures Productions,45689,How High
Walt Disney Pictures,2,The Muppet Christmas Carol
"Jim Henson Company, The",6254,The Muppet Christmas Carol
Miramax Films,14,Frida
Lions Gate Films,35,Frida
Ventanarosa Productions,689,Frida
Handprint Entertainment,690,Frida
Paramount Pictures,4,Katy Perry: Part of Me
Imagine Entertainment,23,Katy Perry: Part of Me
MTV Films,746,Katy Perry: Part of Me
Insurge Pictures,7377,Katy Perry: Part of Me
Fox 2000 Pictures,711,The Fault in Our Stars
Temple Hill Entertainment,12292,The Fault in Our Stars
TSG Entertainment,22213,The Fault in Our Stars
Miramax Films,14,Rounders
Spanky Pictures,1566,Rounders
Paramount Pictures,4,Top Five
IAC Film,10351,Top Five
Jax Media,24021,Top Five
Paramount Pictures,4,Prophecy
Artisan Entertainment,2188,Stir of Echoes
Radiant Film GmbH,209,Das Boot
Süddeutscher Rundfunk,210,Das Boot
Bavaria Film,1704,Das Boot
Westdeutscher Rundfunk (WDR),7025,Das Boot
Twin Bros. Productions,11344,Das Boot
BBC Films,288,Philomena
The Weinstein Company,308,Philomena
Baby Cow Productions,1219,Philomena
Pathé,7981,Philomena
Yucaipa Films,12005,Philomena
Magnolia Mae Films,18188,Philomena
New Line Cinema,12,The Upside of Anger
Producers Circle,734,The Boys from Brazil
Incorporated Television Company,1155,The Boys from Brazil
Fox 2000 Pictures,711,Aquamarine
Storefront Pictures,7747,Aquamarine
Universal Pictures,33,E.T. the Extra-Terrestrial
Amblin Entertainment,56,E.T. the Extra-Terrestrial
Fox 2000 Pictures,711,Paper Towns
[],[],My Baby's Daddy
Paramount Vantage,838,Nebraska
Bona Fide Productions,2570,Nebraska
Universal Pictures,33,Tales from the Crypt: Demon Knight
Tales From The Crypt Holdings,69626,Tales from the Crypt: Demon Knight
Walt Disney Pictures,2,Max Keeble's Big Move
Karz Entertainment,4194,Max Keeble's Big Move
Paramount Pictures,4,Young Adult
Denver and Delilah Productions,3574,Young Adult
Indian Paintbrush,9350,Young Adult
Lions Gate Films,35,Crank
Lakeshore Entertainment,126,Crank
GreeneStreet Films,2152,Crank
Radical Media,11152,Crank
New Line Cinema,12,Living Out Loud
Jersey Films,216,Living Out Loud
Fox Searchlight Pictures,43,Just Wright
Dune Entertainment,444,Just Wright
Flavor Unit Entertainment,5677,Just Wright
Clinica Estetico,1274,Rachel Getting Married
Lorimar Film Entertainment,1176,The Postman Always Rings Twice
CIP Filmproduktion GmbH,14309,The Postman Always Rings Twice
Northstar International,21541,The Postman Always Rings Twice
Wild Bear Films,1470,Girl with a Pearl Earring
Archer Street Productions,1471,Girl with a Pearl Earring
Delux Productions,1472,Girl with a Pearl Earring
Touchstone Pictures,9195,Sorority Boys
Working Title Films,10163,About Time
Translux,14384,About Time
Beijing New Picture Film Co. Ltd.,724,House of Flying Daggers
Lionsgate,1632,Arbitrage
Artina Films,2394,Arbitrage
Lucky Monkey Pictures,11093,Arbitrage
Green Room Films,12501,Arbitrage
Treehouse Pictures,14580,Arbitrage
Alvernia Studios,24930,Arbitrage
LB Productions,24933,Arbitrage
Parlay Films,24934,Arbitrage
Paramount Pictures,4,Project Almanac
MTV Films,746,Project Almanac
Platinum Dunes,2481,Project Almanac
Insurge Pictures,7377,Project Almanac
Parkwood Entertainment,21435,Cadillac Records
Universal Pictures,33,Screwed
Robert Simonds Productions,3929,Screwed
Village Roadshow Pictures,79,Fortress
Davis Entertainment,1302,Fortress
Fortress Films,19047,Fortress
Shangri-La Entertainment,2265,For Your Consideration
Sweetland Films,21716,Celebrity
Magnolia Productions,21717,Celebrity
TriStar Pictures,559,Running with Scissors
19 Entertainment,20877,From Justin to Kelly
John Wells Productions,1512,Motherhood
Fox Searchlight Pictures,43,Girl 6
40 Acres & A Mule Filmworks,4319,Girl 6
Pathe Productions,21126,In the Cut
Red Turtle,21128,In the Cut
2929 Productions,846,Two Lovers
Wild Bunch,856,Two Lovers
Tempesta Films,4384,Two Lovers
Scala Productions,1261,Last Orders
MBP (Germany),10791,Last Orders
Future Films,10843,Last Orders
winchester films,33025,Last Orders
Cineclick Asia,685,The Host
Happinet Pictures,822,The Host
Cheongeoram,945,The Host
CJ Capital Investment,946,The Host
[],[],The Pursuit of D.B. Cooper
Twentieth Century Fox Film Corporation,306,Ravenous
Fox 2000 Pictures,711,Ravenous
ETIC Films,2979,Ravenous
Heyday Films,7364,Ravenous
Engulf & Devour Productions Inc.,25820,Ravenous
Metro-Goldwyn-Mayer (MGM),8411,Charlie Bartlett
France 2 Cinéma,83,The Great Beauty
Indigo Film,1533,The Great Beauty
Mediaset,1677,The Great Beauty
Babe Films,3366,The Great Beauty
Canal+,5358,The Great Beauty
Medusa Film,6246,The Great Beauty
Pathé,7981,The Great Beauty
Fonds Eurimages du Conseil de l'Europe,11011,The Great Beauty
Programme MEDIA de la Communauté Européenne,11248,The Great Beauty
France Télévisions,11795,The Great Beauty
Regione Lazio,20416,The Great Beauty
Banca Popolare di Vicenza,20418,The Great Beauty
Lazio Film Commission,20419,The Great Beauty
Biscottificio Verona,20420,The Great Beauty
Egg Pictures,802,The Dangerous Lives of Altar Boys
Trilogy Entertainment Group,2231,The Dangerous Lives of Altar Boys
Initial Entertainment Group (IEG),7380,The Dangerous Lives of Altar Boys
Fox Searchlight Pictures,43,Stoker
Scott Free Productions,1645,Stoker
Indian Paintbrush,9350,Stoker
Paradis Films,255,2046
Orly Films,354,2046
Shanghai Film Group Corporation,19858,2046
Jet Tone Films,26492,2046
Sidney Kimmel Entertainment,737,Married Life
Firm Films,1838,Married Life
Anonymous Content,10039,Married Life
John Wells Productions,1512,Duma
Pandora Pictures,5329,Duma
Gaylord Films,5367,Duma
Warner Bros.,6194,Duma
Octagon Films,1266,Ondine
Irish Film Board,5267,Ondine
Wayfare Entertainment,5703,Ondine
Little Wave Productions,5704,Ondine
Start Motion Pictures,19961,Ondine
Radio Telefís Éireann (RTÉ),40605,Ondine
Bandai Visual Company,528,Brother
Office Kitano,567,Brother
Tokyo FM Broadcasting Co.,6516,Brother
Recorded Picture Company (RPC),11561,Brother
Fuzzy Bunny Films (I),11562,Brother
Little Brother Inc.,11563,Brother
Palpable Productions,2893,The Blue Butterfly
Galafilm Productions,20465,The Blue Butterfly
Global Arts Productions,20466,The Blue Butterfly
Section Eight,129,Welcome to Collinwood
Pandora Cinema,185,Welcome to Collinwood
Gaylord Films,5367,Welcome to Collinwood
Warner Bros.,6194,Welcome to Collinwood
H5B5 Media AG,21625,Welcome to Collinwood
Live Entertainment,285,Critical Care
Mediaworks,12451,Critical Care
ASQA Film Partnership,44419,Critical Care
2929 Productions,846,The Life Before Her Eyes
Kasdan Pictures,13040,Darling Companion
Werc Werk Works,53303,Darling Companion
Centropolis Film Productions,620,Trade
[],[],Fateless
Hollywood Pictures,915,Breakfast of Champions
Beijing New Picture Film Co. Ltd.,724,"A Woman, a Gun and a Noodle Shop"
Film Partner International,5946,"A Woman, a Gun and a Noodle Shop"
Miramax Films,14,Cypher
Pandora Cinema,185,Cypher
Orion Pictures,41,Bill & Ted's Excellent Adventure
Media Asia Films,5552,City of Life and Death
China Film Group Corporation (CFGC),14714,City of Life and Death
Stellar Megamedia,26240,City of Life and Death
Jiangsu Broadcasting System,26241,City of Life and Death
Chuan Production Film Studio,26242,City of Life and Death
[],[],Legend of a Rabbit
Tokyo Broadcasting System (TBS),1393,Space Battleship Yamato
Mainichi Broadcasting System (MBS),3363,Space Battleship Yamato
Sedic,4649,Space Battleship Yamato
Tokyo FM Broadcasting Co.,6516,Space Battleship Yamato
Hokkaido Broadcasting Co.,7093,Space Battleship Yamato
Sedic International,7912,Space Battleship Yamato
Shogakukan,9149,Space Battleship Yamato
Hakuhodo DY Media Partners,11846,Space Battleship Yamato
Abe Shuji,12383,Space Battleship Yamato
Chubu-nippon Broadcasting Company (CBC),12384,Space Battleship Yamato
RKB Mainichi Broadcasting Corporation,12385,Space Battleship Yamato
Robot Communications,12386,Space Battleship Yamato
Tohokushinsha Film,12387,Space Battleship Yamato
Midnight Sun Pictures,17887,5 Days of War
Dispictures,24262,5 Days of War
Georgia International Films,24264,5 Days of War
Rex Media,24266,5 Days of War
Dan Films,1854,Triangle
UK Film Council,2452,Triangle
Pictures in Paradise,3207,Triangle
Pacific Film and Television Commission,4024,Triangle
Icon Entertainment International,4564,Triangle
Framestore,13502,Triangle
Triangle Films,80386,Triangle
[],[],10 Days in a Madhouse
TriStar Pictures,559,Heaven is for Real
Screen Gems,3287,Heaven is for Real
Roth Films,16314,Heaven is for Real
Columbia Pictures Corporation,441,Snatch
Screen Gems,3287,Snatch
SKA Films,13419,Snatch
[],[],Dancin' It's On
Paramount Pictures,4,Pet Sematary
Tokuma Shoten,1779,Madadayo
Kurosawa Production Co.,2680,Madadayo
DENTSU Music And Entertainment,2752,Madadayo
Daiei Motion Picture Company,3214,Madadayo
MACT Productions,393,The Cry of the Owl
Myriad Pictures,738,The Cry of the Owl
Sienna Films,23486,The Cry of the Owl
Studio Hamburg International Production (SHIP),23487,The Cry of the Owl
Huayi Brothers,3393,A Tale of Three Cities
Film Workshop,3618,A Tale of Three Cities
Edko Films,10284,A Tale of Three Cities
Amblin Entertainment,56,Gremlins
Warner Bros.,6194,Gremlins
Paramount Pictures,4,Jackass Number Two
Lucasfilm,1,Star Wars
Twentieth Century Fox Film Corporation,306,Star Wars
Lionsgate,1632,Dirty Grandpa
Josephson Entertainment,1894,Dirty Grandpa
QED International,11029,Dirty Grandpa
Ninjas Runnin' Wild Productions,28200,Dirty Grandpa
Covert Media,73666,Dirty Grandpa
BillBlock Media,90185,Dirty Grandpa
Metro-Goldwyn-Mayer (MGM),8411,Doctor Zhivago
O2 Filmes,345,Trash
Working Title Films,10163,Trash
PeaPie Films,32243,Trash
Walt Disney Pictures,2,High School Musical 3: Senior Year
Paramount Pictures,4,The Fighter
Twentieth Century Fox Film Corporation,306,My Cousin Vinny
Palo Vista Productions,89303,My Cousin Vinny
Peter V. Miller Investment Corp.,89304,My Cousin Vinny
New Line Cinema,12,If I Stay
Metro-Goldwyn-Mayer (MGM),8411,If I Stay
Odyssey Media,17161,Drive Hard
Silver Wings Films,24032,Drive Hard
Paramount Pictures,4,Major League
Mirage Enterprises,932,Major League
Ealing Studios,2650,St. Trinian's
Fragile Films,2651,St. Trinian's
Entertainment Film Distributors,23164,St. Trinian's
Fox 2000 Pictures,711,Phone Booth
DiNovi Pictures,813,A Walk to Remember
Pandora Pictures,5329,A Walk to Remember
Gaylord Films,5367,A Walk to Remember
Warner Bros.,6194,A Walk to Remember
Havoc,406,Dead Man Walking
PolyGram Filmed Entertainment,1382,Dead Man Walking
Working Title Films,10163,Dead Man Walking
Columbia Pictures,5,Cruel Intentions
Cruel Productions,505,Cruel Intentions
Newmarket Capital Group,506,Cruel Intentions
Lionsgate,1632,Saw VI
Twisted Pictures,2061,Saw VI
Wildgaze Films,1508,Brooklyn
Irish Film Board,5267,Brooklyn
Item 7,7177,Brooklyn
Parallel Film Productions,16486,Brooklyn
Twentieth Century Fox Film Corporation,306,History of the World: Part I
Brooksfilms,5612,History of the World: Part I
Fox Searchlight Pictures,43,The Secret Life of Bees
Donners' Company,431,The Secret Life of Bees
Dune Entertainment III,6332,The Secret Life of Bees
Overbrook Entertainment,12485,The Secret Life of Bees
Robert Simonds Productions,3929,Corky Romano
Touchstone Pictures,9195,Corky Romano
Universal Pictures,33,Raising Cain
Pacific Western,1280,Raising Cain
United Artists,60,F.I.S.T.
chateau productions,4880,F.I.S.T.
Cannon Pictures,16337,Invaders from Mars
Hawk Films,88,Barry Lyndon
Warner Bros.,6194,Barry Lyndon
Peregrine,11272,Barry Lyndon
Spyglass Entertainment,158,Out Cold
Donners' Company,431,Out Cold
Epsilon Motion Pictures,1171,Out Cold
Touchstone Pictures,9195,Out Cold
SNL Studios,2822,The Ladies Man
BBC Films,288,Quartet
Headline Pictures,13151,Quartet
Columbia Pictures,5,Tomcats
Revolution Studios,497,Tomcats
Cinerenta Medienbeteiligungs KG,995,Frailty
American Entertainment Partners L.P.,5264,Frailty
David Kirschner Productions,11050,Frailty
BBC Films,288,Woman in Gold
Origin Pictures,8088,Woman in Gold
Fox Searchlight Pictures,43,Kinsey
American Zoetrope,70,Kinsey
Myriad Pictures,738,Kinsey
Qwerty Films,892,Kinsey
N1 European Film Produktions GmbH & Co. KG,8874,Kinsey
Pretty Pictures,8875,Kinsey
Universal Pictures,33,Army of Darkness
Renaissance Pictures,467,Army of Darkness
Metro-Goldwyn-Mayer (MGM),8411,Army of Darkness
Dino De Laurentiis Company,10308,Army of Darkness
Sony Pictures,34,Slackers
Screen Gems,3287,Slackers
Paramount Pictures,4,What's Eating Gilbert Grape
Gospel of John Ltd.,10167,The Visual Bible: The Gospel of John
Toronto Film Studios,10168,The Visual Bible: The Gospel of John
Visual Bible International,10169,The Visual Bible: The Gospel of John
Ingenious Film Partners,289,Vera Drake
Les Films Alain Sarde,635,Vera Drake
UK Film Council,2452,Vera Drake
Inside Track 1,8763,Vera Drake
Thin Man Films,10100,Vera Drake
National Lottery through UK Film Council,20456,Vera Drake
Inside Track Productions,52723,Vera Drake
Film Council Premiere Fund,52724,Vera Drake
Untitled 03,52725,Vera Drake
Universal Pictures,33,The Guru
Studio Canal,5870,The Guru
"Samuel Goldwyn Company, The",28205,The Perez Family
FilmEngine,816,O
Chickie The Cop Production,15700,O
Daniel Fried Productions,53732,O
Rhulen Entertainment,53733,O
Columbia Pictures Corporation,441,Return to the Blue Lagoon
Paramount Pictures,4,The Molly Maguires
Tamm Productions,64771,The Molly Maguires
United Artists,60,Romance & Cigarettes
Lakeshore Entertainment,126,The Boy
Vertigo Entertainment,829,The Boy
Diamond Films,2912,The Boy
Showtime Networks,18880,The Boy
STX Entertainment,47729,The Boy
Sidney Kimmel Entertainment,737,Copying Beethoven
Anomaly Entertainment,739,Copying Beethoven
BBC Films,288,Brighton Rock
StudioCanal,694,Brighton Rock
UK Film Council,2452,Brighton Rock
Lionsgate,1632,Saw V
Twisted Pictures,2061,Saw V
Euro International Film (EIA),8930,Machine Gun McCain
Euroatlantica,11702,Machine Gun McCain
Double Feature Films,215,LOL
Mandate Pictures,771,LOL
PIC Agency,84637,LOL
Lol Productions,84638,LOL
Castle Rock Entertainment,97,In the Land of Women
Land Films Inc.,3323,In the Land of Women
Anonymous Content,10039,In the Land of Women
Australian Film Finance Corporation (AFFC),8724,Jindabyne
The New South Wales Film and Television Office,29052,Jindabyne
RGM Films,57625,Jindabyne
April Films,57626,Jindabyne
Red Chair Films,57627,Jindabyne
Babcock & Brown,57628,Jindabyne
The Australian Film Finance Corporation,57629,Jindabyne
Yash Raj Films,1569,Kabhi Alvida Naa Kehna
Dharma Productions,19146,Kabhi Alvida Naa Kehna
Miramax Films,14,An Ideal Husband
Pyramide Productions,186,An Ideal Husband
Qwerty Films,892,The Last Days on Mars
Irish Film Board,5267,The Last Days on Mars
Canal+,5358,The Last Days on Mars
British Film Institute (BFI),7281,The Last Days on Mars
Fantastic Films,18078,The Last Days on Mars
Vía Digital,357,Darkness
Filmax Entertainment,7302,Darkness
Dimension Films,7405,Darkness
Castelao Producciones,7956,Darkness
Stanley Kubrick Productions,385,2001: A Space Odyssey
Metro-Goldwyn-Mayer (MGM),8411,2001: A Space Odyssey
Nelson Entertainment,365,There Goes My Baby
[],[],Housefull
September Dawn,2987,September Dawn
Voice Pictures,2988,September Dawn
Black Diamond Pictures,73675,September Dawn
Dos Corazones,41537,For Greater Glory - The True Story of Cristiada
France 2 Cinéma,83,The Bélier Family
Mars Films,819,The Bélier Family
Nexus Factory,7561,The Bélier Family
Umedia,19037,The Bélier Family
Jerico,19491,The Bélier Family
Vendôme Production,23291,The Bélier Family
Quarante 12 Films,67186,The Bélier Family
Miramax Films,14,Good Will Hunting
Lawrence Bender Productions,2253,Good Will Hunting
Be Gentlemen Limited Partnership,23201,Good Will Hunting
Universal Pictures,33,Devil
Media Rights Capital,2531,Devil
Night Chronicles,6006,Devil
Relativity Media,7295,Devil
Lionsgate,1632,Misconduct
Mike and Marty Productions,59367,Misconduct
Lions Gate Films,35,Saw III
Twisted Pictures,2061,Saw III
Evolution Entertainment,23019,Saw III
Columbia Pictures Industries,5848,Stripes
Beacon Communications,919,Bring It On
Universal Pictures,33,The Purge: Election Year
Why Not Productions,729,The Purge: Election Year
Platinum Dunes,2481,The Purge: Election Year
Blumhouse Productions,3172,The Purge: Election Year
Alliance Films,2514,Sinister 2
Blumhouse Productions,3172,Sinister 2
IM Global,7437,Sinister 2
Automatik Entertainment,7625,Sinister 2
Entertainment One,8147,Sinister 2
Tank Caterpillar,69110,Sinister 2
Steady Aim,69111,Sinister 2
Miramax Films,14,She's All That
Tapestry Films,870,She's All That
FilmColony,1811,She's All That
Lions Gate Films,35,Saw IV
Twisted Pictures,2061,Saw IV
Universal Pictures,33,White Noise
Brightlight Pictures,1063,White Noise
Endgame Entertainment,1205,White Noise
The Movie Network (TMN),3388,White Noise
Canadian Film or Video Production Tax Credit (CPTC),8582,White Noise
Province of British Columbia Film Incentive BC,11567,White Noise
Corus,11573,White Noise
Gold Circle Films,12026,White Noise
White Noise UK Ltd.,55258,White Noise
Lions Gate Films,35,Madea's Family Reunion
Silver Screen Partners,514,The Color of Money
Touchstone Pictures,9195,The Color of Money
Twentieth Century Fox Film Corporation,306,The Longest Day
Darryl F. Zanuck Productions,13630,The Longest Day
Walt Disney,5888,The Mighty Ducks
Ghost House Pictures,768,The Grudge
Vertigo Entertainment,829,The Grudge
Senator International,830,The Grudge
Colombia Pictures,4154,The Grudge
Fellah Pictures,4710,The Grudge
Universal Pictures,33,Happy Gilmore
Brillstein-Grey Entertainment,1606,Happy Gilmore
Robert Simonds Productions,3929,Happy Gilmore
United Artists,60,Jeepers Creepers
American Zoetrope,70,Jeepers Creepers
Cinerenta Medienbeteiligungs KG,995,Jeepers Creepers
Cinerenta-Cinebeta,21784,Jeepers Creepers
VCL Communications,21785,Jeepers Creepers
Columbia Pictures Corporation,441,Body Double
Delphi II Productions,7585,Body Double
Columbia Pictures Corporation,441,Oliver!
Warwick Film Productions,1807,Oliver!
Romulus Films,3632,Oliver!
Participant Media,6735,The Best Exotic Marigold Hotel
Imagenation Abu Dhabi FZ,6736,The Best Exotic Marigold Hotel
Walt Disney Television Animation,3475,Recess: School's Out
Disney Toon Studio,4254,Recess: School's Out
Kennedy Miller Productions,2537,Mad Max Beyond Thunderdome
Twentieth Century Fox Film Corporation,306,Commando
SLM Production Group,396,Commando
Silver Pictures,1885,Commando
New Line Cinema,12,Friday After Next
Sony Pictures,34,Insidious: Chapter 3
TriStar Pictures,559,The Last Dragon
Motown Productions,2730,The Last Dragon
Delphi III Productions,3088,The Last Dragon
New Line Cinema,12,The Lawnmower Man
Allied Vision,5570,The Lawnmower Man
Columbia Pictures,5,Nick and Norah's Infinite Playlist
Mandate Pictures,771,Nick and Norah's Infinite Playlist
Depth of Field,1473,Nick and Norah's Infinite Playlist
Screen Gems,3287,Nick and Norah's Infinite Playlist
Lions Gate,6644,Dogma
View Askew Productions,16934,Dogma
Fox Searchlight Pictures,43,The Banger Sisters
Warner Bros.,6194,Twilight Zone: The Movie
United Artists,60,Road House
Star Partners II Ltd.,206,Road House
Silver Pictures,1885,Road House
Caravan Pictures,175,A Low Down Dirty Shame
Hollywood Pictures,915,A Low Down Dirty Shame
Twentieth Century Fox Film Corporation,306,Swimfan
Greenestreet Films,2150,Swimfan
Cobalt Media Group,18619,Swimfan
Furthur Films,33433,Swimfan
Forrest Films,89630,Swimfan
New Line Cinema,12,American History X
The Turman-Morrissey Company,924,American History X
Savoy Pictures,11308,American History X
Lionsgate,1632,Employee of the Month
Columbia Pictures,5,Can't Hardly Wait
American Zoetrope,70,The Outsiders
Warner Bros.,6194,The Outsiders
Walt Disney Pictures,2,Pete's Dragon
Walt Disney Studios Motion Pictures,3036,Pete's Dragon
Paramount Pictures,4,The Dead Zone
Lorimar Film Entertainment,1176,The Dead Zone
Dino De Laurentiis Company,10308,The Dead Zone
TriStar Pictures,559,Sparkle
Phoenix Pictures,11317,Sparkle
Stage 6 Films,11341,Sparkle
Akil Production Company,11466,Sparkle
Village Roadshow Pictures,79,Valentine
NPV Entertainment,172,Valentine
Warner Bros.,6194,Valentine
Universal Pictures,33,The Fourth Kind
Saga Film,859,The Fourth Kind
Focus Films,1268,The Fourth Kind
Gold Circle Films,12026,The Fourth Kind
Chambara Pictures,12234,The Fourth Kind
Dead Crow Productions,26082,The Fourth Kind
Fourth Kind Productions,63903,The Fourth Kind
River Road Entertainment,1246,A Prairie Home Companion
GreeneStreet Films,2152,A Prairie Home Companion
Picturehouse Entertainment,11486,A Prairie Home Companion
Sandcastle 5 Productions,11487,A Prairie Home Companion
Prairie Home Productions,11488,A Prairie Home Companion
Beacon Communications,919,Sugar Hill
Beacon Pictures,10157,Sugar Hill
South Street Films,22051,Sugar Hill
Ghiznoz Productions,89437,Sugar Hill
Cannon Films,4110,Invasion U.S.A.
Fox Searchlight Pictures,43,Roll Bounce
Touchstone Pictures,9195,Rushmore
Rogue Pictures,134,Skyline
Relativity Media,7295,Skyline
Hydraulx,10936,Skyline
Rat Entertainment,12007,Skyline
Transmission Pictures,12158,Skyline
Fox Searchlight Pictures,43,The Second Best Exotic Marigold Hotel
Participant Media,6735,The Second Best Exotic Marigold Hotel
Blueprint Pictures,30037,The Second Best Exotic Marigold Hotel
New Line Cinema,12,Kit Kittredge: An American Girl
Goldsmith-Thomas Productions,2454,Kit Kittredge: An American Girl
Red Om Films,2455,Kit Kittredge: An American Girl
HBO Films,7429,Kit Kittredge: An American Girl
Picturehouse,52005,Kit Kittredge: An American Girl
Front Street Films,52006,Kit Kittredge: An American Girl
American Girl Brands,52007,Kit Kittredge: An American Girl
Universal Pictures,33,The Perfect Man
Universal Pictures,33,Mo' Better Blues
40 Acres & A Mule Filmworks,4319,Mo' Better Blues
Twentieth Century Fox Film Corporation,306,Kung Pow: Enter the Fist
O Entertainment,5682,Kung Pow: Enter the Fist
Universal Pictures,33,Tremors
No Frills Film Production,3851,Tremors
Summit Entertainment,491,Wrong Turn
Newmarket Capital Group,506,Wrong Turn
Regency Enterprises,508,Wrong Turn
Constantin Film Produktion,5755,Wrong Turn
Stan Winston Studio,24211,Wrong Turn
Media Cooperation One,24212,Wrong Turn
DCP Wrong Turn Productions,53350,Wrong Turn
United Artists,60,The Long Riders
New Line Cinema,12,The Corruptor
Illusion Entertainment Group,3480,The Corruptor
FilmNation Entertainment,7493,Mud
Everest Entertainment,10892,Mud
Paramount Pictures,4,Reno 911!: Miami
Double Feature Films,215,Reno 911!: Miami
Jersey Films,216,Reno 911!: Miami
Twentieth Century Fox Film Corporation,306,Reno 911!: Miami
Comedy Central Films,7480,Reno 911!: Miami
Principato-Young Entertainment,37845,Reno 911!: Miami
High Sierra Carpeting,89635,Reno 911!: Miami
Columbia Pictures,5,One Direction: This Is Us
Sony Pictures,34,One Direction: This Is Us
Paramount Vantage,838,"The Goods: Live Hard, Sell Hard"
Kevin Messick Productions,2977,"The Goods: Live Hard, Sell Hard"
Gary Sanchez Productions,4740,"The Goods: Live Hard, Sell Hard"
Paramount Pictures,4,Hey Arnold! The Movie
Nickelodeon Movies,2348,Hey Arnold! The Movie
Nickelodeon Animation Studios,4859,Hey Arnold! The Movie
Paramount Animation,24955,Hey Arnold! The Movie
Snee-Oosh Productions,67244,Hey Arnold! The Movie
BBC Films,288,My Week with Marilyn
The Weinstein Company,308,My Week with Marilyn
UK Film Council,2452,My Week with Marilyn
Lip Sync Post,10247,My Week with Marilyn
Trademark Films,22153,My Week with Marilyn
Miramax Films,14,The Matador
New Line Cinema,12,Love Jones
Addis Wechsler Pictures,4665,Love Jones
Blumhouse Productions,3172,The Gift
Blue-Tongue Films,32299,The Gift
Huayi Brothers Media,39649,The Gift
STX Entertainment,47729,The Gift
Ahimsa Films,69542,The Gift
Bearing Fruit Entertainment,2867,End of the Spear
every tribe entertainment,2868,End of the Spear
Miramax,53009,Get Over It
Twentieth Century Fox Film Corporation,306,Office Space
Cubicle Inc.,7458,Office Space
New Line Cinema,12,Drop Dead Gorgeous
Capella International,594,Drop Dead Gorgeous
KC Medien AG,596,Drop Dead Gorgeous
The Weinstein Company,308,Big Eyes
Silverwood Films,2293,Big Eyes
Electric City Entertainment,8600,Big Eyes
Tim Burton Productions,8601,Big Eyes
Initial Entertainment Group (IEG),7380,Very Bad Things
Interscope Communications,10201,Very Bad Things
VBT Productions,38085,Very Bad Things
Ballpark Productions Partnership,38086,Very Bad Things
[],[],Sleepover
Relativity Media,7295,MacGruber
Miramax Films,14,Dirty Pretty Things
BBC Films,288,Dirty Pretty Things
Celador Productions,1390,Dirty Pretty Things
Jonescompany Productions,12666,Dirty Pretty Things
Greenestreet Films,2150,Movie 43
Relativity Media,7295,Movie 43
Virgin Produced,8852,Movie 43
Wessler Entertainment,8890,Movie 43
Witness Protection Films,8891,Movie 43
The Safran Company,11565,Over Her Dead Body
Gold Circle Films,12026,Over Her Dead Body
Dead Fiancée Productions,92137,Over Her Dead Body
Mandate Pictures,771,Seeking a Friend for the End of the World
Indian Paintbrush,9350,Seeking a Friend for the End of the World
Anonymous Content,10039,Seeking a Friend for the End of the World
Focus Features,10146,Seeking a Friend for the End of the World
Ad Hominem Enterprises,2361,Cedar Rapids
Rhombus Media,164,The Red Violin
Channel Four Films,181,The Red Violin
Walt Disney Pictures,2,The Straight Story
Channel Four Films,181,The Straight Story
Asymmetrical Productions,373,The Straight Story
Les Films Alain Sarde,635,The Straight Story
The Picture Factory,637,The Straight Story
StudioCanal,694,The Straight Story
Canal+,5358,The Straight Story
CiBy 2000,7832,The Straight Story
"The Straight Story, Inc",59423,The Straight Story
United Artists,60,Deuces Wild
Darko Entertainment,12622,Bad Words
Aggregate Film,25975,Bad Words
Entertainment Films,2245,"Run, Fatboy, Run"
Material Entertainment,2246,"Run, Fatboy, Run"
Beech Hill Films,6847,"Run, Fatboy, Run"
Universal Pictures,33,Heartbeeps
Treehouse Pictures,14580,Black or White
Miramax Films,14,On the Line
Tapestry Films,870,On the Line
A Happy Place,5389,On the Line
Metro-Goldwyn-Mayer (MGM),8411,Rescue Dawn
Big Indie Pictures,6831,Danny Collins
ShivHans Pictures,33603,Danny Collins
Indian Paintbrush,9350,"Jeff, Who Lives at Home"
Rai Cinema,2683,I Am Love
Cinema Vehicle Services,25673,Atlas Shrugged Part II
Atlas 2 Productions,30033,Atlas Shrugged Part II
Working Title Films,10163,Romeo Is Bleeding
Polygram Filmed Entertainment,31080,Romeo Is Bleeding
Hilary Henkin,36907,Romeo Is Bleeding
Artisan Entertainment,2188,The Limey
Granada Film Productions,247,The House of Mirth
Arts Council of England,718,The House of Mirth
Diaphana Films,744,The House of Mirth
The Glasgow Film Fund,980,The House of Mirth
National Lottery,1270,The House of Mirth
Showtime Networks,4343,The House of Mirth
Filmfour,6705,The House of Mirth
"Scottish Arts Council, The",8256,The House of Mirth
Three Rivers Production,65681,The House of Mirth
Progres Film Distribution,65682,The House of Mirth
Kinowelt Median,65683,The House of Mirth
Orion Pictures,41,Malone
Universal,6292,Peaceful Warrior
Columbia Pictures,5,Bucky Larson: Born to Be a Star
Happy Madison Productions,2608,Bucky Larson: Born to Be a Star
New Line Cinema,12,Bamboozled
40 Acres & A Mule Filmworks,4319,Bamboozled
Lava Bear Films,32300,The Forest
AI-Film,51860,The Forest
Phantom Four Films,69579,The Forest
Orion Pictures,41,Sphinx
S & L Films,78905,Sphinx
Scott Rudin Productions,258,While We're Young
A24,41077,While We're Young
Summit Entertainment,491,A Better Life
Witt/Thomas Productions,1089,A Better Life
Depth of Field,1473,A Better Life
McLaughlin Films,28707,A Better Life
Lime Orchard Productions,28708,A Better Life
Téléfilm Canada,806,Spider
Capitol Films,826,Spider
Canadian Film or Video Production Tax Credit (CPTC),8582,Spider
Metropolitan Films,16419,Spider
Grosvenor Park Productions,17449,Spider
Odeon Films,22209,Spider
Catherine Bailey Ltd.,46694,Spider
Artists Independent Network,46695,Spider
Hollywood Pictures,915,Gun Shy
Fortis Films,4258,Gun Shy
United Artists Corporation,8213,Nicholas Nickleby
Hart-Sharp Entertainment,11351,Nicholas Nickleby
Potboiler Productions,36615,Nicholas Nickleby
Lucky Monkey Pictures,11093,City Island
CineSon Entertainment,16647,City Island
Filmsmith Productions,61416,City Island
Medici Entertainment,61417,City Island
Gremi Film Production,61418,City Island
Bleiberg Entertainment,1872,The Iceman
Millennium Films,10254,The Iceman
[],[],Krrish
Canal+,5358,Cecil B. Demented
Artic Productions LLC,5359,Cecil B. Demented
Polar Entertainment Corporation,62072,Cecil B. Demented
Voltage pictures,6633,Killer Joe
Worldview Entertainment,9015,Killer Joe
ANA Media,21817,Killer Joe
Picture Perfect (I),37833,Killer Joe
Echo Lake Productions,2147,The Joneses
Premiere Picture,3870,The Joneses
Alliance Atlantis Communications,803,Owning Mahowny
Natural Nylon Entertainment,804,Owning Mahowny
Téléfilm Canada,806,Owning Mahowny
Astral Media,2743,Owning Mahowny
Canadian Film or Video Production Tax Credit (CPTC),8582,Owning Mahowny
Ontario Film and Television Tax Credit (OFTTC),54606,Owning Mahowny
Revolution Studios,497,The Brothers Solomon
TriStar Pictures,559,The Brothers Solomon
Carsey-Werner Company,3215,The Brothers Solomon
Block 2 Pictures,539,My Blueberry Nights
Jet Tone Production,540,My Blueberry Nights
StudioCanal,694,My Blueberry Nights
Lou Yi Inc.,839,My Blueberry Nights
Overseas FilmGroup,888,Illuminata
GreeneStreet Films,2152,Illuminata
JVC Entertainment Networks,4248,Illuminata
Sogepaq,11955,Illuminata
CDI,13367,Illuminata
Screen Gems,3287,Swept Away
SKA Films,13419,Swept Away
Codi S.p.a.,57736,Swept Away
Metro-Goldwyn-Mayer (MGM),8411,The Betrayed
[],[],"War, Inc."
Star Overseas,3477,Shaolin Soccer
Universe Entertainment,20543,Shaolin Soccer
Wild Bunch,856,The Brown Bunny
Kinétique Inc.,21741,The Brown Bunny
Vincent Gallo Productions,23756,The Brown Bunny
Rhône-Alpes Cinéma,1666,The Swindle
TF1 Films Production,3823,The Swindle
Canal+,5358,The Swindle
Télévision Suisse-Romande (TSR),8453,The Swindle
MK2 Productions,9209,The Swindle
Odd Lot Entertainment,3263,Rosewater
International Traders,6408,Rosewater
Busboy Productions,8290,Rosewater
[],[],The Chambermaid on the Titanic
BBC Films,288,Coriolanus
Synchronistic Pictures,1260,Coriolanus
Icon Entertainment International,4564,Coriolanus
Lipsync Productions,9987,Coriolanus
Atlantic Swiss Productions,22310,Coriolanus
Hermetof Pictures,23558,Coriolanus
Magna Films,23559,Coriolanus
Kalkronkie,23560,Coriolanus
Artemis Films,23561,Coriolanus
Lonely Dragon,23563,Coriolanus
Magnolia Mae Films,44091,Coriolanus
Signature Pictures,2982,Imaginary Heroes
Art Linson Productions,8769,Imaginary Heroes
ApolloProMedia GmbH & Co. 1. Filmproduktion KG (I),19951,Imaginary Heroes
QI Quality International GmbH & Co. KG,19952,Imaginary Heroes
Fragile Films,2651,High Heels and Low Lifes
Touchstone Pictures,9195,High Heels and Low Lifes
Magnolia Pictures,1030,World's Greatest Dad
Jerkschool Productions,7357,World's Greatest Dad
Qwerty Films,892,Severance
Dan Films,1854,Severance
Isle of Man Film,2268,Severance
HanWay Films,2395,Severance
UK Film Council,2452,Severance
N1 European Film Produktions GmbH & Co. KG,8874,Severance
First Independent Pictures,3521,Edmond
Destination Films,769,Welcome to the Rileys
Scott Free Productions,1645,Welcome to the Rileys
Film Rites,8083,Welcome to the Rileys
Samuel Goldwyn Films,9118,Welcome to the Rileys
Argonaut Pictures,54860,Welcome to the Rileys
Warner Bros.,6194,Police Academy: Mission to Moscow
Estudios Churubusco Azteca,5153,Cinco de Mayo: La Batalla
Gala Films,23133,Cinco de Mayo: La Batalla
Gobierno del Estado de Puebla,56358,Cinco de Mayo: La Batalla
Riverside Entertainment,5621,Elsa & Fred
Rio Negro,10630,Elsa & Fred
Media House Capital,13235,Elsa & Fred
Cuatro Plus Films,22868,Elsa & Fred
Defiant Pictures,22869,Elsa & Fred
Creative Andina,22870,Elsa & Fred
Hollywood Pictures,915,"An Alan Smithee Film: Burn, Hollywood, Burn"
Cinergi Pictures Entertainment,1504,"An Alan Smithee Film: Burn, Hollywood, Burn"
[],[],The Open Road
Belladonna Productions,2341,The Good Guy
Whitest Pouring Films,26127,The Good Guy
Rigel Entertainment,5221,Free Style
Worldview Entertainment,9015,Strangerland
Cube Vision,2780,Janky Promoters
Dimension Films,7405,Janky Promoters
[],[],Blonde Ambition
La Fabrique de Films,2673,The Oxford Murders
Telecinco Cinema,2674,The Oxford Murders
Lightning Entertainment,3256,The Reef
Screen Australia,7584,The Reef
Screen NSW,10951,The Reef
ProdigyMovies,22897,The Reef
Mysterious Light,22898,The Reef
Myriad Pictures,738,Eulogy
Artisan Entertainment,2188,Eulogy
Eulogy Productions LLC,25918,Eulogy
Ovation Entertainment,25919,Eulogy
Brightlight Pictures,1063,White Noise 2: The Light
Gold Circle Films,12026,White Noise 2: The Light
The Harold Greenberg Fund,807,Beat the World
Ontario Media Development Corporation (OMDC),11576,Beat the World
Telefilm Canada - Equity Investment Program,53477,Beat the World
Inner City Films,64829,Beat the World
Téléfilm Canada,806,Fifty Dead Men Walking
Brightlight Pictures,1063,Fifty Dead Men Walking
Canadian Film or Video Production Tax Credit (CPTC),8582,Fifty Dead Men Walking
Future Films,10843,Fifty Dead Men Walking
Handmade International,11662,Fifty Dead Men Walking
Future Films Production Services,11663,Fifty Dead Men Walking
Altitude Entertainment,11664,Fifty Dead Men Walking
SBK Pictures,11665,Fifty Dead Men Walking
Skogland Films,11666,Fifty Dead Men Walking
Northern Ireland Screen,11667,Fifty Dead Men Walking
Grove Media Finance,11668,Fifty Dead Men Walking
Horizon Media Fund,11669,Fifty Dead Men Walking
Wonderworld Studios,3980,Jungle Shuffle
Animation Picture Company,15196,Jungle Shuffle
Avikoo Studios,40642,Jungle Shuffle
3L Filmproduktion GmbH,702,Adam Resurrected
Bleiberg Entertainment,1872,Adam Resurrected
Adam Productions,5565,Adam Resurrected
July August Productions,17388,Adam Resurrected
Filmhuset Gruppen,68384,Of Horses and Men
Leiknar Myndir,68385,Of Horses and Men
Studio 18,3747,It's a Wonderful Afterlife
Bend It Films,7620,It's a Wonderful Afterlife
Indian Film Company,7621,It's a Wonderful Afterlife
Ice Cold Productions,3336,The Devil's Tomb
Empyreal Entertainment,3337,The Devil's Tomb
Ringleader Studios,3338,The Devil's Tomb
Partition Films%2C Inc.,3904,Partition
Khussro Films,3905,Partition
Shadowlight Productions,5460,Good Intentions
Cineclick Asia,685,"The Good, The Bad, The Weird"
CJ Entertainment,7036,"The Good, The Bad, The Weird"
Grimm Pictures,49971,"The Good, The Bad, The Weird"
Barunson,49972,"The Good, The Bad, The Weird"
Lions Gate,6644,Nurse 3-D
Lions Gate Entertainments,7035,Nurse 3-D
Rhombus Media,164,Gunless
Téléfilm Canada,806,Gunless
The Harold Greenberg Fund,807,Gunless
Brightlight Pictures,1063,Gunless
Alliance Films,2514,Gunless
Astral Media,2743,Gunless
Corus Entertainment,11550,Gunless
Gunless Productions,21974,Gunless
Miramax Films,14,Adventureland
Sidney Kimmel Entertainment,737,Adventureland
This Is That Productions,10059,Adventureland
Lions Gate Films,35,The Lost City
Signature Pictures,2982,Re-Kill
After Dark Films,3608,Re-Kill
Midsummer Films,22705,Re-Kill
New Line Cinema,12,Next Friday
NGN Productions,7587,American Heist
Glacier Films,44884,American Heist
Maple Leaf Finance Primeredian Entertainment,60515,American Heist
Eon Productions,7576,You Only Live Twice
Gateway Films,7353,Plastic
Les Films du Losange,223,Amour
Wega Film,224,Amour
X-Filme Creative Pool,1972,Amour
Metro-Goldwyn-Mayer (MGM),8411,Poltergeist III
United Artists,60,"It's a Mad, Mad, Mad, Mad World"
Casey Productions,8040,"It's a Mad, Mad, Mad, Mad World"
El Deseo,49,Volver
Canadian Film Development Corporation (CFDC),4952,Heavy Metal
[],[],Gentlemen Broncos
British Screen,871,Richard III
Mayfair Entertainment International,34237,Richard III
Purple Pictures,3217,Into the Grizzly Maze
Paul Schiff Productions,23596,Into the Grizzly Maze
Indomitable Entertainment,24012,Into the Grizzly Maze
Universal Pictures,33,The Purge: Anarchy
Why Not Productions,729,The Purge: Anarchy
Platinum Dunes,2481,The Purge: Anarchy
Blumhouse Productions,3172,The Purge: Anarchy
5150 Action,47354,The Purge: Anarchy
Bollywood Hollywood Production,51955,Kites
Zentropa Entertainments,76,Melancholia
Det Danske Filminstitut,118,Melancholia
Danmarks Radio (DR),119,Melancholia
Memfis Film,321,Melancholia
Eurimages,850,Melancholia
Sveriges Television (SVT),3221,Melancholia
Canal+,5358,Melancholia
CinéCinéma,6301,Melancholia
Slot Machine,7777,Melancholia
Zentropa International Sweden,8288,Melancholia
Zentropa International Köln,8289,Melancholia
Liberator Productions,11239,Melancholia
Swedish Film Institute,14804,Melancholia
Centre National du Cinéma et de L'image Animée (CNC),17298,Melancholia
Film i Väst,17513,Melancholia
Filmstiftung Nordrhein-Westfalen,27897,Melancholia
Legion Entertainment,38069,Melancholia
Edition Video,38071,Melancholia
Nordisk Film Distribution,38072,Melancholia
Screen Australia,7584,Red Dog
Endymion Films,7887,Red Dog
ScreenWest,7888,Red Dog
Essential Entertainment,46381,Red Dog
Woss Group Film Productions,53042,Red Dog
The South Australian Film Corporation,56787,Red Dog
Yash Raj Films,1569,Jab Tak Hai Jaan
Twentieth Century Fox Film Corporation,306,Alien
Brandywine Productions,19747,Alien
New Line Cinema,12,The Texas Chain Saw Massacre
Vortex,1197,The Texas Chain Saw Massacre
River Road Entertainment,1246,The Runaways
Road Rebel,2648,The Runaways
Linson Entertainment,4700,The Runaways
United Artists,60,Fiddler on the Roof
Cartier Productions,10154,Fiddler on the Roof
"Mirisch Corporation, The",13219,Fiddler on the Roof
Eon Productions,7576,Thunderball
Metro-Goldwyn-Mayer (MGM),8411,Thunderball
Detention Films,21125,Detention
Fandango,2441,Loose Cannons
New Line Cinema,12,Set It Off
Universal Pictures,33,The Best Man
40 Acres & A Mule Filmworks,4319,The Best Man
United Artists,60,Child's Play
The Weinstein Company,308,Sicko
Miramax Films,14,Down to You
New Line Cinema,12,Harold & Kumar Go to White Castle
Battleplan Productions,2108,The Contender
DreamWorks Pictures,7293,The Contender
New Line Cinema,12,Boiler Room
Paramount Pictures,4,Trading Places
Cinema Group Ventures,11142,Trading Places
Fox 2000 Pictures,711,Chasing Papi
Dimension Films,7405,Black Christmas
Screen Gems,3287,Breakin' All the Rules
Breakup Productions,5673,Breakin' All the Rules
BBC Films,288,Henry V
Samuel Goldwyn Company,798,Henry V
Renaissance Films,3102,Henry V
Fox Searchlight Pictures,43,The Savages
Ad Hominem Enterprises,2361,The Savages
This Is That Productions,10059,The Savages
Lone Star Film Group,23105,The Savages
Savage Productions,67504,The Savages
SC Films International,20613,Skin Trade
Baumgarten Management and Productions (BMP),23423,Skin Trade
Thorbak,52254,Skin Trade
SC International Pictures,52255,Skin Trade
Thor Pictures,52256,Skin Trade
[],[],The Way of the Gun
United Artists,60,Igby Goes Down
Paul Schiff Productions,23596,PCU
The Ultimate Gift LLC,3914,The Ultimate Gift
Dean River Productions,3915,The Ultimate Gift
JF Productions,3893,The Ice Pirates
Metro-Goldwyn-Mayer (MGM),8411,The Ice Pirates
Warner Bros.,6194,The Lost Boys
Elevation Filmworks,1840,Gracie
Ursa Major Films LLC,87838,Gracie
Trust the Man LLC,3935,Trust the Man
[],[],Hamlet 2
Channel Four Films,181,Velvet Goldmine
Single Cell Pictures,279,Velvet Goldmine
Newmarket Capital Group,506,Velvet Goldmine
Goldwyn Films,720,Velvet Goldmine
Killer Films,1422,Velvet Goldmine
Zenith Entertainment,3644,Velvet Goldmine
Miramax,53009,Velvet Goldmine
Fox International Productions,7485,The Wailing
Fox Video Korea,11766,The Wailing
Twentieth Century Fox Film Corporation,306,Glee: The Concert Movie
Ryan Murphy Productions,19328,Glee: The Concert Movie
Twentieth Century Fox Television,24245,Glee: The Concert Movie
American Zoetrope,70,The Legend of Suriyothai
Prommitr International Production,8972,The Legend of Suriyothai
[],[],Two Evil Eyes
TF1 Films Production,3823,Barbecue
Same Player,4696,Barbecue
Studio Canal,5870,Barbecue
Cinéfrance 1888,31229,Barbecue
Les Films Alain Sarde,635,All or Nothing
Thin Man Films,10100,All or Nothing
Island Film Group,7274,Princess Kaiulani
Trailblazer Films,7275,Princess Kaiulani
Screen East,7276,Princess Kaiulani
Renaissance Films,3102,Opal Dream
Det Danske Filminstitut,118,Flame & Citron
Wüste Filmproduktion,204,Flame & Citron
Studio Babelsberg,264,Flame & Citron
TV2 Danmark,758,Flame & Citron
Sveriges Television (SVT),3221,Flame & Citron
Canal+,5358,Flame & Citron
Yleisradio (YLE),5975,Flame & Citron
"Match Factory, The",7306,Flame & Citron
Medienboard Berlin-Brandenburg,7307,Flame & Citron
Sirena Film,9111,Flame & Citron
Fonds Eurimages du Conseil de l'Europe,11011,Flame & Citron
Deutsche Filmförderfonds (DFFF),11238,Flame & Citron
Nimbus Film Productions,11672,Flame & Citron
Wüste Film Ost,11673,Flame & Citron
OC Film,11674,Flame & Citron
Duckling A/S,11675,Flame & Citron
Mainstream,11676,Flame & Citron
Kameraudlejningen,11677,Flame & Citron
4½,11678,Flame & Citron
Nordic Film och TV Fund,11679,Flame & Citron
Filmförderung Hamburg Schleswig-Holstein,11680,Flame & Citron
Sandrew Metronome Denmark,11681,Flame & Citron
TV2 Norge,11682,Flame & Citron
NFP Marketing & Distribution,11683,Flame & Citron
Substanz Film,11685,Flame & Citron
Lakeshore Entertainment,126,Undiscovered
Intermedia Films,763,Undiscovered
Cinerenta Medienbeteiligungs KG,995,Undiscovered
Revolution Films,163,Red Riding: In the Year of Our Lord 1974
Channel Four Films,181,Red Riding: In the Year of Our Lord 1974
Screen Yorkshire,2690,Red Riding: In the Year of Our Lord 1974
Lipsync Productions,9987,Red Riding: In the Year of Our Lord 1974
France 2 Cinéma,83,The Girl on the Train
Canal+,5358,The Girl on the Train
TPS Star,6586,The Girl on the Train
Union Générale Cinématographique (UGC),7248,The Girl on the Train
SBS Films,10609,The Girl on the Train
Sofica UGC 1,11435,The Girl on the Train
Soficinéma 5,12400,The Girl on the Train
Centre National de la Cinématographie (CNC),18367,The Girl on the Train
Velvet Steamroller Entertainment,3887,Veronika Decides to Die
Dash Films,4372,Veronika Decides to Die
Future Films,10843,Veronika Decides to Die
Muse Productions,15231,Veronika Decides to Die
PalmStar Media,49152,Veronika Decides to Die
Paramount Pictures,4,Crocodile Dundee
Rimfire Films,15081,Crocodile Dundee
Good Story Productions,9096,"Ultramarines: A Warhammer 40,000 Movie"
POP6,79522,"Ultramarines: A Warhammer 40,000 Movie"
Codex Pictures,79523,"Ultramarines: A Warhammer 40,000 Movie"
Fox Searchlight Pictures,43,Crazy Heart
Butcher's Run Films,3864,Crazy Heart
Informant Media,9325,Crazy Heart
Miramax Films,14,The I Inside
Dimension Films,7405,The I Inside
MDP Worldwide,10828,The I Inside
RCD Productions Ltd.,23628,The I Inside
New South Wales Film & Television Office,418,Beneath Hill 60
Pacific Film and Television Commission,4024,Beneath Hill 60
Screen Australia,7584,Beneath Hill 60
The Silence Productions,25463,Beneath Hill 60
Lucky Country Productions,25467,Beneath Hill 60
Les Productions du Trésor,2612,Polisse
Mars Film Corporation,5236,Polisse
Chaocorp,7766,Polisse
Shortcom,7767,Polisse
The Weinstein Company,308,Awake
Open City Films,547,Awake
GreeneStreet Films,2152,Awake
Lucasfilm,1,Star Wars: Clone Wars: Volume 1
Cartoon Network Studios,7899,Star Wars: Clone Wars: Volume 1
Touchstone Pictures,9195,The Inkwell
Twentieth Century Fox Film Corporation,306,The Rose
Sneak Preview Productions,31835,Baggage Claim
Paramount Pictures,4,Barbarella
Dino de Laurentiis Cinematografica,1216,Barbarella
Marianne Productions,1497,Barbarella
Walt Disney Pictures,2,Shipwrecked
Filmkameratene A/S,1003,Shipwrecked
Svensk Filmindustri (SF),6181,Shipwrecked
Paramount Pictures,4,Election
MTV Films,746,Election
Bona Fide Productions,2570,Election
Fox Searchlight Pictures,43,The Namesake
Mirabai Films,6235,The Namesake
Wonderland Sound and Vision,4022,The DUFF
CBS Films,5490,The DUFF
Vast Entertainment,42119,The DUFF
Twentieth Century Fox Film Corporation,306,Glitter
Laurence Mark Productions,415,Glitter
Columbia Pictures Corporation,441,Glitter
Glitter Productions,89627,Glitter
Maroon Entertainment,89628,Glitter
Gold Circle Films,12026,The Haunting in Connecticut 2: Ghosts of Georgia
Grand Peaks Entertainment,15354,Swelter
Exchange Peaks Film Capital,29152,Swelter
Film Invaders,29153,Swelter
Hanmac Films,3660,Silmido
BBC Films,288,Bright Star
Pathé Renn Productions,866,Bright Star
UK Film Council,2452,Bright Star
Screen Australia,7584,Bright Star
Australian Film Finance Corporation (AFFC),8724,Bright Star
Hopscotch Productions,26716,Bright Star
Jan Chapman Pictures,26717,Bright Star
Fox Searchlight Pictures,43,My Name Is Khan
Red Chillies Entertainment,2343,My Name Is Khan
Foxstar,4450,My Name Is Khan
Sudden Storm Productions,6742,All Is Lost
FilmNation Entertainment,7493,All Is Lost
Treehouse Pictures,14580,All Is Lost
Before the Door Pictures,14861,All Is Lost
Washington Square Films,14862,All Is Lost
Black Bear Pictures,22146,All Is Lost
[],[],Limbo
Forest Whitaker's Significant Productions,14638,Dope
Revolt Films,15495,Dope
IamOTHER Entertainment,58445,Dope
[],[],Namastey London
BIM Distribuzione,225,The Wind That Shakes the Barley
Matador Pictures,707,The Wind That Shakes the Barley
Diaphana Films,744,The Wind That Shakes the Barley
Bórd Scannán na hÉireann,1898,The Wind That Shakes the Barley
Element Films,2274,The Wind That Shakes the Barley
UK Film Council,2452,The Wind That Shakes the Barley
Pathé Distribution,3012,The Wind That Shakes the Barley
Irish Film Board,5267,The Wind That Shakes the Barley
Tornasol Films,7680,The Wind That Shakes the Barley
Sixteen Films,12695,The Wind That Shakes the Barley
Regent Capital,12696,The Wind That Shakes the Barley
EMC Produktion,19929,The Wind That Shakes the Barley
Cinéart,19930,The Wind That Shakes the Barley
TV3 Television Network Ireland,19931,The Wind That Shakes the Barley
Filmcoopi Zürich,19932,The Wind That Shakes the Barley
Oil Flick Films No.2,19933,The Wind That Shakes the Barley
Dharma Productions,19146,Yeh Jawaani Hai Deewani
Metro-Goldwyn-Mayer (MGM),8411,Quo Vadis
Lions Gate Films,35,Repo! The Genetic Opera
Twisted Pictures,2061,Repo! The Genetic Opera
Pana Film,58135,Valley of the Wolves: Iraq
Miramax Films,14,Pulp Fiction
A Band Apart,59,Pulp Fiction
Jersey Films,216,Pulp Fiction
Incorporated Television Company,1155,The Muppet Movie
Henson Associates (HA),24931,The Muppet Movie
Bold Films,2266,Nightcrawler
Sierra / Affinity,24049,Nightcrawler
Fox Searchlight Pictures,43,Club Dread
Broken Lizard Industries,2773,Club Dread
Coconut Pete Productions,52949,Club Dread
Twentieth Century Fox Film Corporation,306,The Sound of Music
Robert Wise Productions,6304,The Sound of Music
Argyle Enterprises,6305,The Sound of Music
[],[],Antarctic Edge: 70° South
Touchstone Pictures,9195,Splash
Fox Searchlight Pictures,43,Little Miss Sunshine
Bona Fide Productions,2570,Little Miss Sunshine
Big Beach Films,12808,Little Miss Sunshine
Columbia Pictures,5,Stand by Me
Act III Communications,1153,Stand by Me
The Body,90896,Stand by Me
Act III,90897,Stand by Me
DNA Films,284,28 Days Later
British Film Council,10889,28 Days Later
[],[],You Got Served
Paramount Pictures,4,Escape from Alcatraz
Malpaso Company,15298,Escape from Alcatraz
[],[],Brown Sugar
New Line Cinema,12,A Thin Line Between Love and Hate
Savoy Pictures,11308,A Thin Line Between Love and Hate
Summit Entertainment,491,50/50
Mandate Pictures,771,50/50
Regency Enterprises,508,Shutter
Vertigo Entertainment,829,Shutter
Ozla Pictures,2617,Shutter
New Regency Pictures,10104,Shutter
Treehouse Pictures,14580,That Awkward Moment
[],[],Modern Problems
Saturn Films,831,Shadow of the Vampire
Bystorm Films,2903,Kicks
Animal Kingdom,26995,Kicks
Bow and Arrow Entertainment,37432,Kicks
Renaissance Films,3102,Much Ado About Nothing
American Playhouse Theatrical Films,8827,Much Ado About Nothing
United Artists,60,On Her Majesty's Secret Service
Eon Productions,7576,On Her Majesty's Secret Service
Danjaq,10761,On Her Majesty's Secret Service
New Line Cinema,12,New Nightmare
Twentieth Century Fox Film Corporation,306,Drive Me Crazy
Grand March Productions,81132,Drive Me Crazy
Amy Robinson Productions,81133,Drive Me Crazy
Walt Disney Pictures,2,Prom
Rickshaw Productions,2201,Prom
Lions Gate Films,35,Akeelah and the Bee
2929 Productions,846,Akeelah and the Bee
Out of the Blue... Entertainment,879,Akeelah and the Bee
Starbucks Entertainment,1708,Akeelah and the Bee
Cinema Gypsy Productions,5227,Akeelah and the Bee
Universal Pictures,33,Half Baked
Lionsgate,1632,New in Town
Edmonds Entertainment Group (EEG),2923,New in Town
Epidemic Pictures,2924,New in Town
The Safran Company,11565,New in Town
Gold Circle Films,12026,New in Town
Lions Gate Films,35,American Psycho
Edward R. Pressman Film,6455,American Psycho
Muse Productions,15231,American Psycho
Fox Searchlight Pictures,43,The Good Girl
Hungry Eye Lowland Pictures B.V.,29602,The Good Girl
Flan de Coco Films,29603,The Good Girl
Park Ex Pictures,7169,Bon Cop Bad Cop
Sortie 22,88298,Bon Cop Bad Cop
Chris Brinker Productions,2461,The Boondock Saints II: All Saints Day
Stage 6 Films,11341,The Boondock Saints II: All Saints Day
Hyde Park Films,1172,The City of Your Final Destination
Fox Searchlight Pictures,43,Enough Said
Screen Gems,3287,Easy A
Olive Bridge Entertainment,7291,Easy A
Miramax Films,14,The Pallbearer
The Chess Club,65446,The Pallbearer
[],[],Held Up
Fox Searchlight Pictures,43,Woman on Top
Merchant Ivory Productions,2370,Howards End
The Criterion Collection,10932,Howards End
Starburns Industries,32542,Anomalisa
[],[],The Outrageous Sophie Tucker
Film4,9349,Another Year
Thin Man Films,10100,Another Year
France 2 Cinéma,83,8 Women
Fidélité Productions,147,8 Women
Le Studio Canal+,183,8 Women
Centre National de la Cinématographie,310,8 Women
Gimages 5,818,8 Women
Mars Films,819,8 Women
Original Pictures,4234,Showdown in Little Tokyo
Warner Bros.,6194,Showdown in Little Tokyo
Intermedia Films,763,Clay Pigeons
IMF Internationale Medien und Film GmbH & Co. 2. Produktions KG,23861,Clay Pigeons
Fade In Films,40002,Clay Pigeons
Focus Features,10146,It's Kind of a Funny Story
BBC Films,288,Made in Dagenham
HanWay Films,2395,Made in Dagenham
UK Film Council,2452,Made in Dagenham
Audley Films LLP,5729,Made in Dagenham
Lipsync Productions,9987,Made in Dagenham
Number 9 Films,11752,Made in Dagenham
BMS Finance,11963,Made in Dagenham
Intandem Films,2731,When Did You Last See Your Father?
Film4,9349,When Did You Last See Your Father?
Number 9 Films,34338,When Did You Last See Your Father?
Tiger Aspect Pictures,36201,When Did You Last See Your Father?
Father Features,36204,When Did You Last See Your Father?
Audley Films,36205,When Did You Last See Your Father?
Comptom Investments,36206,When Did You Last See Your Father?
Hollywood Pictures,915,Prefontaine
Cannon Group,1444,The Wicked Lady
London-Cannon Films,6231,The Wicked Lady
Metro-Goldwyn-Mayer (MGM),8411,The Wicked Lady
Dawn Property Company,78704,The Wicked Lady
Gébéka Films,4621,The Secret of Kells
Cartoon Saloon,23948,The Secret of Kells
Likely Story,1785,Begin Again
Apatow Productions,10105,Begin Again
Exclusive Media Group,11448,Begin Again
Sycamore Pictures,14319,Begin Again
The Weinstein Company,308,Elite Squad
Zazen Produções,2427,Elite Squad
Estúdios Mega,2430,Elite Squad
Quanta Centro de Produções Cinematográficas,2432,Elite Squad
Costa Films,10187,Elite Squad
Posto 9,47043,Elite Squad
Feijão Filmes,47044,Elite Squad
Universal Pictures do Brasil,47046,Elite Squad
Class 5 Films,2297,Down in the Valley
City Light Films,136,Brooklyn Rules
British Broadcasting Corporation (BBC),3324,Restless
Sundance Channel,12574,Restless
Endor Productions,12575,Restless
Icon Productions,152,The Singing Detective
Haft Entertainment,1363,The Singing Detective
Paramount Classics,2315,The Singing Detective
Airborne Productions,11732,The Singing Detective
Channel Four Films,181,The Land Girls
Intermedia Films,763,The Land Girls
Greenpoint Films,12918,The Land Girls
Lions Gate Films,35,Fido
Astral Media,2743,Fido
Anagram Pictures Inc.,4251,Fido
New Line Cinema,12,Annabelle
The Safran Company,11565,Annabelle
Evergreen Media Group,31375,Annabelle
RatPac-Dune Entertainment,41624,Annabelle
[],[],The Wendell Baker Story
Matador Pictures,707,Wild Target
Isle of Man Film,2268,Wild Target
Magic Light Pictures,5644,Wild Target
CinemaNX,5705,Wild Target
Cinema Four,6984,Wild Target
Regent Capital,12696,Wild Target
Entertainment Film Distributors,23164,Wild Target
Lakeshore Entertainment,126,Pathology
Metro-Goldwyn-Mayer (MGM),8411,Pathology
Camelot Pictures,11728,Pathology
[],[],Wuthering Heights
Thinkfilm,446,10th & Wolf
[],[],The Rocket: The Legend of Rocket Richard
Zentropa Entertainments,76,Dear Wendy
Nimbus Film Productions,11672,Dear Wendy
Lucky Punch,43271,Dear Wendy
Arcadia Motion Pictures,7543,Aloft
Wanda Visión S.A.,10046,Aloft
Buffalo Gal Pictures,11517,Aloft
Bandai Visual Company,528,Akira
Toho Company,882,Akira
Mainichi Broadcasting System (MBS),3363,Akira
Kodansha,6999,Akira
Tokyo Movie Shinsha (TMS),9155,Akira
TMS Entertainment,10919,Akira
Akira Committee Company Ltd.,10920,Akira
Sumitomo Corporation,10921,Akira
Eclectic pictures,8056,The Death and Life of Bobby Z
Millennium Films,10254,The Death and Life of Bobby Z
Bona International Film Group,8250,My Lucky Star
BBC Films,288,Imagine Me & You
Filmstiftung Nordrhein-Westfalen,315,Imagine Me & You
X-Filme Creative Pool,1972,Imagine Me & You
Ealing Studios,2650,Imagine Me & You
Fragile Films,2651,Imagine Me & You
Focus Features,10146,Imagine Me & You
RTL,42272,Imagine Me & You
Cougar Films Ltd.,52728,Imagine Me & You
Minotaur Film Partnership No. 3,52729,Imagine Me & You
Envision Media Arts,19456,Mr. Church
Cinelou Films,39644,Mr. Church
Shenghua Entertainment,82598,Mr. Church
France 2 Cinéma,83,Swimming Pool
Canal Plus,104,Swimming Pool
Fidélité Productions,147,Swimming Pool
Gimages,148,Swimming Pool
FOZ,149,Swimming Pool
Headforce Ltd.,150,Swimming Pool
Tea Shop & Film Company,13161,Green Street Hooligans: Underground
Handistom Investment,3970,The Blood of Heroes
Kings Road Entertainment,4255,The Blood of Heroes
Kamisha Corporation,68152,The Blood of Heroes
Steamroller Productions,3495,Code of Honor
Premiere Entertainment Group,35625,Code of Honor
The Zanuck Company,80,Driving Miss Daisy
Majestic Films International,2630,Driving Miss Daisy
Fox 2000 Pictures,711,Soul Food
Edmonds Entertainment Group (EEG),2923,Soul Food
New Line Cinema,12,Rumble in the Bronx
Golden Harvest Company,2521,Rumble in the Bronx
Suntaur Entertainment Company,4380,In Too Deep
Procirep,311,Far from Men
Canal+,5358,Far from Men
One World Films,5725,Far from Men
Pathé,7981,Far from Men
Ciné+,10611,Far from Men
Centre National de la Cinématographie (CNC),18367,Far from Men
Media Programme of the European Community,21972,Far from Men
Backup Media,26590,Far from Men
Cinémage 8,27123,Far from Men
Indéfilms 2,32668,Far from Men
Perceval Pictures,52590,Far from Men
Kaléo Films,52591,Far from Men
Jouror Développement,52592,Far from Men
B Media 2012,52593,Far from Men
SofiTVCiné,52594,Far from Men
Dévelopimage 2,52595,Far from Men
Ciclic - Région Centre,52596,Far from Men
Fox Searchlight Pictures,43,Thank You for Smoking
Room 9 Entertainment,3567,Thank You for Smoking
Lions Gate Films,35,Hostel: Part II
Next Entertainment,1633,Hostel: Part II
Screen Gems,3287,Hostel: Part II
BBC Films,288,An Education
Universal Pictures,33,House of 1000 Corpses
Spectacle Entertainment Group,10370,House of 1000 Corpses
Epsilon Motion Pictures,1171,Shopgirl
Hyde Park Films,1172,Shopgirl
Shopgirl,1173,Shopgirl
Touchstone Pictures,9195,Shopgirl
Orion Pictures,41,The Hotel New Hampshire
Woodfall Film Productions,1980,The Hotel New Hampshire
Filmline Productions,25580,The Hotel New Hampshire
Paramount Pictures,4,Narc
Lions Gate Films,35,Narc
Cruise/Wagner Productions,44,Narc
[],[],Men with Brooms
Parallel Films,5122,Witless Protection
[],[],The Work and the Glory
Miramax Films,14,Extract
BBC Films,288,Masked and Anonymous
Intermedia Films,763,Masked and Anonymous
[],[],Betty Fisher and Other Stories
BBC Films,288,Code 46
[],[],Outside Bet
Chrysalis Films,8717,Albert Nobbs
Wells & Jeta Entertainment,44067,Black November
Yash Raj Films,1569,Ta Ra Rum Pum
Sony Pictures Classics,58,Persepolis
Procirep,311,Persepolis
Soficinéma,312,Persepolis
France 3 Cinéma,591,Persepolis
Diaphana Films,744,Persepolis
Sofica Europacorp,854,Persepolis
Celluloid Dreams,860,Persepolis
The Kennedy/Marshall Company,862,Persepolis
Région Ile-de-France,11246,Persepolis
Centre National de la Cinématographie (CNC),18367,Persepolis
Fondation GAN pour le Cinéma,23677,Persepolis
2.4.7. Films,62546,Persepolis
French Connection Animations,84592,Persepolis
Société des Producteurs de L'Angoa,84593,Persepolis
New South Wales Film & Television Office,418,The Piano
The Australian Film Commission,5186,The Piano
CiBy 2000,7832,The Piano
Jan Chapman Productions,14089,The Piano
Bold Films,2266,The Hole
BenderSpink,6363,The Hole
Constantin Film Produktion,5755,The Wave
Bold Films,2266,The Neon Demon
Amazon Studios,20580,The Neon Demon
Vendian Entertainment,50481,The Neon Demon
Space Rocket Nation,67574,The Neon Demon
HanWay Films,2395,Harry Brown
UK Film Council,2452,Harry Brown
Marv Films,5374,Harry Brown
Code Productions,4897,The Omega Code
Fox Searchlight Pictures,43,Juno
Mandate Pictures,771,Juno
United Artists,60,The Man with the Golden Gun
Eon Productions,7576,The Man with the Golden Gun
Danjaq,10761,The Man with the Golden Gun
Odyssey Media,17161,Pound of Flesh
Rodin Entertainment,23283,Pound of Flesh
Ace Film Company,56343,Pound of Flesh
Chunqiu Time Culture Co.,56344,Pound of Flesh
United Artists,60,Diamonds Are Forever
Eon Productions,7576,Diamonds Are Forever
Danjaq,10761,Diamonds Are Forever
Paramount Pictures,4,The Godfather
Alfran Productions,10211,The Godfather
Paramount Pictures,4,Flashdance
Fox Searchlight Pictures,43,(500) Days of Summer
Watermark,4364,(500) Days of Summer
Dune Entertainment III,6332,(500) Days of Summer
Extension 765,8850,Magic Mike
Iron Horse Entertainment (II),34981,Magic Mike
Village Roadshow Pictures,79,Darkness Falls
Revolution Studios,497,Darkness Falls
Distant Corners Entertainment Group Inc.,21838,Darkness Falls
Blue Star Productions,21839,Darkness Falls
Morningstar Films,21840,Darkness Falls
United Artists,60,Live and Let Die
Eon Productions,7576,Live and Let Die
Danjaq,10761,Live and Let Die
Alcon Entertainment,1088,My Dog Skip
Warner Bros.,6194,My Dog Skip
Universal Pictures,33,"Definitely, Maybe"
StudioCanal,694,"Definitely, Maybe"
Working Title Films,10163,"Definitely, Maybe"
Ringerike Erste Filmproduktion,49123,"Definitely, Maybe"
[],[],Bran Nue Dae
TriStar Pictures,559,Jumping the Broom
Stage 6 Films,11341,Jumping the Broom
Sony Pictures Worldwide Acquisitions (SPWA),14577,Jumping the Broom
TDJ Enterprises / New Dimensions Entertainment,71959,Jumping the Broom
Our Stories Films,71960,Jumping the Broom
2929 Productions,846,"Good Night, and Good Luck."
Participant Productions,2030,"Good Night, and Good Luck."
Warner Independent Pictures (WIP),11509,"Good Night, and Good Luck."
Davis Films,14175,"Good Night, and Good Luck."
Section Eight Productions,14315,"Good Night, and Good Luck."
Redbus Pictures,20451,"Good Night, and Good Luck."
Tohokushinsha,51850,"Good Night, and Good Luck."
Sony Pictures Classics,58,Capote
Cooper's Town Productions,213,Capote
Eagle Vision Inc.,214,Capote
Manitoba Film and Video Production Tax Credit,11715,Capote
Province of British Columbia Production Services Tax Credit,12200,Capote
Infinity Media,54280,Capote
A-Line Pictures,54281,Capote
Columbia Pictures,5,Desperado
Los Hooligans Productions,11705,Desperado
Metro-Goldwyn-Mayer (MGM),8411,Logan's Run
Silver Pictures,1885,Action Jackson
Lorimar Motion Pictures,1887,Action Jackson
Celador Films,3573,The Descent
Pathé,7981,The Descent
Northmen Productions,45785,The Descent
IMAX,3447,Michael Jordan to the Max
Twentieth Century Fox Film Corporation,306,Devil's Due
Davis Entertainment,1302,Devil's Due
TSG Entertainment,22213,Devil's Due
Miramax Films,14,Flirting with Disaster
Lions Gate Films,35,The Devil's Rejects
Cinerenta Medienbeteiligungs KG,995,The Devil's Rejects
Firm Films,1838,The Devil's Rejects
Cinelamda Internationale Filmproduktionsgesellschaft,45966,The Devil's Rejects
[],[],Alien Zone
Mike Zoss Productions,2092,A Serious Man
Studio Canal,5870,A Serious Man
Relativity Media,7295,A Serious Man
Focus Features,10146,A Serious Man
Working Title Films,10163,A Serious Man
K5 International,6715,Get Low
Zanuck Independent,6716,Get Low
David Gundlach Productions,6717,Get Low
New World Pictures,1950,Warlock
Relativity Media,7295,Beyond the Lights
Homegrown Pictures,8840,Beyond the Lights
Black Entertainment Television (BET),42321,Beyond the Lights
Relativity Sports,86115,Beyond the Lights
Undisputed Cinema,86116,Beyond the Lights
Double Feature Films,215,Freeheld
Endgame Entertainment,1205,Freeheld
High Frequency Entertainment,52053,Freeheld
Depth of Field,1473,A Single Man
Artina Films,2394,A Single Man
Fade to Black Productions,9351,A Single Man
Universal Pictures,33,The Last Temptation of Christ
Cineplex-Odeon Films,5231,The Last Temptation of Christ
Miramax Films,14,Outside Providence
Eagle Beach Productions,8014,Outside Providence
[],[],Bride & Prejudice
Sony Pictures Classics,58,Redbelt
Showtime Australia,2948,Rabbit-Proof Fence
Australian Film Finance Corporation (AFFC),8724,Rabbit-Proof Fence
Rumbalara Films,57623,Rabbit-Proof Fence
Olsen Levy,57624,Rabbit-Proof Fence
The Weinstein Company,308,Who's Your Caddy?
Dimension Films,7405,Who's Your Caddy?
Metro-Goldwyn-Mayer (MGM),8411,Who's Your Caddy?
Entertainment,7676,Split Second
Muse Productions,15231,Split Second
Challenge Film Corporation,75037,Split Second
XYZ Funding N.V.,75038,Split Second
3Mark Entertainment,3208,The Other Side of Heaven
Yash Raj Films,1569,Veer-Zaara
Scott Free Productions,1645,Cyrus
[],[],A Dog Of Flanders
Sony Pictures Classics,58,Auto Focus
Propaganda Films,278,Auto Focus
Good Machine,10565,Auto Focus
The Weinstein Company,308,Factory Girl
L.I.F.T. Production,1305,Factory Girl
Holly Wiersma Productions,21856,Factory Girl
BBC Films,288,We Need to Talk About Kevin
Oscilloscope Laboratories,4748,We Need to Talk About Kevin
British Broadcasting Corporation (BBC),15278,The Heart of Me
Impact Productions LLC,10283,The Christmas Candle
Pinewood Studios,19404,The Christmas Candle
Big Book Media,36988,The Christmas Candle
EchoLight Studios,39281,The Christmas Candle
[],[],The Mighty Macs
Tijuana Productions,5337,Losin' It
Tiberius Film Productions,5338,Losin' It
Mockingbird Pictures,1092,Mother and Child
Everest Entertainment,10892,Mother and Child
Associated General Films,4377,March or Die
Sir Lew Grade,11985,March or Die
Destination Films,769,Facing the Giants
Canal Plus,104,The Visitors
Gaumont International,7961,The Visitors
France 3 Cinema,16804,The Visitors
American Zoetrope,70,Somewhere
Focus Features,10146,Somewhere
Pathé!,35461,Somewhere
Tohokushinsha,51850,Somewhere
[],[],I Hope They Serve Beer in Hell
101st Street Films,54684,Chairman of the Board
DRO Entertainment,7507,Hesher
The Last Picture Company,8869,Hesher
CatchPlay,8870,Hesher
Corner Store Entertainment,8871,Hesher
Filmula,8872,Hesher
Handsomecharlie Films,8873,Hesher
American Work,42325,Hesher
Dreamagine Entertainment,49731,Hesher
BBC Films,288,Dom Hemingway
Isle of Man Film Commission,8719,Dom Hemingway
Recorded Picture Company (RPC),11561,Dom Hemingway
Pinewood Studios,19404,Dom Hemingway
Epsilon Motion Pictures,1171,Gerry
Tango Films,32598,Gerry
My Cactus,32599,Gerry
Wild Bunch,856,The Extra Man
Likely Story,1785,The Extra Man
Tax Credit Finance,3782,The Extra Man
3 Arts Entertainment,36390,The Extra Man
Lenfilm Studio,27593,Hard to Be a God
Sever Studio,69586,Hard to Be a God
Kanal Russia 1,69587,Hard to Be a God
Immortal Thoughts,4624,Ca$h
Three Good Men,22712,Ca$h
Reeleyes Film,1207,Wah-Wah
Wah Film Productions Ltd.,3008,Wah-Wah
Scion Films,7419,Wah-Wah
Loma Nasha,7646,Wah-Wah
[],[],I Want Someone to Eat Cheese With
Franchise Pictures,1403,The Boondock Saints
Brood Syndicate,11342,The Boondock Saints
B.D.S. Productions Inc.,20088,The Boondock Saints
Pegasus Motion Pictures,6950,Z Storm
American Zoetrope,70,Twixt
Bazelevs Production,1038,The Snow Queen
Crest Animation Production,6575,Alpha and Omega: The Legend of the Saw Tooth Cave
LionsGate,7571,Alpha and Omega: The Legend of the Saw Tooth Cave
Premiere Picture,3870,Perrier’s Bounty
Irish Film Board,5267,Perrier’s Bounty
Parallel Film Productions,16486,Perrier’s Bounty
Warner Bros.,6194,Pale Rider
Malpaso Company,15298,Pale Rider
Metro-Goldwyn-Mayer (MGM),8411,Stargate: The Ark of Truth
Kawoosh! Productions DTV I,72565,Stargate: The Ark of Truth
Gramercy Pictures,37,Dazed and Confused
Alphaville Productions,6556,Dazed and Confused
The Criterion Collection,10932,Dazed and Confused
Disney Channel,3213,High School Musical 2
[],[],Two Lovers and a Bear
NeeNee Productions,50490,Criminal Activities
Capacity Pictures,50491,Criminal Activities
May Day Movies,50492,Criminal Activities
[],[],Aimee & Jaguar
Lawrence Bender Productions,2253,The Chumscrubber
El Camino Pictures,2839,The Chumscrubber
Go Fish Pictures,2840,The Chumscrubber
Cobalt Media Group,18619,Shade
Judgement Pictures,55630,Shade
Hammond Entertainment,55631,Shade
A Bigger Boat,5855,House at the End of the Street
Relativity Media,7295,House at the End of the Street
FilmNation Entertainment,7493,House at the End of the Street
TS Productions,313,Incendies
Micro scope,7272,Incendies
Phi Group,7273,Incendies
Fandango,2441,"Remember Me, My Love"
Medusa Film,6246,"Remember Me, My Love"
Tele+,15139,"Remember Me, My Love"
Vice Versa Film,34529,"Remember Me, My Love"
Columbia Pictures Corporation,441,Boyz n the Hood
Columbia Pictures Corporation,441,La Bamba
New Visions Pictures,15117,La Bamba
Universal Pictures,33,The Four Seasons
Filmways Pictures,1138,Dressed to Kill
Cinema 77 Films,10317,Dressed to Kill
Walt Disney Pictures,2,The Adventures of Huck Finn
Columbia Pictures,5,Go
Sony Pictures,34,Friends with Money
Universal Pictures,33,The Andromeda Strain
Destination Films,769,Bats
MTM Cineteve,740,Nowhere in Africa
Bavaria Film,1704,Nowhere in Africa
Constantin Film Produktion,5755,Nowhere in Africa
Media Cooperation One,24212,Nowhere in Africa
[],[],Mooz-lum
HanWay Films,2395,Shame
UK Film Council,2452,Shame
Alliance Films,2514,Shame
See-Saw Films,7217,Shame
Film4,9349,Shame
Lipsync Productions,9987,Shame
Sony Pictures Classics,58,Layer Cake
Marv Films,5374,Layer Cake
[],[],The Work and the Glory II: American Zion
Scott Free Productions,1645,The East
Killer Films,1422,A Home at the End of the World
Hart-Sharp Entertainment,11351,A Home at the End of the World
Saturn Films,831,The Wrestler
Wild Bunch,856,The Wrestler
Protozoa Pictures,7503,The Wrestler
Top Rope,7504,The Wrestler
Filmfabriken Baltic Sea AB,4552,Aberdeen
Oscilloscope Laboratories,4748,The Messenger
T.H.E. Films,668,Tracker
Phoenix Wiley,7316,Tracker
Eden Films,18083,Tracker
Becker International,1915,Control
Claraflora,1916,Control
EM Media,1917,Control
NorthSee,1918,Control
"Weinstein Company, The",7289,Control
Orion Pictures,41,The Terminator
Pacific Western,1280,The Terminator
Hemdale Film,3952,The Terminator
Cinema 84,4764,The Terminator
Euro Film Funding,7745,The Terminator
WDR,46,"Good bye, Lenin!"
Arte,201,"Good bye, Lenin!"
X-Filme Creative Pool,1972,"Good bye, Lenin!"
BBC Films,288,The Damned United
Columbia Pictures Corporation,441,The Damned United
Screen Yorkshire,2690,The Damned United
Left Bank Pictures,5340,The Damned United
Screen Yorkshire Production Fund,11560,The Damned United
Hemdale Film Corporation,469,The Return of the Living Dead
Fox Films Ltd.,4763,The Return of the Living Dead
Cinema 84,4764,The Return of the Living Dead
Gramercy Pictures,37,Mallrats
Alphaville Films,11462,Mallrats
View Askew Productions,16934,Mallrats
Paramount Pictures,4,Grease
Robert Stigwood Organization (RSO),3978,Grease
Orion Pictures,41,Platoon
Hemdale Film Corporation,469,Platoon
Associated General Films,4377,Capricorn One
Incorporated Television Company (ITC),15980,Capricorn One
BIM Distribuzione,225,Fahrenheit 9/11
Fellowship Adventure Group,8734,Fahrenheit 9/11
Twentieth Century Fox Film Corporation,306,Butch Cassidy and the Sundance Kid
Campanile Productions,381,Butch Cassidy and the Sundance Kid
Newman-Foreman Productions,382,Butch Cassidy and the Sundance Kid
Walt Disney Productions,3166,Mary Poppins
Paramount Pictures,4,Ordinary People
Wildwood Enterprises,316,Ordinary People
United Artists,60,West Side Story
Seven Arts,8268,West Side Story
Mirisch Pictures,90571,West Side Story
New Regency Pictures,10104,Simply Irresistible
Taurus Film,20555,Simply Irresistible
Polar Entertainment Corporation,62072,Simply Irresistible
Orion Pictures,41,Caddyshack
Warner Bros.,6194,Caddyshack
[],[],The Brothers
MTV Films,746,The Wood
Blue Parrot Productions,361,The Usual Suspects
Bad Hat Harry Productions,9168,The Usual Suspects
New Line Cinema,12,A Nightmare on Elm Street 5: The Dream Child
Tapestry Films,870,National Lampoon’s Van Wilder
Artisan Entertainment,2188,National Lampoon’s Van Wilder
United Artists,60,Annie Hall
The Selznik Studio,62,Duel in the Sun
Vanguard Films,614,Duel in the Sun
Castle Rock Entertainment,97,Best in Show
AVCO Embassy Pictures,494,Escape from New York
Goldcrest Films International,500,Escape from New York
International Film Investors,502,Escape from New York
City Film,664,Escape from New York
Columbia Pictures,5,School Daze
40 Acres & A Mule Filmworks,4319,School Daze
Revolution Studios,497,Daddy Day Camp
TriStar Pictures,559,Daddy Day Camp
Golden Harvest Company,2521,Mr. Nice Guy
Castle Rock Entertainment,97,A Mighty Wind
Night Light Films,3344,Mystic Pizza
The Samuel Goldwyn Company,8888,Mystic Pizza
Paramount Pictures,4,Sliding Doors
Miramax Films,14,Sliding Doors
Intermedia Films,763,Sliding Doors
Mirage Enterprises,932,Sliding Doors
40 Acres & A Mule Filmworks,4319,Tales from the Hood
Savoy Pictures,11308,Tales from the Hood
Fox Searchlight Pictures,43,The Last King of Scotland
Cowboy Films,245,The Last King of Scotland
DNA Films,284,The Last King of Scotland
Scottish Screen,698,The Last King of Scotland
UK Film Council,2452,The Last King of Scotland
Filmfour,6705,The Last King of Scotland
Slate Films,20369,The Last King of Scotland
Tatfilm,20370,The Last King of Scotland
NALA Films,2088,Casa De Mi Padre
Gary Sanchez Productions,4740,Casa De Mi Padre
Lions Gate,6644,Casa De Mi Padre
Trans Pacific Films,4351,Halloween 5: The Revenge of Michael Myers
Castle Rock Entertainment,97,Bernie
Horsethief Pictures,6352,Bernie
Mandalay Vision,6667,Bernie
Wind Dancer Productions,8116,Bernie
Detour Filmproduction,11510,Bernie
3D Entertainment,5313,Dolphins and Whales: Tribes of the Ocean
Gavin McKinney Underwater Productions,5314,Dolphins and Whales: Tribes of the Ocean
Fred Berner Films,89312,Pollock
Zeke Productions,89425,Pollock
Paramount Pictures,4,200 Cigarettes
CBS Films,5490,The Words
Also Known As Pictures,12545,The Words
UK Film Council,2452,The Guard
Crescendo Productions,3314,The Guard
Element Pictures,3353,The Guard
Irish Film Board,5267,The Guard
Prescience,6901,The Guard
Reprisal Films,7308,The Guard
Aegis Film Fund,7309,The Guard
Metro-Goldwyn-Mayer (MGM),8411,College
American Zoetrope,70,The Virgin Suicides
Miramax Films,14,Little Voice
The Jacobson Company,3638,Miss March
Double Feature Films,215,Wish I Was Here
Wild Bunch,856,Wish I Was Here
Worldview Entertainment,9015,Wish I Was Here
New Line Cinema,12,Hedwig and the Angry Inch
Killer Films,1422,Hedwig and the Angry Inch
Davis Films,14175,Only the Strong
Freestone Pictures,89388,Only the Strong
Dalia Films,72861,Goddess of Love
Lions Gate Films,35,Shattered Glass
Cruise/Wagner Productions,44,Shattered Glass
Baumgarten Merims Productions,14652,Shattered Glass
Numb Gums Production Inc.,3840,Novocaine
i5 Films,26927,The Business of Strangers
Headquarters,42932,The Business of Strangers
Warner Brothers/Seven Arts,4051,The Wild Bunch
SBK Pictures,11665,The Wackness
Occupant Entertainment,25838,The Wackness
United Artists,60,The First Great Train Robbery
Starling Films,23126,The First Great Train Robbery
Company Pictures,11842,Morvern Callar
Live Entertainment,285,Reservoir Dogs
Lionsgate,1632,Reservoir Dogs
Dog Eat Dog Productions Inc.,26198,Reservoir Dogs
Les Films 21,1113,Beastmaster 2: Through the Portal of Time
Republic Pictures,1432,Beastmaster 2: Through the Portal of Time
McCreary Entertainment,79538,The 5th Quarter
Angel City Pictures,79539,The 5th Quarter
[],[],The Flower of Evil
Irish Dreamtime,597,The Greatest
Silverwood Films,2293,The Greatest
Tax Credit Finance,3782,The Greatest
Oceana Media Finance,4634,The Greatest
Barbarian Films,6563,The Greatest
IDG China Media,37041,Snow Flower and the Secret Fan
Firm Films,1838,Come Early Morning
Bold Films,2266,Come Early Morning
Holly Wiersma Productions,21856,Come Early Morning
[],[],Lucky Break
Twentieth Century Fox Film Corporation,306,Julia
[],[],"Surfer, Dude"
[],[],Lake of Fire
[],[],Emma
[],[],Certifiably Jonathan
Firm Films,1838,11:14
Media 8 Entertainment,2226,11:14
MDP Worldwide,10828,11:14
Signature Pictures,2982,Men of War
MDP Worldwide,10828,Men of War
Pomarance Corporation,10829,Men of War
Animus Films,4135,Don McKay
StudioCanal,694,Deadfall
Mutual Film Company,762,Deadfall
2929 Productions,846,Deadfall
Magnolia Pictures,1030,Deadfall
Madhouse Entertainment,12199,Deadfall
Octagon Films,1266,A Shine of Rainbows
Sepia Films,10969,A Shine of Rainbows
North by Northwest Entertainment,1804,The Hit List
Universal Pictures,33,Videodrome
Famous Players Ltd,541,Videodrome
Guardian Trust Company,542,Videodrome
Filmplan International II,543,Videodrome
Mate Producciones S.A.,732,The Spanish Apartment
Worldview Entertainment,9015,Song One
Max TV,11301,Winter in Wartime
Prime Time,11931,Winter in Wartime
Isabella Films B.V.,12045,Winter in Wartime
Fu Works,12046,Winter in Wartime
Isabella Films,12047,Winter in Wartime
Final Cut Productions,3120,Freaky Deaky
The Matthau Company,52324,Freaky Deaky
Les Productions Artistes Associés,64,The Train
Les Films Ariane,7110,The Train
Dear Film Produzione,11929,The Train
[],[],Trade Of Innocents
The Weinstein Company,308,The Protector
Sahamongkol Film International,6018,The Protector
Vivendi,8211,The Protector
[],[],Stiff Upper Lips
Miramax Films,14,Iris
BBC Films,288,Iris
Intermedia Films,763,Iris
Fox Searchlight Pictures,43,Bend It Like Beckham
Kintop Pictures,1490,Bend It Like Beckham
Filmförderung Hamburg,2406,Bend It Like Beckham
UK Film Council,2452,Bend It Like Beckham
[],[],Sunshine State
360 Pictures,2894,Crossover
Dribble Productions,2895,Crossover
Platinum Equity,2896,Crossover
[],[],Khiladi 786
Filmax,3631,[REC]²
[],[],Standing Ovation
Universal Pictures,33,The Sting
Twentieth Century Fox Film Corporation,306,Chariots of Fire
Warner Bros.,6194,Chariots of Fire
Enigma Productions,7049,Chariots of Fire
The Ladd Company,7965,Chariots of Fire
"Allied Stars, Ltd.",8770,Chariots of Fire
Lions Gate Films,35,Diary of a Mad Black Woman
Fine Line Features,8,Shine
Australian Film Finance Corporation (AFFC),8724,Shine
Film Victoria,11840,Shine
South Australian Feature Film Company,41999,Shine
Voltage Pictures,10255,Don Jon
Ram Bergman Productions,11092,Don Jon
HitRecord Films,14578,Don Jon
Universal Pictures,33,High Plains Drifter
Malpaso Productions,171,High Plains Drifter
United Artists,60,Ghost World
Jersey Films,216,Ghost World
Granada Film Productions,247,Ghost World
Capitol Films,826,Ghost World
Mr. Mudd Production,2130,Ghost World
Marimark Productions,1010,Galaxina
France 2 Cinéma,83,The Chorus
Galatée Films,793,The Chorus
Pathé Renn Productions,866,The Chorus
Novo Arturo Films,1168,The Chorus
Vega Film,8138,The Chorus
icon,4096,Mambo Italiano
Lions Gate Films,35,Wonderland
Universal Pictures,33,Do the Right Thing
40 Acres & A Mule Filmworks,4319,Do the Right Thing
Lions Gate Films,35,Harvard Man
Worldwide Media,21097,Harvard Man
[],[],Le Havre
Eskwad,616,Irreversible
StudioCanal,694,Irreversible
Wild Bunch,856,Irreversible
Les Cinémas de la Zone,1157,Irreversible
Nord-Ouest Productions,4176,Irreversible
Canal+,5358,Irreversible
120 Films,19233,Irreversible
Warner Bros.,6194,R100
Yoshimoto Kogyo Company,11629,R100
Flicks Motion Pictures,2319,Rang De Basanti
UTV Motion Pictures,2320,Rang De Basanti
[],[],Animals
Mandalay Vision,6667,Salvation Boulevard
Ascot Elite Home Entertainment,14576,The Ten
[],[],A Room for Romeo Brass
Nordisk Film,235,Headhunters
Yellow Bird Films,5746,Headhunters
Friland Produksjon,8246,Headhunters
ARD Degeto Film,10947,Headhunters
Irish Film Board,5267,Grabbers
Samson Films,11571,Grabbers
Forward Films,17748,Grabbers
High Treason Productions,21597,Grabbers
Nvizible,51929,Grabbers
Alliance Atlantis Communications,803,Saint Ralph
Amaze Film + Television,15689,Saint Ralph
Running Miracles Productions,64570,Saint Ralph
Maipo Film- og TV Produksjon,2009,Miss Julie
Rastar Pictures,2070,Somewhere in Time
[],[],Dum Maaro Dum
Sony Pictures,34,Insidious: Chapter 2
FilmDistrict,7263,Insidious: Chapter 2
Lions Gate Films,35,Saw II
Got Films,1053,Saw II
Twisted Pictures,2061,Saw II
Evolution Entertainment,23019,Saw II
Saw 2 Productions,64651,Saw II
Paramount Pictures,4,10 Cloverfield Lane
Bad Robot,11461,10 Cloverfield Lane
Spectrum Effects,78177,10 Cloverfield Lane
Paramount Pictures,4,Jackass: The Movie
MTV Films,746,Jackass: The Movie
Dickhouse Productions,6328,Jackass: The Movie
Lynch Siderow Productions,90661,Jackass: The Movie
New Line Productions,8781,Lights Out
Matter Productions,13554,Lights Out
Atomic Monster,76907,Lights Out
Paramount Pictures,4,Paranormal Activity 3
Blumhouse Productions,3172,Paranormal Activity 3
Room 101,6302,Paranormal Activity 3
Solana Films,21223,Paranormal Activity 3
Universal Pictures,33,Ouija
Dentsu Inc.,1778,Ouija
Platinum Dunes,2481,Ouija
Media Rights Capital,2531,Ouija
Blumhouse Productions,3172,Ouija
Fuji Television Network,3341,Ouija
Hasbro Studios,22826,Ouija
5150 Action,47354,Ouija
White Noise Factory,88762,Ouija
New Line Cinema,12,A Nightmare on Elm Street 3: Dream Warriors
Smart Egg Pictures,1531,A Nightmare on Elm Street 3: Dream Warriors
Filmax,3631,Instructions Not Included
Signature Entertainment,23770,Instructions Not Included
Pinema,47231,Instructions Not Included
Pantelion Films,58399,Instructions Not Included
Paramount Pictures,4,Paranormal Activity 4
Blumhouse Productions,3172,Paranormal Activity 4
Room 101,6302,Paranormal Activity 4
Solana Films,21223,Paranormal Activity 4
Twentieth Century Fox Film Corporation,306,The Robe
United Artists,60,The Return of the Pink Panther
Jewel Productions,10257,The Return of the Pink Panther
Pimlico Films,10258,The Return of the Pink Panther
Incorporated Television Company (ITC),15980,The Return of the Pink Panther
New Line Cinema,12,Freddy's Dead: The Final Nightmare
Newmarket Films,28,Monster
Walt Disney Productions,3166,"20,000 Leagues Under the Sea"
Blumhouse Productions,3172,Paranormal Activity: The Marked Ones
Room 101,6302,Paranormal Activity: The Marked Ones
Solana Films,21223,Paranormal Activity: The Marked Ones
Brooksfilms,5612,The Elephant Man
Universal Studios,13,Dallas Buyers Club
Universal Pictures,33,Dallas Buyers Club
Voltage Pictures,10255,Dallas Buyers Club
Truth Entertainment,19631,Dallas Buyers Club
Lionsgate,1632,The Lazarus Effect
Blumhouse Productions,3172,The Lazarus Effect
Chapter One Films,55265,The Lazarus Effect
Summit Entertainment,491,Memento
Newmarket Capital Group,506,Memento
Team Todd,598,Memento
I Remember Productions,34446,Memento
Intrepid Pictures,1224,Oculus
Blumhouse Productions,3172,Oculus
Relativity Media,7295,Oculus
WWE Studios,10339,Oculus
MICA Entertainment,24510,Oculus
The Weinstein Company,308,Clerks II
View Askew Productions,16934,Clerks II
BBC Films,288,Billy Elliot
Tiger Aspect Productions,686,Billy Elliot
StudioCanal,694,Billy Elliot
Arts Council of England,718,Billy Elliot
Working Title Films,10163,Billy Elliot
WT2 Productions,10462,Billy Elliot
Fox Searchlight Pictures,43,The Way Way Back
Odd Lot Entertainment,3263,The Way Way Back
Sycamore Pictures,14319,The Way Way Back
[],[],House Party 2
Cambridge Productions,4293,The Man from Snowy River
Walt Disney Pictures,2,Doug's 1st Movie
Butcher's Run Productions,1257,The Apostle
Paramount Pictures,4,Mommie Dearest
RabbitBandini Productions,8924,Spring Breakers
Division Films,14036,Spring Breakers
Pop Films,14531,Spring Breakers
Radar Pictures,14718,Spring Breakers
Muse Productions,15231,Spring Breakers
MJZ,17719,Spring Breakers
O' Salvation,26676,Spring Breakers
Iconoclast,78780,Spring Breakers
The Weinstein Company,308,Our Idiot Brother
Likely Story,1785,Our Idiot Brother
Big Beach Films,12808,Our Idiot Brother
Yuk Films,19749,Our Idiot Brother
Forecast Pictures,12686,Race
Solofilms,50083,Race
JoBro Productions & Film Finance,50084,Race
Trinity Race,78218,Race
New Line Cinema,12,The Players Club
Universal Pictures,33,"As Above, So Below"
Legendary Pictures,923,"As Above, So Below"
Brothers Dowdle Productions,66930,"As Above, So Below"
Lionsgate,1632,Addicted
Codeblack Entertainment,35327,Addicted
[],[],Eve's Bayou
Bold Films,2266,No Escape
Living Films,2877,No Escape
Brothers Dowdle Productions,66930,No Escape
Killer Films,1422,Still Alice
Big Indie Pictures,6831,Still Alice
Backup Media,26590,Still Alice
BSM Studio,28361,Still Alice
Twentieth Century Fox Film Corporation,306,The Egyptian
Universal Pictures,33,Nighthawks
Martin Poll Productions,3986,Nighthawks
The Production Company,3987,Nighthawks
Paramount Pictures,4,Friday the 13th Part VIII: Jason Takes Manhattan
Sean S. Cunningham Films,17611,Friday the 13th Part VIII: Jason Takes Manhattan
Horror Inc.,62948,Friday the 13th Part VIII: Jason Takes Manhattan
Home Box Office (HBO),3268,My Big Fat Greek Wedding
Playtone,4171,My Big Fat Greek Wedding
Gold Circle Films,12026,My Big Fat Greek Wedding
Ontario Film Development Corporation,22210,My Big Fat Greek Wedding
MPH Entertainment Productions,95018,My Big Fat Greek Wedding
Miramax Films,14,Halloween: The Curse of Michael Myers
Bésame Mucho Pictures,1101,Y Tu Mamá También
Producciones Anhelo,1102,Y Tu Mamá También
The Criterion Collection,10932,Y Tu Mamá También
Universal Pictures,33,Shaun of the Dead
Big Talk Productions,443,Shaun of the Dead
StudioCanal,694,Shaun of the Dead
Film4,9349,Shaun of the Dead
Working Title Films,10163,Shaun of the Dead
WT2 Productions,10462,Shaun of the Dead
De Wolfe Music,53047,Shaun of the Dead
Inside Track 2,53048,Shaun of the Dead
Freestyle Releasing,4616,The Haunting of Molly Hartley
Liddell Entertainment,8533,The Haunting of Molly Hartley
Castle Rock Entertainment,97,Lone Star
Columbia Pictures Corporation,441,Lone Star
Rio Dulce,11948,Lone Star
Dimension Films,7405,Halloween 4: The Return of Michael Myers
Paramount Pictures,4,April Fool's Day
Hometown Films,52760,April Fool's Day
YCTM,77507,April Fool's Day
Metro-Goldwyn-Mayer (MGM),8411,Diner
1818,21468,Lone Wolf McQuade
Lone Wolf McQuade Associates,21469,Lone Wolf McQuade
Topkick Productions,21470,Lone Wolf McQuade
Bazelevs Production,1038,Apollo 18
Dimension Films,7405,Apollo 18
Bekmambetov Projects Ltd.,24923,Apollo 18
Back Lot Pictures,7374,Sunshine Cleaning
Overture Films,12807,Sunshine Cleaning
Big Beach Films,12808,Sunshine Cleaning
Antares Produzione Cinematografica,4950,The Beastmaster
Metro-Goldwyn-Mayer (MGM),8411,The Beastmaster
Edward Small Productions,13479,Solomon and Sheba
Open Road Films (II),16313,Fifty Shades of Black
[],[],Not Easily Broken
Paramount Pictures,4,A Farewell to Arms
Lionsgate,1632,The Perfect Match
Jorva Entertainment Productions,72634,The Perfect Match
Saban Entertainment,2106,Digimon: The Movie
Toei,5822,Digimon: The Movie
[],[],Saved!
Pyramide Productions,186,The Barbarian Invasions
Cinémaginaire Inc.,280,The Barbarian Invasions
Téléfilm Canada,806,The Barbarian Invasions
The Harold Greenberg Fund,807,The Barbarian Invasions
Astral Films,4042,The Barbarian Invasions
Canal+,5358,The Barbarian Invasions
Société Radio-Canada,9115,The Barbarian Invasions
Société de Développement des Entreprises Culturelles (SODEC),9116,The Barbarian Invasions
Centre National de la Cinématographie (CNC),18367,The Barbarian Invasions
Columbia Pictures Corporation,441,Robin and Marian
Rastar Pictures,2070,Robin and Marian
Paramount Pictures,4,Once Upon a Time in the West
Rafran Cinematografica,218,Once Upon a Time in the West
Finanzia San Marco,11386,Once Upon a Time in the West
Screen Gems,3287,The Forsaken
Sony Pictures Entertainment,5752,The Forsaken
Egmont Film,9365,The Forsaken
Columbia TriStar Home Entertainment,10202,The Forsaken
Columbia Pictures Corporation,441,Force 10 from Navarone
Orion Pictures,41,UHF
Cinecorp,19029,UHF
Twentieth Century Fox Film Corporation,306,Grandma's Boy
Happy Madison Productions,2608,Grandma's Boy
Fox Searchlight Pictures,43,Slums of Beverly Hills
Artisan Entertainment,2188,Made
Liberty Films UK,3316,Moon
Lunar Industries,3317,Moon
Xingu Films,3318,Moon
Limelight Fund,12018,Moon
[],[],Keeping Up with the Steins
N3D Land Productions,29943,Sea Rex 3D: Journey to a Prehistoric World
Mantello Brothers Productions,54610,Sea Rex 3D: Journey to a Prehistoric World
Fine Line Features,8,The Sweet Hereafter
Alliance Communications,579,The Sweet Hereafter
[],[],Flying By
Why Not Productions,729,Of Gods and Men
Armada Films,7453,Of Gods and Men
France Télévision,7454,Of Gods and Men
Cinémage 4,7455,Of Gods and Men
Cofinova 6,7456,Of Gods and Men
Soficinéma 6,7457,Of Gods and Men
Zininsa Film Production,7653,Bottle Shock
Intellectual Properties Worldwide,18524,Bottle Shock
[],[],Jekyll and Hyde ... Together Again
WingNut Films,11,Heavenly Creatures
Miramax Films,14,Heavenly Creatures
New Zealand Film Commission,294,Heavenly Creatures
Fontana Productions,2306,Heavenly Creatures
Emmett/Furla Films,10405,90 Minutes in Heaven
Giving Films,68117,90 Minutes in Heaven
Eden Rock Media,2273,Tucker and Dale vs Evil
Birdsong Pictures,7436,Everything Must Go
IM Global,7437,Everything Must Go
Castle Rock Entertainment,97,Zero Effect
Columbia Pictures Corporation,441,Zero Effect
Manifest Film Company,20719,Zero Effect
Filmax Entertainment,7302,The Machinist
Castelao Producciones,7956,The Machinist
Canal+ España,9335,The Machinist
Instituto de la Cinematografía y de las Artes Audiovisuales (ICAA),9974,The Machinist
ICF,52107,The Machinist
Fine Line Features,8,Light Sleeper
Live Entertainment,285,Light Sleeper
Seven Arts,8268,Light Sleeper
Carolco Pictures,14723,Light Sleeper
The Combine,27450,Kill the Messenger
Bluegrass Films,27451,Kill the Messenger
Olympus Pictures,7400,Rabbit Hole
ContentFilm,1420,Party Monster
Film Science,1976,Green Room
Broad Green Pictures,49389,Green Room
Cold Iron Pictures,3916,The Oh in Ohio
Ambush Entertainment,14406,The Oh in Ohio
"AV Club, The",37726,The Oh in Ohio
Atlas 3 Productions,67480,Atlas Shrugged Part III: Who is John Galt?
Gracie Films,18,Bottle Rocket
Columbia Pictures Corporation,441,Bottle Rocket
Miramax Films,14,Albino Alligator
Albino Alligator Productions,2533,Albino Alligator
[],[],"Gandhi, My Father"
Sony Pictures Classics,58,Standard Operating Procedure
Robson Street,71953,Out of the Blue
[],[],"Lovely, Still"
RKO Radio Pictures,6,Tycoon
Ignite Entertainment,15460,Desert Blue
HSX Films,15461,Desert Blue
[],[],Decoys
Blumhouse Productions,3172,The Visit
Blinding Edge Pictures,12236,The Visit
HDNet Films,3097,Redacted
The Film Farm,22884,Redacted
Quality Films Entertainment,5991,Fascination
Insurge Pictures,7377,Area 51
Filmax Entertainment,7302,Sleep Tight
Castelao Producciones,7956,Sleep Tight
Cubica,26476,Sleep Tight
Isle of Man Film,2268,The Cottage
UK Film Council,2452,The Cottage
Screen Yorkshire,2690,The Cottage
Steel Mill Pictures,15282,The Cottage
Metro-Goldwyn-Mayer (MGM),8411,Dead Like Me: Life After Death
FOTP Productions,2679,Farce of the Penguins
Goldcrest Pictures,11843,Now Is Good
Unified Pictures,13238,Rudderless
Amberdale Productions,23031,Rudderless
Tee Rob Pictures,34846,Rudderless
Henry & Me Productions,34306,Henry & Me
Unstuck,69292,Christmas Eve
Johnson Production Group,5225,We Have Your Husband
Silver Screen Pictures,12799,We Have Your Husband
TinRes Entertainment,20658,Dying of the Light
Over Under Media,40541,Dying of the Light
Jewson Film,44241,Born Of War
Born of War,44242,Born Of War
Phillybrook Films,65147,Should've Been Romeo
New Kingdom Pictures,41671,Running Forever
Invincible Pictures Corp.,16301,Yoga Hosers
Abbolita Productions,23700,Yoga Hosers
Destro Films,35043,Yoga Hosers
Hollywood Media Bridge,3546,Navy Seals vs. Zombies
Throne Productions,63993,Navy Seals vs. Zombies
[],[],I Served the King of England
Corazón International,200,Soul Kitchen
Biograf Jan Svěrák,6419,Soul Kitchen
Miramax Films,14,Sling Blade
BBC Films,288,The Awakening
Studio Canal,5870,The Awakening
Creative Scotland,8087,The Awakening
Origin Pictures,8088,The Awakening
Lipsync Productions,9987,The Awakening
International Production Company,1507,Hostel
Raw Nerve,1631,Hostel
Lionsgate,1632,Hostel
Next Entertainment,1633,Hostel
Screen Gems,3287,Hostel
Hostel LLC,17793,Hostel
Revolution Films,163,A Cock and Bull Story
BBC Films,288,A Cock and Bull Story
Baby Cow Productions,1219,A Cock and Bull Story
EM Media,1917,A Cock and Bull Story
Scion Films,7419,A Cock and Bull Story
East Midlands Media Initiative,89041,A Cock and Bull Story
Hydraulx,10936,Take Shelter
REI Capital,21925,Take Shelter
Grove Hill Productions,21926,Take Shelter
Strange Matter Films,21927,Take Shelter
New Sky Communications Inc.,54531,Lady in White
[],[],Driving Lessons
Lost Rhino Films,39328,Let's Kill Ward's Wife
Cannon Films,4110,The Texas Chainsaw Massacre 2
Metro-Goldwyn-Mayer (MGM),8411,Pat Garrett & Billy the Kid
Gaumont,9,Only God Forgives
Wild Bunch,856,Only God Forgives
Bold Films,2266,Only God Forgives
Film i Väst,17513,Only God Forgives
A Grand Elephant,19865,Only God Forgives
[],[],Camping Sauvage
[],[],Without Men
Scottish Screen,698,Dear Frankie
Pathé Pictures International,1178,Dear Frankie
UK Film Council,2452,Dear Frankie
Inside Track Productions,52723,Dear Frankie
Sigma Films,53874,Dear Frankie
Scorpio Films,80272,Dear Frankie
New Real Films,2649,All Hat
Canal+,5358,The Names of Love
TPS Star,6586,The Names of Love
Delante Films,7694,The Names of Love
TF1 Droits Audiovisuels,8350,The Names of Love
Rhombus Media,164,Treading Water
Mecanismo Films,21382,Treading Water
Redrum,41921,Treading Water
Celluloid Dreams,860,Savage Grace
Killer Films,1422,Savage Grace
John Wells Productions,1512,Savage Grace
Montfort Producciones,2207,Savage Grace
[],[],Out of the Blue
Warner Bros.,6194,Police Academy
The Ladd Company,7965,Police Academy
Columbia Pictures Corporation,441,The Blue Lagoon
Channel Four Films,181,Four Weddings and a Funeral
PolyGram Filmed Entertainment,1382,Four Weddings and a Funeral
Working Title Films,10163,Four Weddings and a Funeral
Universal Pictures,33,Fast Times at Ridgemont High
Refugee Films,8794,Fast Times at Ridgemont High
Warner Bros.,6194,Moby Dick
Moulin Productions Inc.,14373,Moby Dick
40 Acres & A Mule Filmworks,4319,25th Hour
Touchstone Pictures,9195,25th Hour
Dino De Laurentiis Company,10308,Bound
Spelling Films,10355,Bound
Film Science,1976,Blue Ruin
The Lab Of Madness,2772,Blue Ruin
Neighborhood Watch,22700,Blue Ruin
Paradise City,28360,Blue Ruin
Artisan Entertainment,2188,Requiem for a Dream
Twentieth Century Fox Film Corporation,306,State Fair
Adela Pictures,40451,Tango
Hemdale Film,3952,Salvador
TriStar Pictures,559,Moms' Night Out
Provident Films,3291,Moms' Night Out
Pure Flix Entertainment,6427,Moms' Night Out
Affirm Films,10156,Moms' Night Out
FourBoys Entertainment,80078,Moms' Night Out
Pandora Cinema,185,Donnie Darko
Flower Films,2214,Donnie Darko
Adam Fields Productions,3334,Donnie Darko
[],[],Saving Private Perez
First Floor Features,938,Character
Almerica Films,3259,Character
Muse Productions,15231,Spun
Brink Films,18811,Spun
Silver Nitrate,23909,Spun
Werc Werk Works,53303,Life During Wartime
CJ Capital Investment,946,Sympathy for Lady Vengeance
Korea Capital Investment,1687,Sympathy for Lady Vengeance
Moho Films,1688,Sympathy for Lady Vengeance
TSJ Entertainment,1689,Sympathy for Lady Vengeance
Samsung Venture Capital,1690,Sympathy for Lady Vengeance
Ilshin Capital Investments,1691,Sympathy for Lady Vengeance
Centurion Investment,1692,Sympathy for Lady Vengeance
Les Films Alyne,13907,Mozart's Sister
SKA Films,13419,Mean Machine
Media Asia Films,5552,Exiled
Milky Way Image Company,5632,Exiled
Quickfire Films,4186,Blackthorn
Televisión Española (TVE),6639,Blackthorn
Arcadia Motion Pictures,7543,Blackthorn
Noodles Production,7792,Blackthorn
Canal+ España,9335,Blackthorn
Instituto de la Cinematografía y de las Artes Audiovisuales (ICAA),9974,Blackthorn
Instituto de Crédito Oficial (ICO),11427,Blackthorn
ONO,40789,Blackthorn
Ariane Mararía Films,53194,Blackthorn
Nix Films,53195,Blackthorn
Eter Pictures,53196,Blackthorn
Manto Films,53197,Blackthorn
Pegaso Producciones,53198,Blackthorn
Ibermedia European Community Program,53199,Blackthorn
Audiovisual Aval SGR,53200,Blackthorn
Det Danske Filminstitut,118,Lilya 4-ever
Memfis Film,321,Lilya 4-ever
Film i Väst,17513,Lilya 4-ever
Plum Pictures,2224,After.Life
Harbor Light Entertainment,6020,After.Life
Lleju Productions,12410,After.Life
[],[],Fugly
United Artists,60,One Flew Over the Cuckoo's Nest
Fantasy Films,286,One Flew Over the Cuckoo's Nest
Warner Bros.,6194,One Flew Over the Cuckoo's Nest
EveryWhere Studios,68467,R.L. Stine's Monsterville: The Cabinet of Souls
Crossbow Productions,1296,Silent Movie
T-Series,3522,Airlift
Hari Om Entertainment Co.,3942,Airlift
Cape Of Good Films,35063,Airlift
Sullivan Entertainment,12296,Anne of Green Gables
Strohberry Films,39075,Falcon Rising
Vertigo Films,10393,The Sweeney
Exponential Films,10896,The Sweeney
Embargo Films,22789,The Sweeney
Fox Searchlight Pictures,43,Sexy Beast
Kanzaman,4169,Sexy Beast
Filmfour,6705,Sexy Beast
Recorded Picture Company (RPC),11561,Sexy Beast
Tre Vänner Produktion AB,11792,Easy Money
Swedish Film Institute,14804,Easy Money
Film i Väst,17513,Easy Money
South Pacific Pictures,654,Whale Rider
A B Corp,4502,Paa
Telepool,823,Cargo
Atlantis Pictures,5564,Cargo
Schweizerische Radio- und Fernsehgesellschaft (SRG),23072,Cargo
Ascot Elite Entertainment Group,26025,Cargo
Egli Film,26026,Cargo
Teleclub AG,26027,Cargo
Centauri Media,26029,Cargo
Disney Channel,3213,High School Musical
Arts Council of England,718,Love and Death on Long Island
British Broadcasting Corporation (BBC),3324,Love and Death on Long Island
British Screen Productions,20777,Love and Death on Long Island
Bazelevs Production,1038,Night Watch
Channel One Russia,1039,Night Watch
TABBAK,1040,Night Watch
The First Channel,1272,Night Watch
[],[],3 Strikes
Miramax Films,14,The Crying Game
Channel Four Films,181,The Crying Game
Palace Pictures,927,The Crying Game
Nippon Film Development and Finance Inc.,1202,The Crying Game
Eurotrustees,8876,The Crying Game
British Screen Productions,12745,The Crying Game
Melvin Simon Productions,2124,Porky's
Astral Bellevue Pathé,10313,Porky's
Devonshire Productions,2391,Survival of the Dead
Artfire Films,3240,Survival of the Dead
New Romero,6741,Survival of the Dead
Sudden Storm Productions,6742,Survival of the Dead
Blank of the Dead Productions,23588,Survival of the Dead
Laurel Group,638,Night of the Living Dead
Off Color Films,3139,Night of the Living Dead
Image Ten,14121,Night of the Living Dead
Market Square Productions,14122,Night of the Living Dead
American Zoetrope,70,Lost in Translation
Paramount Pictures,4,The Greatest Show on Earth
Lions Gate Films,35,Monster's Ball
Lee Daniels Entertainment,695,Monster's Ball
Lionsgate,1632,Maggie
Grindstone Entertainment Group,3604,Maggie
Silver Reel,12075,Maggie
Sly Predator,52924,Maggie
Matt Baer Films,52925,Maggie
Gold Star Films,68506,Maggie
Lotus Entertainment (I),74208,Maggie
United Artists,60,Leaving Las Vegas
Intial Productions,15547,Leaving Las Vegas
Tribeca Productions,11391,Hansel and Gretel Get Baked
Universal Studios,13,The Front Page
Universal Pictures,33,The Boy Next Door
Nuyorican Productions,1620,The Boy Next Door
Blumhouse Productions,3172,The Boy Next Door
Smart Entertainment,44783,The Boy Next Door
Joanna Productions,5799,Trapeze
Mandalay Vision,6667,The Kids Are All Right
10th Hole Productions,6691,The Kids Are All Right
Focus Features,10146,The Kids Are All Right
Gilbert Films,10161,The Kids Are All Right
Saint Aire Production,23910,The Kids Are All Right
Artist International,23911,The Kids Are All Right
Antidote Films (I),23912,The Kids Are All Right
Artist International Management,23913,The Kids Are All Right
Universal Pictures,33,They Live
Alive Films,17823,They Live
Larry Franco Productions,17824,They Live
Automatik Entertainment,7625,A Haunted House 2
Open Road Films,10427,A Haunted House 2
United Artists,60,The Great Escape
The Mirisch Corporation,219,The Great Escape
Lord of the Wind,2453,What the #$*! Do We (K)now!?
StudioCanal,694,The Last Exorcism Part II
CBS Films,5490,The Last Exorcism Part II
IFC Films,307,Boyhood
Detour Filmproduction,11510,Boyhood
BBC Films,288,Scoop
Ingenious Film Partners,289,Scoop
Ingenious Media,290,Scoop
Perdido Prod.,291,Scoop
Lionsgate,1632,The Wash
ContentFilm,1420,The Cooler
Pierce/Williams Entertainment,18621,The Cooler
United Artists,60,The Misfits
Seven Arts Productions,516,The Misfits
Miramax Films,14,The Night Listener
IFC Films,307,The Night Listener
Fortissimo Films,1615,The Night Listener
Caravan Pictures,175,The Jerky Boys
Touchstone Pictures,9195,The Jerky Boys
Wild Bunch,856,The Orphanage
Telecinco,1182,The Orphanage
Telecinco Cinema,2674,The Orphanage
Televisió de Catalunya TV3,6778,The Orphanage
Esta Vivo! Laboratorio de Nuevos Talentos,11649,The Orphanage
Grupo Rodar,11650,The Orphanage
Rodar y Rodar Cine y Televisión,11651,The Orphanage
Warner Bros. Pictures de España,11652,The Orphanage
Kingsgate Films,770,The Rules of Attraction
Universal Pictures,33,Topaz
Universal Pictures,33,Let's Go to Prison
Miramax Films,14,Four Rooms
A Band Apart,59,Four Rooms
Slough Pond,4730,Secretary
double A Films,4731,Secretary
[],[],The Real Cancun
Protozoa Pictures,7503,Zipper
Cargo Entertainment,34380,Zipper
33 Pictures,60171,Zipper
Cineplex-Odeon Films,5231,Talk Radio
Ten-Four Productions,8814,Talk Radio
Sony Pictures Classics,58,Waiting for Guffman
Castle Rock Entertainment,97,Waiting for Guffman
Pale Morning Dun,8841,Waiting for Guffman
All Night Productions,8842,Waiting for Guffman
[],[],Love Stinks
Echo Lake Productions,2147,You Kill Me
Bi-polar Pictures,2332,You Kill Me
Code Entertainment,14589,You Kill Me
Independent Film Group,35444,You Kill Me
Carol Baum Productions,35445,You Kill Me
Dillinger Productions,35446,You Kill Me
Green Tulip Productions,35447,You Kill Me
Sony Pictures Classics,58,Thumbsucker
Bob Yari Productions,12260,Thumbsucker
Gold Circle Films,12026,Poolhall Junkies
The Harvey Boys,7784,Red State
NVSH Productions,7785,Red State
Phase 4 Films,9081,Red State
Destination Films,769,Mirrormask
"Jim Henson Company, The",6254,Mirrormask
Magidson Films,10986,Samsara
Cannon Films,4110,The Barbarians
Goldcrest Films International,500,The Art of Getting By
Atlantic Pictures,5387,The Art of Getting By
Gigi Productions,7499,The Art of Getting By
Summit Entertainment,491,The Loss of Sexual Innocence
Newmarket Capital Group,506,The Loss of Sexual Innocence
Red Mullet Productions,24827,The Loss of Sexual Innocence
Pandora Filmproduktion,254,Holy Motors
Canal+,5358,Holy Motors
Worldview Entertainment,9015,Joe
Muskat Filmed Properties,10989,Joe
Dreambridge Films,14037,Joe
Rough House Pictures,20848,Joe
Arts Council of England,718,Shooting Fish
National Lottery,1270,Shooting Fish
Gruber Bros.,4413,Shooting Fish
Tomboy Films,24356,Shooting Fish
Winchester Multimedia PLC,36978,Shooting Fish
Empire Pictures,1212,Prison
Coração da Selva,8580,Futuro Beach
Hank Levine Film,11445,Futuro Beach
Detailfilm,48663,Futuro Beach
Watchmen Productions,93177,Futuro Beach
New Oz Productions,7055,Psycho Beach Party
Red Horse Films,7056,Psycho Beach Party
[],[],The Big Tease
Eficine 226,8685,"Guten Tag, Ramón"
Beanca Films,15877,"Guten Tag, Ramón"
Fondo de Inversión y Estímulos al Cine (FIDECINE),15878,"Guten Tag, Ramón"
MPN Cologne Film 3,18715,"Guten Tag, Ramón"
Nu Image Films,925,Trust
Millennium Films,10254,Trust
Dark Harbor Stories,65129,Trust
Columbia Pictures,5,An Everlasting Piece
DreamWorks SKG,27,An Everlasting Piece
Baltimore Spring Creek Productions,16061,An Everlasting Piece
Bayahibe Films Ltd.,16062,An Everlasting Piece
Arts Council of England,718,Among Giants
British Broadcasting Corporation (BBC),3324,Among Giants
British Screen Productions,20777,Among Giants
Gaumont,9,Adore
Ciné@,2564,Adore
Canal+,5358,Adore
Screen Australia,7584,Adore
Screen NSW,10951,Adore
France Télévisions,11795,Adore
France 2 Cinéma,15671,Adore
Hopscotch Features,21079,Adore
Mon Voisin Productions,22983,Adore
Ventanarosa Productions,689,The Velocity of Gary
Cineville,2832,The Velocity of Gary
Columbia TriStar Home Video,20873,The Velocity of Gary
Dan Lupovitz Productions,80578,The Velocity of Gary
Vía Digital,357,Mondays in the Sun
Eurimages,850,Mondays in the Sun
Continental Producciones,6279,Mondays in the Sun
Instituto de la Cinematografía y de las Artes Audiovisuales (ICAA),9974,Mondays in the Sun
Televisión de Galicia (TVG) S.A.,10050,Mondays in the Sun
Antena 3 Televisión,11737,Mondays in the Sun
Sogepaq,11955,Mondays in the Sun
Elías Querejeta Producciones Cinematográficas S.L.,12009,Mondays in the Sun
Mediapro,12010,Mondays in the Sun
Quo Vadis Cinéma,12011,Mondays in the Sun
Eyescreen S.r.l.,12012,Mondays in the Sun
Glass Eye Pix,1360,Stake Land
Belladonna Productions,2341,Stake Land
Off Hollywood Pictures,3768,Stake Land
Tapestry Films,870,The Last Time I Committed Suicide
The Kushner-Locke Company,2499,The Last Time I Committed Suicide
Bates Entertainment,52860,The Last Time I Committed Suicide
Filmula,8872,Another Happy Day
Carnaby International,4098,A Lonely Place to Die
Molinare Studios,4250,A Lonely Place to Die
Eigerwand Pictures,21937,A Lonely Place to Die
[],[],Nothing
Marmot-film,19124,The Geographer Drank His Globe Away
Columbia Pictures Corporation,441,1776
Head Gear Films,5056,Desert Dancer
Lipsync Productions,9987,Desert Dancer
May 13 Films,21460,Desert Dancer
CrossDay Productions Ltd.,32201,Desert Dancer
Morocco Film Assistance,75564,Desert Dancer
IFC Films,307,Inescapable
Myriad Pictures,738,Inescapable
Alliance Films,2514,Inescapable
The Caddo Company,13866,Hell's Angels
[],[],Purple Violets
Blumhouse Productions,3172,The Veil
Omnilab Media,2729,The Loved Ones
Ambience Entertainment,3427,The Loved Ones
Screen Australia,7584,The Loved Ones
Film Victoria,11840,The Loved Ones
Paramount Pictures,4,Airplane!
Brian Barrett Pictures,21523,The Helpers
Annuit Coeptis Entertainment Inc.,21041,How to Fall in Love
Annuit Coeptis Entertainment II,34710,How to Fall in Love
"Divine Inspiration, The Fabulous Boomtown Boys",28024,The Perfect Wave
Columbia Pictures Corporation,441,A Man for All Seasons
Highland Films,571,A Man for All Seasons
United Artists,60,Network
Metro-Goldwyn-Mayer (MGM),8411,Network
Selznick International Pictures,1553,Gone with the Wind
Metro-Goldwyn-Mayer (MGM),8411,Gone with the Wind
Columbia Pictures Corporation,441,Major Dundee
Jerry Bresler Productions,11971,Major Dundee
Metro-Goldwyn-Mayer (MGM),8411,Annie Get Your Gun
Film4,9349,Four Lions
Drafthouse Films,10485,Four Lions
Warp Films,12180,Four Lions
Wild Bunch Distribution,15308,Four Lions
[],[],The House of Sand
Alliance Films,2514,Defendor
Darius Films,5486,Defendor
Insight Film Releasing,64753,Defendor
Hollywood Media Bridge,3546,Chain of Command
LionsGate,7571,Chain of Command
Clear Lake Entertainment,69028,Chain of Command
Dog and Pony Media,69029,Chain of Command
Metro-Goldwyn-Mayer (MGM),8411,The Pirate
Nimbus Film Productions,11672,The Good Heart
DNA Films,284,The History Boys
BBC Films,288,The History Boys
UK Film Council,2452,The History Boys
United Artists,60,Midnight Cowboy
Florin Productions,1323,Midnight Cowboy
Jerome Hellman Productions,1324,Midnight Cowboy
Channel Four Films,181,The Full Monty
Twentieth Century Fox Film Corporation,306,The Full Monty
Redwave Films,8764,The Full Monty
New Line Cinema,12,Friday
New Line Cinema,12,Menace II Society
New World Pictures,1950,Creepshow 2
Laurel Entertainment Inc.,14180,Creepshow 2
Warner Bros.,6194,The Ballad of Cable Hogue
Columbia Pictures Corporation,441,In Cold Blood
Pax Enterprises,29364,In Cold Blood
Warner Bros.,6194,Harper
Universal Pictures,33,Frenzy
Parts and Labor,6531,The Witch
RT Features,30666,The Witch
Rooks Nest Entertainment,34456,The Witch
Maiden Voyage Pictures,41641,The Witch
Pulse Films,57430,The Witch
Scythia Films,61011,The Witch
Code Red Productions,79434,The Witch
Mott Street Pictures,79435,The Witch
Very Special Projects,79436,The Witch
Dimension Films,7405,I Got the Hook Up
No Limit Films,16718,I Got the Hook Up
Fox Searchlight Pictures,43,She's the One
Lions Gate Films,35,Gods and Monsters
Flashpoint (I),13495,Gods and Monsters
Showtime Networks,18880,Gods and Monsters
100 Bares,5517,The Secret in Their Eyes
Haddock Films S.R.L.,5623,The Secret in Their Eyes
Instituto Nacional de Cine y Artes Audiovisuales (INCAA),6458,The Secret in Their Eyes
Televisión Española (TVE),6639,The Secret in Their Eyes
Tornasol Films,7680,The Secret in Their Eyes
Canal+ España,9335,The Secret in Their Eyes
Ministerio de Cultura,11408,The Secret in Their Eyes
Instituto de Crédito Oficial (ICO),11427,The Secret in Their Eyes
Televisión Federal (Telefe),21915,The Secret in Their Eyes
Nu Image Films,925,Train
Millennium Films,10254,Train
Renaissance Films,3102,Evil Dead II
Rosebud Productions,47380,Evil Dead II
[],[],Pootie Tang
The Asylum,1311,Sharknado
Syfy,6677,Sharknado
Southward Films,22872,Sharknado
[],[],The Other Conquest
Filmkameratene A/S,1003,Troll Hunter
Film Fund FUZZ,5241,Troll Hunter
SF Norge A/S,56050,Troll Hunter
[],[],Ira & Abby
Yari Film Group,2448,Winter Passing
Stratus Film Co.,11027,Winter Passing
Destination Films,769,D.E.B.S.
Andrea Sperling Productions,2313,D.E.B.S.
Screen Gems,3287,D.E.B.S.
Anonymous Content,10039,D.E.B.S.
Freestyle Releasing,4616,The Masked Saint
Counterclock Productions,17048,Taxman
[],[],The Secret
Anthem Pictures,23818,2:13
It's An Us Thing Productions Inc.,23819,2:13
DC Comics,429,"Batman: The Dark Knight Returns, Part 2"
Warner Bros. Animation,2785,"Batman: The Dark Knight Returns, Part 2"
Warner Premiere,4811,"Batman: The Dark Knight Returns, Part 2"
DC Entertainment,9993,"Batman: The Dark Knight Returns, Part 2"
Representational Pictures,8796,Time to Choose
Warner Bros.,6194,Krush Groove
Visual Eyes Productions,8607,Krush Groove
Film Development Fund,16275,Krush Groove
Crystalite Productions,57818,Krush Groove
[],[],In the Name of the King III
NAZZ Productions,7720,Wicked Blood
Industrial Entertainment,20305,Wicked Blood
Primary PIctures,20306,Wicked Blood
Thunder Smoke Media,20307,Wicked Blood
VMI Worldwide,23688,Wicked Blood
Enderby Entertainment,21608,Stranded
[],[],Lords of London
Twentieth Century Fox Film Corporation,306,High Anxiety
Crossbow Productions,1296,High Anxiety
Melee Entertainment,3438,Next Day Air
Next Day Air Productions,3439,Next Day Air
Secret Society Films,3440,Next Day Air
Wild Bunch,856,March of the Penguins
Canal+,5358,March of the Penguins
Buena Vista International Film Production France,7658,March of the Penguins
Alliance de Production Cinematographique (APC),8661,March of the Penguins
L'Institut Polare Français Paul-Émile Victor,66329,March of the Penguins
National Geographic Films,66330,March of the Penguins
Bonne Pioche,66331,March of the Penguins
Benaroya Pictures,6692,Margin Call
Before the Door Pictures,14861,Margin Call
Washington Square Films,14862,Margin Call
Untitled Entertainment,46225,Margin Call
[],[],August
Fox Searchlight Pictures,43,Choke
Contrafilm,1836,Choke
ATO Pictures,1962,Choke
Aramid Entertainment Fund,3272,Choke
Dune Entertainment III,6332,Choke
Choke Film,52896,Choke
Bold Films,2266,Whiplash
Blumhouse Productions,3172,Whiplash
Right of Way Films,32157,Whiplash
O2 Filmes,345,City of God
VideoFilmes,346,City of God
Wild Bunch,856,City of God
Globo filmes,10954,City of God
Lumiere,11444,City of God
Hank Levine Film,11445,City of God
Lereby Productions,11446,City of God
Irish Screen,2920,Human Traffic
Two Streets Entertainment,11046,To Write Love on Her Arms
Birchwood Pictures,30271,To Write Love on Her Arms
Noble Pictures,40366,To Write Love on Her Arms
Valencia Motion Pictures,40367,To Write Love on Her Arms
Lakeshore Entertainment,126,The Dead Girl
Bruin Grip Services,5330,The Dead Girl
Pitbull Pictures,19851,The Dead Girl
Zentropa Entertainments,76,The Hunt
Det Danske Filminstitut,118,The Hunt
Danmarks Radio (DR),119,The Hunt
Eurimages,850,The Hunt
MEDIA Programme of the European Union,851,The Hunt
Sveriges Television (SVT),3221,The Hunt
Svenska Filminstitutet (SFI),7446,The Hunt
Nordisk Film- & TV-Fond,8555,The Hunt
Film Väst,74636,The Hunt
Metro-Goldwyn-Mayer (MGM),8411,A Christmas Story
Christmas Tree Films,10757,A Christmas Story
Paramount Pictures,4,Rosemary's Baby
William Castle Productions,10324,Rosemary's Baby
Mpower Pictures,5294,Bella
Metanoia Films,7075,Bella
Burnside Entertainment,13818,Bella
Bella Productions,48752,Bella
"One Media, The",77798,Bella
Guerilla High Productions,12616,Class of 1984
Magna Global Entertainment,29646,The Opposite Sex
Verdi Productions,37765,The Opposite Sex
Fox Entertainment Group,85721,Dreaming of Joseph Lees
Haut et Court,726,The Class
France 2 Cinéma,15671,The Class
Vox3 Films,3279,Adam
Serenade Films,3459,Adam
Olympus Pictures,7400,Adam
Deer Path Productions,9352,Adam
Northwood Productions,9353,Adam
Fine Line Features,8,Maria Full of Grace
Journeyman Pictures,2291,Maria Full of Grace
HBO Films,7429,Maria Full of Grace
Parts and Labor,6531,Beginners
Olympus Pictures,7400,Beginners
Focus Features,10146,Beginners
Neo Art & Logic,2811,Feast
Dimension Films,7405,Feast
Maloof Motion Pictures,48688,Feast
Universal Pictures,33,Animal House
Oregon Film Factory,13298,Animal House
Stage III Productions,13300,Animal House
United Artists,60,Goldfinger
Eon Productions,7576,Goldfinger
Danjaq,10761,Goldfinger
[],[],Fuel
Alliance Films,2514,Antiviral
Telefilm Canada,7320,Antiviral
TF1 International,7799,Antiviral
RKO Radio Pictures,6,It's a Wonderful Life
Liberty Films (II),11770,It's a Wonderful Life
Miramax Films,14,Trainspotting
Channel Four Films,181,Trainspotting
Noel Gay Motion Picture Company,358,Trainspotting
Figment Films,359,Trainspotting
Film4,9349,Trainspotting
40 Acres & A Mule Filmworks,4319,The Original Kings of Comedy
Paramount Pictures,4,Paranormal Activity 2
Blumhouse Productions,3172,Paranormal Activity 2
Solana Films,21223,Paranormal Activity 2
Universal Pictures,33,The Purge
Why Not Productions,729,The Purge
Platinum Dunes,2481,The Purge
Blumhouse Productions,3172,The Purge
20th Century Fox Russia,18065,The Purge
Fox Searchlight Pictures,43,Waking Ned
Canal+,5358,Waking Ned
Tomboy Films,24356,Waking Ned
Alliance Atlantis Communications,803,Bowling for Columbine
TiMe Film- und TV-Produktions GmbH,11104,Bowling for Columbine
Vif Babelsberger Filmproduktion GmbH & Co. Zweite KG,26136,Bowling for Columbine
Dog Eat Dog Films,26137,Bowling for Columbine
Iconolatry Productions Inc.,26138,Bowling for Columbine
Salter Street Films International,26139,Bowling for Columbine
United Broadcasting Inc.,26140,Bowling for Columbine
LeVision Pictures,20966,Coming Home
New Line Cinema,12,A Nightmare on Elm Street Part 2: Freddy's Revenge
Smart Egg Pictures,1531,A Nightmare on Elm Street Part 2: Freddy's Revenge
Goldcrest Films International,500,A Room with a View
National Film Finance Corporation (NFFC),11493,A Room with a View
Curzon Film Distributors,11494,A Room with a View
Alliance Films,2514,Sinister
Blumhouse Productions,3172,Sinister
IM Global,7437,Sinister
Automatik Entertainment,7625,Sinister
Possessed Pictures,23277,Sinister
[],[],Martin Lawrence Live: Runteldat
Avon Production,100,Cat on a Hot Tin Roof
Metro-Goldwyn-Mayer (MGM),8411,Cat on a Hot Tin Roof
Twentieth Century Fox Film Corporation,306,Beneath the Planet of the Apes
APJAC Productions,12943,Beneath the Planet of the Apes
Touchstone Pictures,9195,Spaced Invaders
Silver Screen Partners IV,10282,Spaced Invaders
Walt Disney Pictures,2,Air Bud
TV Tokyo,3034,Pokémon: Spell of the Unknown
4 Kids Entertainment,3035,Pokémon: Spell of the Unknown
Nintendo,12288,Pokémon: Spell of the Unknown
Pikachu Project,12653,Pokémon: Spell of the Unknown
Oriental Light and Magic (OLM),66289,Pokémon: Spell of the Unknown
Kids' WB,89163,Pokémon: Spell of the Unknown
Pikachu Project 2001,89164,Pokémon: Spell of the Unknown
Shoakuken,89165,Pokémon: Spell of the Unknown
Paramount Pictures,4,Friday the 13th Part VI: Jason Lives
Columbia Pictures Corporation,441,The Bridge on the River Kwai
Horizon Pictures (II),11356,The Bridge on the River Kwai
The New Zealand Film Commission,7714,Slow West
Film4,9349,Slow West
See Saw Films,14631,Slow West
A24,41077,Slow West
DMC Films,58085,Slow West
Universal Pictures,33,Family Plot
United Artists,60,The Apartment
The Mirisch Company,11241,The Apartment
New Line Cinema,12,Jason Goes to Hell: The Final Friday
Sean S. Cunningham Films,17611,Jason Goes to Hell: The Final Friday
Universal Pictures,33,Torn Curtain
Yari Film Group,2448,Dave Chappelle's Block Party
United Artists,60,Elmer Gantry
United Artists,60,Judgment at Nuremberg
Roxlom Films,526,Judgment at Nuremberg
Beacon Communications,919,Trippin'
United Artists,60,Red River
Monterey Productions,1316,Red River
Charles K. Feldman Group,1317,Red River
[],[],Phat Girlz
Castle Rock Entertainment,97,Before Midnight
Detour Filmproduction,11510,Before Midnight
Faliro House Productions,19246,Before Midnight
Venture Forth,20313,Before Midnight
Atlantic Entertainment Group,3267,Teen Wolf Too
Universal Pictures,33,Phantasm II
Spacegate Productions,3046,Phantasm II
Starway International Inc.,3146,Phantasm II
[],[],Woman Thou Art Loosed
[],[],Real Women Have Curves
David Hamilton Productions,2146,Water
Echo Lake Productions,2147,Water
Flagship International,2148,Water
Noble Nomad Pictures,2149,Water
BBC,5996,East Is East
Assassin Films,7151,East Is East
Film4,9349,East Is East
[],[],Valley of the Heart's Delight
Hi-Rez Films,48357,Whipped
Mirabai Films,6235,Kama Sutra - A Tale of Love
NDF International,6236,Kama Sutra - A Tale of Love
Sony Pictures Classics,58,Please Give
Likely Story,1785,Please Give
Feelin' Guilty,46402,Please Give
Paramount Pictures,4,Willy Wonka & the Chocolate Factory
David L. Wolper Productions,3434,Willy Wonka & the Chocolate Factory
Tapestry Films,870,Warlock: The Armageddon
Trimark Pictures,4063,Warlock: The Armageddon
Orion Pictures,41,8 Heads in a Duffel Bag
Brad Krevoy & Steve Stabler production,3581,8 Heads in a Duffel Bag
Paramount Pictures,4,Days of Heaven
[],[],Thirteen Conversations About One Thing
TriStar Pictures,559,Jawbreaker
Crossroads Films,3058,Jawbreaker
Kramer-Tornell Productions,67035,Jawbreaker
Miramax,53009,Basquiat
Eleventh Street Production,93380,Basquiat
Jon Kilik,93381,Basquiat
Scott Rudin Productions,258,Frances Ha
RT Features,30666,Frances Ha
Pine District Pictures,88533,Frances Ha
Movieworld Productions,563,Tsotsi
Industrial Development Corporation of South Africa,564,Tsotsi
UK Film & TV Production Company,565,Tsotsi
National Film & Video Foundation of South Africa,566,Tsotsi
Killer Films,1422,Happiness
Good Machine,10565,Happiness
Brad Grey Pictures,10958,DysFunktional Family
Phase 4 Films,9081,Tusk
Demarest Films,13241,Tusk
SModcast Pictures,13642,Tusk
A24,41077,Tusk
2929 Productions,846,Tim and Eric's Billion Dollar Movie
Gary Sanchez Productions,4740,Tim and Eric's Billion Dollar Movie
Funny or Die,21213,Tim and Eric's Billion Dollar Movie
Egg Films,398,Oldboy
Show East,399,Oldboy
Mercy Creek Entretainment,5568,Letters to God
Rhombus Media,164,Hobo with a Shotgun
Yer Dead Productions,6869,Hobo with a Shotgun
Telefilm Canada,7320,Hobo with a Shotgun
Whizbang Films,17457,Hobo with a Shotgun
[],[],Compadres
The Kushner-Locke Company,2499,Freeway
August Entertainment,3322,Freeway
Multicom entertainment,30702,Freeway
Icon Entertainment International,4564,Demonic
Dimension Films,7405,Demonic
First Point Entertainment,7424,Demonic
IM Global,7437,Demonic
[],[],Love's Abiding Joy
BBC Films,288,Fish Tank
Kasander Film Company,1049,Fish Tank
ContentFilm,1420,Fish Tank
UK Film Council,2452,Fish Tank
Westerly Films,37812,Damsels in Distress
MGM Television,2230,Creature
Trilogy Entertainment Group,2231,Creature
Hallmark Entertainment,4056,Creature
Gary Sanchez Productions,4740,Bachelorette
BCDF Pictures,10290,Bachelorette
Lions Gate Television,7601,Brave New Girl
Park Lane Productions,57346,Brave New Girl
Claussen + Wöbke Filmproduktion GmbH,161,Summer Storm
[],[],Fort McCoy
Tiger Tail Entertainment,26087,Chain Letter
Deon Taylor Enterprises,26088,Chain Letter
Sweetland Films,21716,Just Looking
Camellia Productions,39226,Just Looking
Instinctive Film,4306,The Divide
Manitoba Film and Video Production Tax Credit,11715,The Divide
Preferred Content,13362,The Divide
Julijette,34994,The Divide
Ink Connection,46135,The Divide
BR Group,46136,The Divide
Manitoba Film & Music,46137,The Divide
[],[],The Eclipse
Film Threat DVD,60481,My Big Fat Independent Movie
Aloha Pictures,73337,My Big Fat Independent Movie
[],[],The Deported
Tax Credit Finance,3782,Tanner Hall
Society Entertainment,11740,Open Road
BB Film Productions,41602,Open Road
Marcio Garcia Producoes,80561,Open Road
Lionsgate,1632,They Came Together
Silver Nitrate Films,2262,30 Nights of Paranormal Activity With the Devil Inside the Girl With the Dragon Tattoo
Silver Nitrate Pictures,3641,30 Nights of Paranormal Activity With the Devil Inside the Girl With the Dragon Tattoo
[],[],Never Back Down 2: The Beatdown
Metro-Goldwyn-Mayer (MGM),8411,Point Blank
Winkler Films,8880,Point Blank
Indiana Production Company,18156,Four Single Fathers
Cimarron Productions,4554,Enter the Dangerous Mind
Vedette Finance,34381,Enter the Dangerous Mind
Merchant Films,21110,Something Wicked
Triumphant Entertainment,60490,AWOL-72
[],[],Iguana
Chicago Overcoat Productions,72688,Chicago Overcoat
Beverly Ridge Pictures,72689,Chicago Overcoat
Prospect Pictures,8820,Barry Munday
Corner Store Entertainment,8871,Barry Munday
Far Hills Pictures,9038,Barry Munday
Stick 'N' Stone Productions,9039,Barry Munday
MACT Productions,393,Central Station
Videofilms,394,Central Station
Riofilm,395,Central Station
Franton Production,1044,Pocketful of Miracles
Bleiberg Entertainment,1872,Close Range
Compound B,4322,Close Range
Underdogg Entertainment,68373,Close Range
Entropy,75142,Close Range
[],[],Boynton Beach Club
Believe Entertainment,3308,Do You Believe?
Pure Flix Entertainment,6427,Do You Believe?
Toy Gun Films,34233,Do You Believe?
10 West Studios,48509,Do You Believe?
Infra-Red Pictures,61428,Amnesiac
Chad Troutwine Films,7367,Freakonomics
Green Film Company,7368,Freakonomics
Human Worldwide,7369,Freakonomics
Loki Films,7370,Freakonomics
Alexandre Films,2926,High Tension
EuropaCorp,6896,High Tension
Screen Australia,7584,Griff the Invisible
August Heart Entertainment,65834,Unnatural
[],[],Lage Raho Munna Bhai
MTV Films,746,Hustle & Flow
The Mirisch Corporation,219,Some Like It Hot
Ashton Productions,11982,Some Like It Hot
Paramount Pictures,4,Friday the 13th Part VII: The New Blood
Loew's Incorporated,31892,The Wizard of Oz
Twentieth Century Fox Film Corporation,306,Young Frankenstein
Crossbow Productions,1296,Young Frankenstein
Gruskoff/Venture Films,1297,Young Frankenstein
Jouer Limited,1298,Young Frankenstein
Artfire Films,3240,Diary of the Dead
Clinica Estetico,1274,Ulee's Gold
Nunez-Gowan,75348,Ulee's Gold
United Artists,60,The Black Stallion
[],[],Sardaarji
Nordisk Film,235,Journey to Saturn
A. Film,3922,Journey to Saturn
ntc,13210,Journey to Saturn
Paramount Pictures,4,Donovan's Reef
[],[],The Dress
Metro-Goldwyn-Mayer (MGM),8411,A Guy Named Joe
Crossbow Productions,1296,Blazing Saddles
Warner Bros.,6194,Blazing Saddles
Paramount Pictures,4,Friday the 13th: The Final Chapter
"Friday Four, Inc.",93280,Friday the 13th: The Final Chapter
Danish Film Institute,125,Ida
Portobello Pictures,486,Ida
Eurimages,850,Ida
Canal+ Polska,6476,Ida
Opus Film,6477,Ida
Polski Instytut Sztuki Filmowej,11240,Ida
Phoenix Film Investments,44171,Ida
City of Lodz,72682,Ida
Phoenix Film Poland,72683,Ida
Merchant Ivory Productions,2370,Maurice
Film Four International,9210,Maurice
[],[],Impact Point
Identity Films,2870,Beer League
CKRush Entertainment,68353,Beer League
[],[],Riding Giants
Arsénico Producciones,10086,Timecrimes
Zip Films,12955,Timecrimes
Fine Productions,23501,Timecrimes
Karbo Vantas Entertainment,23502,Timecrimes
[],[],Silver Medalist
Ascendant Pictures,1204,Timber Falls
A-Mark Entertainment,2248,Timber Falls
Film Tiger,4305,Timber Falls
Rifkin-Eberts,4307,Timber Falls
Metro-Goldwyn-Mayer (MGM),8411,Singin' in the Rain
[],[],"Fat, Sick & Nearly Dead"
Endgame Entertainment,1205,A Haunted House
Wayans Bros. Entertainment,1608,A Haunted House
IM Global,7437,A Haunted House
Open Road Films,10427,A Haunted House
[],[],2016: Obama's America
Twentieth Century Fox Film Corporation,306,That Thing You Do!
Clinica Estetico,1274,That Thing You Do!
Clavius Base,38944,That Thing You Do!
Universal Pictures,33,Halloween III: Season of the Witch
Twentieth Century Fox Film Corporation,306,Escape from the Planet of the Apes
APJAC Productions,12943,Escape from the Planet of the Apes
Paramount Pictures,4,Hud
Hartbeat Productions,40268,Kevin Hart: Let Me Explain
Fine Line Features,8,My Own Private Idaho
Fox Searchlight Pictures,43,Garden State
Double Feature Films,215,Garden State
Jersey Films,216,Garden State
Camelot Pictures,11728,Garden State
Large's Ark Productions,11729,Garden State
Detour Film Production,98,Before Sunrise
Go Films,13313,Evil Words
Evenstar Films,4620,Jesus' Son
Lions Gate Films,35,Religulous
[],[],Saving Face
Ingenious Film Partners,289,Brick Lane
Ruby Films,2054,Brick Lane
Film4,9349,Brick Lane
Samuel Goldwyn Films,9118,Robot & Frank
Stage 6 Films,11341,Robot & Frank
Park Pictures,13466,Robot & Frank
TBB,13467,Robot & Frank
Dog Run Pictures,13468,Robot & Frank
White Hat,13469,Robot & Frank
El Deseo,49,My Life Without Me
Milestone Productions,77,My Life Without Me
21 Laps Entertainment,2575,The Spectacular Now
Andrew Lauren Productions (ALP),19194,The Spectacular Now
Global Produce,30133,The Spectacular Now
A24,41077,The Spectacular Now
Gold/Miller Productions,1607,Eye of the Dolphin
120dB Films,5113,Eye of the Dolphin
Paradise Productions,38616,Eye of the Dolphin
Quantum Entertainment,38617,Eye of the Dolphin
MovieBank,38618,Eye of the Dolphin
Galaxy Productions,38619,Eye of the Dolphin
[],[],8: The Mormon Proposition
Adlabs Films Ltd.,3703,The Other End of the Line
Metro-Goldwyn-Mayer Pictures,6127,The Other End of the Line
Hyde Park Entertainment,13816,The Other End of the Line
Brass Hat Films,13817,The Other End of the Line
Claussen + Wöbke Filmproduktion GmbH,161,Anatomy
[],[],No End in Sight
Likely Story,1785,Sleep Dealer
This Is That Productions,10059,Super
Ambush Entertainment,14406,Super
Crimson Bolt,14407,Super
[],[],Christmas Mail
Rat Pack Filmproduktion,5754,Stung
XYZ Films,12142,Stung
Hideaway Pictures,20068,Antibirth
Traverse Media,46241,Antibirth
Culmination Productions,86523,Antibirth
Columbia Pictures,5,Get on the Bus
40 Acres & A Mule Filmworks,4319,Get on the Bus
MovieRoom Productions,2776,Thr3e
Twentieth Century Fox Film Corporation,306,Idiocracy
Ternion Pictures,20992,Idiocracy
Carnaby International,4098,The Rise of the Krays
Saracen Films,32475,The Rise of the Krays
Torn Pictures,62102,The Rise of the Krays
EM Media,1917,This Is England
UK Film Council,2452,This Is England
Screen Yorkshire,2690,This Is England
Big Arty Productions,3519,This Is England
Hawthorn Productions,19181,U.F.O.
Hawthorne Productions,19182,U.F.O.
Caviar Films,2699,The Diary of a Teenage Girl
Cold Iron Pictures,3916,The Diary of a Teenage Girl
Archer Gray,41640,The Diary of a Teenage Girl
Metro-Goldwyn-Mayer (MGM),8411,Bathing Beauty
Pantelion Film,8573,Go for It!
HSX Films,4714,"Dancer, Texas Pop. 81"
Chase Productions,16517,"Dancer, Texas Pop. 81"
Metro-Goldwyn-Mayer (MGM),8411,Show Boat
Heavy Duty Entertainment,4097,Redemption Road
MVP Films,37580,Redemption Road
Liberty Road Entertainment,49793,Redemption Road
Darius Films,5486,The Calling
Manis Film,21882,The Calling
Breaking Ball Films,29098,The Calling
Stage 6 Films,29099,The Calling
The Kushner-Locke Company,2499,The Brave Little Toaster
Hyperion Pictures,7339,The Brave Little Toaster
Walt Disney Pictures,2,Fantasia
After Eden Pictures,85248,8 Days
Paramount Pictures,4,Friday the 13th Part III
Jason Productions,7513,Friday the 13th Part III
Paramount Pictures,4,Friday the 13th: A New Beginning
Georgetown Productions Inc.,16779,Friday the 13th: A New Beginning
[],[],The Last Sin Eater
Metro-Goldwyn-Mayer (MGM),8411,The Valley of Decision
Ombra Films,23513,Eden
Perlapartment Pictures,63628,Eden
Gobsmack,63629,Eden
H&H Creative Ventures,63630,Eden
[],[],Chicken Tikka Masala
Sunrise Films,19850,There's Always Woodstock
Brookstreet Pictures,3160,Jack Brooks: Monster Slayer
Sound Venture Productions,48420,Jack Brooks: Monster Slayer
Film4,9349,In the Shadow of the Moon
Passion Pictures,11594,In the Shadow of the Moon
Discovery Films,21673,In the Shadow of the Moon
"Samuel Goldwyn Company, The",28205,The Best Years of Our Lives
StudioCanal,694,Bully
Maipo Film- og TV Produksjon,2009,Elling
Industrial House Films,65589,Mi America
Filmax,3631,[REC]
[],[],Lies in Plain Sight
[],[],Sharkskin
Bright Cold Day Films,71899,Containment
Patchwork Productions,71900,Containment
Bandoola Productions,71901,Containment
ANA Media,21817,The Timber
United Artists,60,From Russia with Love
Eon Productions,7576,From Russia with Love
Danjaq,10761,From Russia with Love
Troma Entertainment,3052,The Toxic Avenger Part II
Rollins-Joffe Productions,13954,Sleeper
Northern Lights Films,8714,It Follows
Animal Kingdom,26995,It Follows
Two Flints,52739,It Follows
United Artists,60,Everything You Always Wanted to Know About Sex *But Were Afraid to Ask
Universal Pictures,33,To Kill a Mockingbird
Kennedy Miller Productions,2537,Mad Max 2: The Road Warrior
Paragon Films Ltd.,3055,The Legend of Drunken Master
Golden Harvest Company Ltd.,6379,The Legend of Drunken Master
Metro-Goldwyn-Mayer (MGM),8411,Boom Town
Fox Searchlight Pictures,43,Boys Don't Cry
The Independent Film Channel Productions,54,Boys Don't Cry
IFC Films,307,Boys Don't Cry
Killer Films,1422,Boys Don't Cry
Hart-Sharp Entertainment,11351,Boys Don't Cry
Elle Driver,6930,Silent House
Tazora Films,25904,Silent House
Arte,201,The Lives of Others
Wiedemann & Berg Filmproduktion,336,The Lives of Others
Creado Film,337,The Lives of Others
Bayerischer Rundfunk (BR),7333,The Lives of Others
TriStar Pictures,559,Courageous
Provident Films,3291,Courageous
Affirm Films,10156,Courageous
Sherwood Pictures,41967,Courageous
Alabama Production Group,63902,Courageous
Twentieth Century Fox Film Corporation,306,The Hustler
Rossen Films,22820,The Hustler
Sony Pictures Classics,58,The Triplets of Belleville
Production Champion,7488,The Triplets of Belleville
Vivi Film,7489,The Triplets of Belleville
Miramax Films,14,Smoke Signals
ShadowCatcher Entertainment,12269,Smoke Signals
[],[],American Splendor
Castle Rock Entertainment,97,Before Sunset
Detour Film Production,98,Before Sunset
Warner Independent Pictures (WIP),11509,Before Sunset
Altavista Films,5084,Amores perros
Zeta Film,11230,Amores perros
Fox Searchlight Pictures,43,Thirteen
Sound for Film,1143,Thirteen
Working Title Films,10163,Thirteen
Antidote Films (I),23912,Thirteen
Twentieth Century Fox Film Corporation,306,Gentleman's Agreement
Anonymous Content,10039,Winter's Bone
Winter's Bone Productions,19778,Winter's Bone
Darlow Smithson Productions,2015,Touching the Void
UK Film Council,2452,Touching the Void
PBS,5826,Touching the Void
Film4,9349,Touching the Void
Twentieth Century Fox Film Corporation,306,Alexander's Ragtime Band
IFC Films,307,Me and You and Everyone We Know
Sony Pictures Classics,58,Inside Job
Sony Pictures Home Entertainment,5388,Inside Job
Working Title Films,10163,We Are Your Friends
Bac Films,208,Ghost Dog: The Way of the Samurai
Pandora Filmproduktion,254,Ghost Dog: The Way of the Samurai
Degeto Film,986,Ghost Dog: The Way of the Samurai
ARD,1251,Ghost Dog: The Way of the Samurai
JVC Entertainment Networks,4248,Ghost Dog: The Way of the Samurai
Canal+,5358,Ghost Dog: The Way of the Samurai
Plywood Productions,59348,Ghost Dog: The Way of the Samurai
The Weinstein Company,308,Harsh Times
Itaca Films,16322,Captive
BN Films,30531,Captive
Brightside Entertainment,56735,Captive
1019 Entertainment,56736,Captive
Yoruba Saxon Productions,65927,Captive
Miramax Films,14,Full Frontal
Populist Pictures,14729,Full Frontal
Monophonic Inc.,69989,Full Frontal
[],[],Witchboard
Fortissimo Films,1615,Shortbus
Process Productions,1616,Shortbus
Q Television,1617,Shortbus
Les Films d'Ici,1848,Waltz with Bashir
Bridgit Folman Film Gang,17931,Waltz with Bashir
Razor Film Produktion,17932,Waltz with Bashir
[],[],"The Book of Mormon Movie, Volume 1: The Journey"
Film Science,1976,Meek's Cutoff
Evenstar Films,4620,Meek's Cutoff
Oscilloscope Laboratories,4748,Meek's Cutoff
[],[],Inside Deep Throat
Access Motion Picture Group,4120,Dinner Rush
Giraldi-Suarez-DiGiaimo Productions,4121,Dinner Rush
[],[],Clockwatchers
Gary Sanchez Productions,4740,The Virginity Hit
Principato-Young Entertainment,37845,The Virginity Hit
Gaumont,9,Subway
Scala Films,4189,24 7: Twenty Four Seven
Tribeca Productions,11391,House of D
Bob Yari Productions,12260,House of D
Southpaw Entertainment,30131,House of D
Jeff Skoll Productions,38771,House of D
Teeth,3568,Teeth
HSX Films,4714,Six-String Samurai
[],[],Hum To Mohabbat Karega
[],[],It's All Gone Pete Tong
[],[],Saint John of Las Vegas
Centropolis Entertainment,347,Stonewall
Mel's Cite du Cinema,54502,Stonewall
Walt Disney Pictures,2,Roadside Romeo
Yash Raj Films,1569,Roadside Romeo
Walt Disney Studios Motion Pictures,3036,Roadside Romeo
Disney World Cinema,89347,Roadside Romeo
[],[],This Thing of Ours
Kaos Entertainment,72408,The Lost Medallion: The Adventures of Billy Stone
Lucky Monkey Pictures,11093,The Last Five Years
Sh-K-Boom Records,15353,The Last Five Years
Grand Peaks Entertainment,15354,The Last Five Years
Radius-TWC,20671,The Last Five Years
Strand Releasing,3923,The Missing Person
The 7th Floor,5708,The Missing Person
Apropos Films,13829,The Missing Person
Ozla Productions,4777,Return of the Living Dead 3
Destination Films,769,London
Silver Nitrate Films,2262,London
National Film and Television School (NFTS),17700,London
LHR Productions Inc.,68096,London
Red Envelope Entertainment,4732,Sherrybaby
Votiv Films,34455,Circle
Taggart Productions,51235,Circle
Aramid Entertainment Fund,3272,Eden Lake
Rollercoaster Films,8575,Eden Lake
Blumhouse Productions,3172,Plush
IM Global Octane,49982,Plush
Reliance,52075,Plush
AV Pictures,3471,Lesbian Vampire Killers
Muti Films,4113,Gangster's Paradise: Jerusalema
[],[],Freeze Frame
Darclight,6448,Grave Encounters
Twin Engine Films,12881,Grave Encounters
Digital Interference Productions,52207,Grave Encounters
Bórd Scannán na hÉireann,1898,Stitches
Irish Film Board,5267,Stitches
Fantastic Films,18078,Stitches
MPI Media Group,23457,Stitches
Tailored Films,23459,Stitches
Solid Entertainment,23460,Stitches
Hartbreak Films,5452,Nine Dead
Eyeline Entertainment,60343,"To Be Frank, Sinatra at 100"
United Artists,60,Bananas
Jack Rollins & Charles H. Joffe Productions,13309,Bananas
[],[],Supercapitalist
Rockaway the Movie,3767,Rockaway
Off Hollywood Pictures,3768,Rockaway
Panamax Films,3769,Rockaway
Crook Brothers Productions,3770,Rockaway
Columbia Pictures Corporation,441,The Lady from Shanghai
Mercury Productions,11447,The Lady from Shanghai
"Institution, The",3517,No Man's Land: The Rise of Reeker
New World Pictures,1950,Hellraiser
Cinemarque Entertainment BV,15338,Hellraiser
Film Futures,15339,Hellraiser
Rivdel Films,15340,Hellraiser
Alex Entertainment Inc.,50893,Highway
Deviant Films,3265,Small Apartments
Morocco Junction Pictures,68079,Small Apartments
1812 Productions,68080,Small Apartments
[],[],Coffee Town
[],[],The Ghastly Love of Johnny X
Sidney Kimmel Entertainment,737,All Is Bright
Touchy Feely Films,5161,All Is Bright
GreenStreet Films,12936,All Is Bright
Constantin Film Produktion,5755,The Torture Chamber of Dr. Sadism
Nu Image Films,925,Straight A's
Millennium Films,10254,Straight A's
The Group Films,13621,Straight A's
United Artists,60,A Funny Thing Happened on the Way to the Forum
Melvin Frank Production,14897,A Funny Thing Happened on the Way to the Forum
[],[],Slacker Uprising
Silver Sail Entertainment,42037,The Legend of Hell's Gate: An American Conspiracy
4Go West Productions,94551,The Legend of Hell's Gate: An American Conspiracy
Flatiron Pictures,94552,The Legend of Hell's Gate: An American Conspiracy
Splendid Film,8146,The Walking Deceased
Myriad Pictures,738,The Curse of Downers Grove
AliBella Pictures,61372,The Curse of Downers Grove
Bystander Films,61373,The Curse of Downers Grove
Management Production Entertainment (MPE),61374,The Curse of Downers Grove
Mangrove Media,61375,The Curse of Downers Grove
FLF Films,36684,Shark Lake
Bottom Line Entertainment,36685,Shark Lake
Parkside Pictures,56696,Shark Lake
Hemdale Film,3952,River's Edge
Island,3953,River's Edge
[],[],Northfork
WWE Studios,10339,The Marine 4: Moving Target
Studio 37,2577,Buried
Versus Entertainment,11564,Buried
The Safran Company,11565,Buried
Dark Trick Films,11566,Buried
Film4,9349,Submarine
Film Agency for Wales,12177,Submarine
Red Hour Films,12178,Submarine
Warp (Submarine),12179,Submarine
Warp Films,12180,Submarine
Roast Beef Productions,7266,The Square
Worldview Entertainment,9015,The Square
Noujaim Films,27197,The Square
Région Provence Côte d'Azur,2318,One to Another
La Fabrique de Films,2673,One to Another
Canal+,5358,One to Another
Toloda,9011,One to Another
Centre National de la Cinématographie (CNC),18367,One to Another
Soficinéma 2,21083,One to Another
UTV Motion Pictures,2320,ABCD (Any Body Can Dance)
United Artists,60,Hang 'em High
UK Film Council,2452,Man on Wire
Red Box Films,12840,Man on Wire
Discovery Films,21673,Man on Wire
BBC Storyville,50510,Man on Wire
Wall to Wall,50511,Man on Wire
Making Movies,71702,Abandoned
[],[],Brotherly Love
Strike Entertainment,655,The Last Exorcism
StudioCanal,694,The Last Exorcism
Arcade Pictures,11112,The Last Exorcism
Ecosse Films,1267,Nowhere Boy
UK Film Council,2452,Nowhere Boy
Film4,9349,Nowhere Boy
Lipsync Productions,9987,Nowhere Boy
Aver Media,91542,Nowhere Boy
North West Vision,91543,Nowhere Boy
Forensic Films,2813,"First Love, Last Rites"
Toast Films,40126,"First Love, Last Rites"
Charles K. Feldman Group,1317,A Streetcar Named Desire
Warner Bros.,6194,A Streetcar Named Desire
Hawk Films,88,Dr. Strangelove or: How I Learned to Stop Worrying and Love the Bomb
Columbia Pictures Corporation,441,Dr. Strangelove or: How I Learned to Stop Worrying and Love the Bomb
Instituto Mexicano de Cinematografía,299,The Crime of Padre Amaro
Alameda Films,300,The Crime of Padre Amaro
Cinecolor-México,301,The Crime of Padre Amaro
Cinecolor-Argentina,303,The Crime of Padre Amaro
Artcam y Fonds Sud Cinéma,304,The Crime of Padre Amaro
Journeyman Pictures,2291,Beasts of the Southern Wild
Court 13 Pictures,6714,Beasts of the Southern Wild
Cinereach,12219,Beasts of the Southern Wild
A Loopy Production LLC,29693,May
2 Loop Films,29694,May
Twentieth Century Fox Film Corporation,306,Battle for the Planet of the Apes
Apjac International,22542,Battle for the Planet of the Apes
Rigas Entertainment,64673,Songcatcher
ErgoArts,64674,Songcatcher
[],[],Higher Ground
Nic Arts,11831,Vaalu
Simbu Cine Arts,82002,Vaalu
Snoot Entertainment,15159,The Greatest Movie Ever Sold
[],[],Ed and His Dead Mother
Prayer Flag Pictures,72591,Travellers and Magicians
Twentieth Century Fox Film Corporation,306,Deadline - U.S.A.
Raw Feed,3295,Sublime
[],[],A Beginner's Guide to Snuff
Independence Day Productions,62511,Independence Daysaster
[],[],Dysfunctional Friends
X-Filme Creative Pool,1972,Run Lola Run
Westdeutscher Rundfunk (WDR),7025,Run Lola Run
Against the Wild Films,26343,Against the Wild
The Weinstein Company,308,Under the Same Moon
Fidecine,16116,Under the Same Moon
Creando Films,89636,Under the Same Moon
Potomac Pictures,89637,Under the Same Moon
Twentieth Century Fox Film Corporation,306,Conquest of the Planet of the Apes
APJAC Productions,12943,Conquest of the Planet of the Apes
Miramax Films,14,In the Bedroom
GreeneStreet/SKE Films,842,In the Bedroom
Columbia Pictures,5,You Can't Take It With You
[],[],Fighting Tommy Riley
Anchor Bay Films,5860,I Spit on Your Grave
Cinetel Films,10399,I Spit on Your Grave
Family of the Year Productions,21624,I Spit on Your Grave
Miramax Films,14,"Happy, Texas"
Marked Entertainment,16833,"Happy, Texas"
[],[],My Summer of Love
UTV Motion Pictures,2320,The Lunchbox
GreeneStreet Films,2152,Yes
UK Film Council,2452,Yes
Studio Fierberg,14731,Yes
Adventure Pictures,36765,Yes
Columbia Pictures Corporation,441,From Here to Eternity
RKO Radio Pictures,6,She Wore a Yellow Ribbon
Coram Deo Studios,30270,Grace Unplugged
Birchwood Pictures,30271,Grace Unplugged
No Limit Films,16718,Foolish
Shooting Star Pictures,40648,Foolish
[],[],N-Secure
Les Films du Carrosse,53,Mississippi Mermaid
Les Productions Artistes Associés,64,Mississippi Mermaid
Produzioni Associate Delphos,34403,Mississippi Mermaid
Bac Films,208,Caramel
Les Films des Tournelles,2280,Caramel
Les Films de Beyrouth,2281,Caramel
Roissy Films,2282,Caramel
Sunnyland,2283,Caramel
Arte France Cinéma,6916,Caramel
Centre National de la Cinématographie (CNC),18367,Caramel
Fonds Sud Cinéma,22625,Caramel
Ministère de la Culture et de la Communication,25818,Caramel
Ministère des Affaires étrangères et du Développement International,72598,Caramel
Cinéfondation,77292,Caramel
Ministère Libanais de la Culture,78994,Caramel
Participant Media,6735,Out of the Dark
Imagenation Abu Dhabi FZ,6736,Out of the Dark
Dynamo,7062,Out of the Dark
Apaches Entertainment,8111,Out of the Dark
XYZ Films,12142,Out of the Dark
Cactus Flower Producciones,44210,Out of the Dark
Fast Producciones,44211,Out of the Dark
Metro Productions,633,The Bubble
Israeli Film Fund,4520,The Bubble
Keshet Hot,93101,The Bubble
Uchovsky Fox,93102,The Bubble
Ronen Ben-Tal Films,93103,The Bubble
Feingold Productions,93104,The Bubble
Paramount Pictures,4,The Conversation
The Coppola Company,536,The Conversation
The Directors Company,14120,The Conversation
Entertainment One Pvt. Ltd.,3650,Dil Jo Bhi Kahey...
21st Century Film Production,77472,Royal Kill
[],[],I Love Your Work
Armory Films,35849,Cabin Fever
Pelican Point Media,73192,Cabin Fever
Contend,73193,Cabin Fever
Night and Day Pictures,24133,Waitress
Cannon Films,4110,Bloodsport
Columbia Pictures,5,Mr. Smith Goes to Washington
Miramax Films,14,Kids
Destination Films,769,The Squid and the Whale
Samuel Goldwyn Films,9118,The Squid and the Whale
Sony Pictures International,63520,The Squid and the Whale
Fox Searchlight Pictures,43,Kissing Jessica Stein
Eden Wurmfeld Films,4143,Kissing Jessica Stein
Cineric,11078,Kissing Jessica Stein
Michael Alden Productions,84889,Kissing Jessica Stein
Brad Zions Films,84890,Kissing Jessica Stein
Radar Pictures,14718,Kickboxer: Vengeance
Headmon Entertainment & Productions,86465,Kickboxer: Vengeance
Selznick International Pictures,1553,Spellbound
Miramax Films,14,Exotica
Alliance Entertainment,10166,Exotica
Ego Film Arts,12800,Exotica
[],[],Buffalo '66
Alliance Films,2514,Insidious
IM Global,7437,Insidious
Stage 6 Films,11341,Insidious
Haunted Movies,21742,Insidious
Edge City,11463,Repo Man
Naya Films S.A.,4718,Nine Queens
Patagonik Film Group,7100,Nine Queens
Les Films du Poisson,2426,The Gatekeepers
Cinephil,2632,The Gatekeepers
RTBF,5867,The Gatekeepers
Arte France,6111,The Gatekeepers
NDR,8047,The Gatekeepers
Elevation Filmworks,1840,The Ballad of Jack and Rose
Initial Entertainment Group (IEG),7380,The Ballad of Jack and Rose
IFC Productions,26468,The Ballad of Jack and Rose
Jack and Rose Productions,37334,The Ballad of Jack and Rose
3 Arts Entertainment,787,The To Do List
The Mark Gordon Company,1557,The To Do List
Live Entertainment,285,Killing Zoe
Fuller Films,1539,The Believer
Seven Arts Pictures,14159,The Believer
Crossroads Films,3058,Snow Angels
[],[],Unsullied
October Films,236,Session 9
USA Films,987,Session 9
Scout Productions,2065,Session 9
ArieScope Pictures,3960,Hatchet
United Artists,60,Modern Times
Charles Chaplin Productions,1315,Modern Times
[],[],Stolen Summer
Dark Horse Entertainment,552,My Name Is Bruce
Image Entertainment,3086,My Name Is Bruce
[],[],The Salon
Sontalia,32558,Road Hard
Charlie Guidance,45004,Forty Shades of Blue
Flux Films,54034,Forty Shades of Blue
High Line Productions,54035,Forty Shades of Blue
Tiny Dancer Films,54036,Forty Shades of Blue
Anarchist's Convention Films,2906,Amigo
Ponty Up Pictures,12975,Pontypool
Shadow Shows,12976,Pontypool
Plum Pictures,2224,Trucker
Hanson Allen Films,4090,Trucker
Hart-Lunsford Pictures,39483,Trucker
[],[],Me You and Five Bucks
Alliance Films,2514,The Lords of Salem
Blumhouse Productions,3172,The Lords of Salem
IM Global,7437,The Lords of Salem
Automatik Entertainment,7625,The Lords of Salem
Haunted Movies,21742,The Lords of Salem
Semi-Professional,35852,Housebound
Brave New Films,4971,Wal-Mart: The High Cost of Low Price
Cheap and Dirty Productions Inc.,10853,Fetching Cody
[],[],Last I Heard
Mandragora Movies,20643,Closer to the Moon
Agresywna Banda,36299,Closer to the Moon
Denis Friedman Productions,66146,Closer to the Moon
Nomadic Pictures,12467,Mutant World
[],[],Growing Up Smith
Status Media & Entertainment,35396,Checkmate
Puppy Entertainment,63430,Checkmate
AST Studios,75277,#Horror
Lowland Pictures,75278,#Horror
[],[],Wind Walkers
Walt Disney Productions,3166,Snow White and the Seven Dwarfs
R&C Produzioni,19385,The Holy Girl
Teodora Film,65361,The Holy Girl
La Pasionaria S.r.l.,67703,The Holy Girl
Central Cinema Company Film,1787,Shalako
Palomar Pictures International,12146,Shalako
Kingston Film Productions Ltd.,12147,Shalako
[],[],Incident at Loch Ness
ESX Productions,37081,The Dog Lover
ESX Entertainment,79279,The Dog Lover
Brookstreet Pictures,3160,GirlHouse
Alfama Films,3061,The Blue Room
Allure Entertainment,26679,House at the End of the Drive
Twentieth Century Fox Film Corporation,306,Batman
DC Comics,429,Batman
William Dozier Productions,1188,Batman
Greenlawn Productions,1189,Batman
Handmade Films Ltd.,146,"Lock, Stock and Two Smoking Barrels"
Summit Entertainment,491,"Lock, Stock and Two Smoking Barrels"
PolyGram Filmed Entertainment,1382,"Lock, Stock and Two Smoking Barrels"
SKA Films,13419,"Lock, Stock and Two Smoking Barrels"
The Steve Tisch Company,21920,"Lock, Stock and Two Smoking Barrels"
Moctesuma Esparza Productions,32189,The Ballad of Gregorio Cortez
Nordic Film,156,The Celebration
Sveriges Television (SVT),3221,The Celebration
Nimbus Film Productions,11672,The Celebration
[],[],Trees Lounge
[],[],Journey from the Fall
[],[],The Basket
Det Danske Filminstitut,118,Eddie: The Sleepwalking Cannibal
Téléfilm Canada,806,Eddie: The Sleepwalking Cannibal
Fridthjof Film,7048,Eddie: The Sleepwalking Cannibal
Make A Move,64899,Eddie: The Sleepwalking Cannibal
Kirghizfilm,40456,Queen of the Mountains
Aitysh Film,63928,Queen of the Mountains
New World Pictures,1950,Def-Con 4
Salter Street Films International,26139,Def-Con 4
ContentFilm,1420,The Hebrew Hammer
Comedy Central Films,7480,The Hebrew Hammer
Yash Raj Films,1569,Neal 'n' Nikki
Silver Nitrate Films,2262,The 41–Year–Old Virgin Who Knocked Up Sarah Marshall and Felt Superbad About It
Capstone Entertainment Group,17055,Forget Me Not
Vindicated Pictures,17056,Forget Me Not
Selznick International Pictures,1553,Rebecca
Paramount Pictures,4,Friday the 13th Part 2
"Georgetown Productions, Inc.",7512,Friday the 13th Part 2
Paramount,6033,The Lost Weekend
[],[],Below Zero
New World Pictures,1950,C.H.U.D.
C.H.U.D. Productions,85889,C.H.U.D.
[],[],Filly Brown
Sunrise Productions,30216,The Lion of Judah
Animated Family Films,30217,The Lion of Judah
Character Matters,30218,The Lion of Judah
Twentieth Century Fox Film Corporation,306,Niagara
Twentieth Century Fox Film Corporation,306,How Green Was My Valley
40 Acres & A Mule Filmworks,4319,Da Sweet Blood of Jesus
[],[],Crowsnest
Miramax Films,14,"Sex, Lies, and Videotape"
Outlaw Productions,889,"Sex, Lies, and Videotape"
Virgin,1419,"Sex, Lies, and Videotape"
Lions Gate Films,35,Saw
Twisted Pictures,2061,Saw
Evolution Entertainment,23019,Saw
Saw Productions Inc.,55405,Saw
Fox Searchlight Pictures,43,Super Troopers
Broken Lizard Industries,2773,Super Troopers
Zelko Films,62451,The Algerian
Cine Canibal,16496,The Amazing Catfish
Conquest Productions,6087,From a Whisper to a Scream
IFC Films,307,Monsoon Wedding
Mirabai Films,6235,Monsoon Wedding
The Criterion Collection,10932,Monsoon Wedding
Cappa Productions,691,You Can Count on Me
Hart-Sharp Entertainment,11351,You Can Count on Me
Crush Entertainment,68304,You Can Count on Me
Paramount Pictures,4,The Trouble with Harry
Alfred J. Hitchcock Productions,10715,The Trouble with Harry
Ignite Entertainment,4131,But I'm a Cheerleader
Samuel Goldwyn,261,Home Run
Provident Films,3291,Home Run
Twentieth Century Fox Film Corporation,306,The Blue Bird
United Artists,60,"The Good, the Bad and the Ugly"
Constantin Film Produktion,5755,"The Good, the Bad and the Ugly"
Produzioni Europee Associati (PEA),7508,"The Good, the Bad and the Ugly"
Arturo González Producciones Cinematográficas S.A.,42498,"The Good, the Bad and the Ugly"
Gullane Entretenimento S.A.,44615,The Second Mother
África Filmes,47462,The Second Mother
Ruckus Films,36108,Blue Like Jazz
[],[],Down & Out With The Dolls
National Film Board of Canada (NFB),17027,"Pink Ribbons, Inc."
Acajou Films,18519,Desire
Rebel Rebel,18520,Desire
Birka Holding,18521,Desire
[],[],The Blade of Don Juan
[],[],Grand Theft Parsons
FlipZide Pictures,3478,Extreme Movie
Warner Bros.,6194,The Charge of the Light Brigade
Warner Bros.,6194,Casablanca
[],[],Airborne
[],[],Cotton Comes to Harlem
After Dark Films,3608,The Wicked Within
High Five Films,25635,The Wicked Within
[],[],Bleeding Hearts
L.I.F.T. Production,1305,Waiting...
Eden Rock Media,2273,Waiting...
EM Media,1917,Dead Man's Shoes
Big Arty Productions,3519,Dead Man's Shoes
Film4,9349,Dead Man's Shoes
Warp Films,12180,Dead Man's Shoes
[],[],Sex With Strangers
Canadian Broadcasting Corporation (CBC),12113,Dracula: Pages from a Virgin's Diary
Dracula Productions Inc.,94410,Dracula: Pages from a Virgin's Diary
Vonnie Von Helmolt Film,94411,Dracula: Pages from a Virgin's Diary
Global Creative Studios,77793,Faith Like Potatoes
Chromewood Productions,28001,Beyond the Black Rainbow
Celluloid Dreams,860,The Raid
Pt. Merantau Films,12141,The Raid
XYZ Films,12142,The Raid
[],[],The Dead Undead
[],[],The Vatican Exorcisms
Mungo Productions,5583,Lake Mungo
Yash Raj Films,1569,Rocket Singh: Salesman of the Year
Universal Pictures,33,Silent Running
Trumbull/Gruskoff Productions,23276,Silent Running
United Artists,60,Rocky
Tandem Pictures,38956,The Sleepwalker
4 1/2 Film,38957,The Sleepwalker
Woodfall Film Productions,1980,Tom Jones
Bazelevs Production,1038,Unfriended
Blumhouse Productions,3172,Unfriended
Columbia Pictures Corporation,441,Taxi Driver
Italo/Judeo Productions,46059,Taxi Driver
Bill/Phillips,46060,Taxi Driver
AVCO Embassy Pictures,494,The Howling
International Film Investors,502,The Howling
Wescom Productions,10312,The Howling
United Artists,60,Dr. No
Eon Productions,7576,Dr. No
Alcon Entertainment,1088,Chernobyl Diaries
FilmNation Entertainment,7493,Chernobyl Diaries
Oren Peli / Brian Witten Pictures,14734,Chernobyl Diaries
Pure Flix Productions,79986,God's Not Dead 2
Universal Pictures,33,Cry_Wolf
Toho Film (Eiga) Co. Ltd.,622,Godzilla 2000
Hunting Lane Films,2290,Blue Valentine
Silverwood Films,2293,Blue Valentine
Incentive Filmed Entertainment,7215,Blue Valentine
Chrysler Corporation,11335,Blue Valentine
Shade Pictures,11336,Blue Valentine
Motel Movies,11337,Blue Valentine
Cottage Industries,11338,Blue Valentine
Splendid Film,8146,The Perfect Host
IFC Films,307,Transamerica
The Weinstein Company,308,Transamerica
Room 101,6302,The Devil Inside
Prototype,24048,The Devil Inside
Twentieth Century Fox Film Corporation,306,Beyond the Valley of the Dolls
Twentieth Century Fox Film Corporation,306,Love Me Tender
Lawrence Bender Productions,2253,An Inconvenient Truth
Paramount Classics,2315,An Inconvenient Truth
Participant Media,6735,An Inconvenient Truth
[],[],Karachi se Lahore
Republic Pictures (I),14317,Sands of Iwo Jima
Concert Promotion International,2264,Shine a Light
Shangri-La Entertainment,2265,Shine a Light
Worldview Entertainment,9015,The Green Inferno
Dragonfly Entertainment,18142,The Green Inferno
Sobras International Pictures,55497,The Green Inferno
Top Hat Releasing,73624,The Green Inferno
BH Tilt,73625,The Green Inferno
British Film Institute (BFI),7281,Departure
Amaro Films,76846,Departure
Connectic Studio,76847,Departure
Motion Group Pictures,76848,Departure
Rhino Films,1591,The Sessions
Such Much Films,13195,The Sessions
[],[],Clean
Magnolia Pictures,1030,"Food, Inc."
[],[],October Baby
[],[],Next Stop Wonderland
Duplass Brothers Productions,1974,The Skeleton Twins
Venture Forth,20313,The Skeleton Twins
Cunningham & Maybach Films,10056,Martha Marcy May Marlene
FilmHaven Entertainment,10057,Martha Marcy May Marlene
BorderLine Films,10058,Martha Marcy May Marlene
This Is That Productions,10059,Martha Marcy May Marlene
Sundial Pictures,10479,Obvious Child
Votiv Films,34455,Obvious Child
Rooks Nest Entertainment,34456,Obvious Child
A24,41077,Obvious Child
Cohen Media Group,9122,Frozen River
Harwood Hunt Productions,85817,Frozen River
Tremolo Productions,58637,20 Feet from Stardom
Fox Searchlight Pictures,43,Two Girls and a Guy
Channel Four Films,181,Walking and Talking
Pandora Filmproduktion,254,Walking and Talking
Zenith Entertainment,3644,Walking and Talking
Good Machine,10565,Walking and Talking
Mikado Film,11912,Walking and Talking
Electric,53407,Walking and Talking
TEAM Communications Group,53408,Walking and Talking
Electric Entertainment,3241,Who Killed the Electric Car?
Plinyminor,4925,Who Killed the Electric Car?
Papercut Films,8746,Who Killed the Electric Car?
[],[],Guiana 1838
[],[],The Broken Hearts Club: A Romantic Comedy
MGM,5899,Bubba Ho-tep
Silver Sphere Corporation,59341,Bubba Ho-tep
[],[],Slam
Main Street Movie Company,6337,Brigham City
[],[],Fiza
ARTE,5766,Ajami
Inosan,11631,Ajami
Das Kleine Fernsehspiel (ZDF),16053,Ajami
Twenty Twenty Vision Filmproduktion GmbH,32545,Ajami
Kuzui Enterprises,2516,Orgazmo
Avenging Conscience,2517,Orgazmo
Focus Features,10146,Orgazmo
Sony Pictures Classics,58,All the Real Girls
[],[],Dream with the Fishes
[],[],Blue Car
Tribeca Film,20670,Palo Alto
No Matter Pictures,3561,Wristcutters: A Love Story
Verisimilitude,22632,I Origins
Bersin Pictures,36186,I Origins
WeWork Studios,36187,I Origins
Miramax Films,14,The Battle of Shaker Heights
LivePlanet,7161,The Battle of Shaker Heights
Spring Films,9158,The Act of Killing
Final Cut for Real,29062,The Act of Killing
Piraya Film A/S,29063,The Act of Killing
Novaya Zemlya,29064,The Act of Killing
Jigsaw Productions,2740,Taxi to the Dark Side
[],[],Once in a Lifetime: The Extraordinary Story of the New York Cosmos
Antzworks,49386,Antarctica: A Year on Ice
Global Emerging Markets (GEM),19542,A LEGO Brickumentary
HeLo,19543,A LEGO Brickumentary
[],[],Hardflip
[],[],Chocolate: Deep Dark Secrets
Glass Eye Pix,1360,The House of the Devil
MPI Media Group,23457,The House of the Devil
Jafar Panahi Film Productions,2835,The Circle
October Films,236,Safe Men
Andell Entertainment,1683,Safe Men
Blue Guitar Films,40263,Safe Men
Golan-Globus Productions,13549,Speedway Junky
Powers That Be Pictures,85163,Speedway Junky
"Magic Entertainment, Inc.",85164,Speedway Junky
Miracle Entertainment,85165,Speedway Junky
Byronic Pose Productions,17181,The Last Big Thing
Brillstein-Grey Entertainment,1606,The Specials
Mindfire Entertainment,8068,The Specials
Duck Farm Films,59196,16 to Life
The Weinstein Company,308,Alone With Her
Pin Hole Productions LLC,13358,Alone With Her
Ghost Robot,51071,Creative Control
Greencard Pictures,64854,Creative Control
Mathematic,74293,Creative Control
Rival Pictures,2830,Special
[],[],Sparkler
[],[],The Helix... Loaded
[],[],In Her Line of Fire
Next Wednesday Productions,921,The Jimmy Show
Mantarraya Producciones,863,Heli
No Dream Cinema,864,Heli
Lemming Film,2345,Heli
Le Pacte,5125,Heli
Fondo para la Producción Cinematográfica de Calidad (FOPROCINE),9980,Heli
ZDF/Arte,11237,Heli
unafilm,14547,Heli
Centre National du Cinéma et de L'image Animée (CNC),17298,Heli
Tres Tunas,22621,Heli
Consejo Nacional para la Cultura y las Artes (CONACULTA),22622,Heli
Ticoman,22623,Heli
Iké Asistencia,22624,Heli
Fonds Sud Cinéma,22625,Heli
Ministère des Affaires Etrangères et Européennes,22626,Heli
Film- und Medienstiftung NRW,22627,Heli
Netherland Filmfund,22628,Heli
Sundance / NHK International Filmmakers Award,22629,Heli
Big Easy Pictures,15055,Loving Annabelle
Divine Light Pictures,15056,Loving Annabelle
Honora Productions,39077,Hits
Brooks Media,49786,Hits
[],[],Jimmy and Judy
SuperMassive Films,85759,Frat Party
Tricastle,68081,The Party's Over
[],[],Proud
Magnolia Pictures,1030,Interview with the Assassin
The Poker House,73334,The Poker House
[],[],Childless
Splendid Film,8146,ZMD: Zombies of Mass Destruction
[],[],Snow White: A Deadly Summer
Baleuko S.L.,10026,Hidden Away
Departamento de Cultura del Gobierno Vasco,32718,Hidden Away
Bitart New Media,32719,Hidden Away
[],[],My Last Day Without You
Triumphant Pictures,3945,Steppin: The Movie
Rapid Heart Pictures,4881,Doc Holliday's Revenge
Submarine Entertainment Distributors,8185,Black Rock
LD Entertainment,10285,Black Rock
Corona Pictures,12905,Truth or Dare
[],[],The Pet
JoBro Productions & Film Finance,50084,Bang Bang Baby
Scythia Films,61011,Bang Bang Baby
Dry County Films,3347,Fear Clinic
Anchor Bay Entertainment,16839,Fear Clinic
Movie Machine,18890,Fear Clinic
Arrowstorm Entertainment,14787,Zombie Hunter
The Klimax,58574,Zombie Hunter
[],[],A Fine Step
ABC Pictures,634,Charly
Cinerama Releasing Corporation,88161,Charly
Before the Door Pictures,14861,Banshee Chapter
Sunchaser Entertainment,19600,Banshee Chapter
Favorit Film,19601,Banshee Chapter
[],[],Water & Power
Decipher Entertainment,23749,Ask Me Anything
Presque Isle Films,23750,Ask Me Anything
LA Publicity,23751,Ask Me Anything
Tait Productions,23752,Ask Me Anything
[],[],And Then Came Love
[],[],Food Chains
Columbia Pictures,5,On the Waterfront
Horizon Pictures,388,On the Waterfront
Stardust Pictures,34951,L!fe Happens
Dot Dot Dot Productions,47330,L!fe Happens
Saga Film,859,"4 Months, 3 Weeks and 2 Days"
Mobra Films,5545,"4 Months, 3 Weeks and 2 Days"
Mindshare Media,35020,"4 Months, 3 Weeks and 2 Days"
Centrul National al Cinematografiei (CNC),69462,"4 Months, 3 Weeks and 2 Days"
McCann-Erickson,73925,"4 Months, 3 Weeks and 2 Days"
Televiziunea Romana (TVR1),73926,"4 Months, 3 Weeks and 2 Days"
"Hubert Bals Fund of the Rotterdam Festival, The",73927,"4 Months, 3 Weeks and 2 Days"
Furst Films,3135,Everything Put Together
[],[],The Horror Network Vol. 1
Vulcan Productions Inc.,12355,Hard Candy
Destination Films,769,The Quiet
A Space Between,16144,Circumstance
Marakesh Films,33553,Circumstance
Bago Pictures,58849,Circumstance
Forest Whitaker's Significant Productions,14638,Fruitvale Station
OG Project,14639,Fruitvale Station
Laundry Films,13552,The Brass Teapot
Walt Disney Productions,3166,Bambi
Bentley Filmgroup,2958,The Hammer
Eden Wurmfeld Films,4143,The Hammer
Hammer The Movie,4144,The Hammer
TLA Releasing,328,Latter Days
France Télévision,7454,Elza
Aztec Musique,73188,Elza
Canal Plus Overseas,73189,Elza
[],[],1982
AdScott Pictures,52241,"For a Good Time, Call..."
Team Todd,598,Celeste & Jesse Forever
Christiano Film Group,5302,Time Changer
Steel Mill Pictures,15282,London to Brighton
LTB Films Limited,25794,London to Brighton
Wellington Films,25795,London to Brighton
Screen Media Films,6353,American Hero
Vertigo Films,10393,American Hero
Protagonist Pictures,20277,American Hero
Absinthe Productions,54946,Windsor Drive
Asghar Farhadi Productions,84797,A Separation
Dreamlab Films,84798,A Separation
MPA APSA Academy Film Fund,84799,A Separation
Scottish Screen,698,Crying with Laughter
EM Media,1917,Crying with Laughter
BBC Scotland,3712,Crying with Laughter
Synchronicity Films,10443,Crying with Laughter
Wellington Films,25795,Crying with Laughter
[],[],Welcome to the Dollhouse
Ruby in Paradise,75712,Ruby in Paradise
Full Crew/Say Yea,75713,Ruby in Paradise
[],[],Raising Victor Vargas
Nero Films,4903,Pandora's Box
[],[],Harrison Montgomery
Libido Cine,28810,Live-In Maid
Aquafilms,28811,Live-In Maid
Filmanova,28812,Live-In Maid
Battleplan Productions,2108,Deterrence
TF1 International,7799,Deterrence
Moonstone Entertainment,22289,Deterrence
[],[],The Mudge Boy
[],[],The Young Unknowns
[],[],Iraq for Sale: The War Profiteers
Steeltown Entertainment,33836,Not Cool
Point Park University,33837,Not Cool
Shaderville,33838,Not Cool
Euforia Film,3553,Dead Snow
FilmCamp,23682,Dead Snow
Miho Film,44992,Dead Snow
Barentsfilm,44993,Dead Snow
Yellow Bastard Production,44995,Dead Snow
News On Request (NOR),44996,Dead Snow
Zwart Arbeid,44997,Dead Snow
Excel Entertainment,2934,Saints and Soldiers
Baker's Dozen Productions,58154,Vessel
Lucasfilm,1,American Graffiti
Universal Pictures,33,American Graffiti
The Coppola Company,536,American Graffiti
Warner Bros.,6194,Aqua Teen Hunger Force Colon Movie Film for Theaters
Williams Street,6760,Aqua Teen Hunger Force Colon Movie Film for Theaters
First Look Pictures,13534,Aqua Teen Hunger Force Colon Movie Film for Theaters
Cartoon Network,33423,Aqua Teen Hunger Force Colon Movie Film for Theaters
Duplass Brothers Productions,1974,Safety Not Guaranteed
Big Beach Films,12808,Safety Not Guaranteed
Comedy Central Films,7480,Kevin Hart: Laugh at My Pain
Codeblack Entertainment,35327,Kevin Hart: Laugh at My Pain
Hartbeat Productions,40268,Kevin Hart: Laugh at My Pain
Rook Films,16853,Kill List
Warp X,17817,Kill List
Glass Eye Pix,1360,The Innkeepers
Dark Sky Films,4592,The Innkeepers
Paramount Pictures,4,The Conformist
Mars Films,819,The Conformist
Marianne Productions,1497,The Conformist
Maran Film,1627,The Conformist
Warp X,17817,Donkey Punch
Madman Entertainment,21592,Donkey Punch
Occupant Films,14712,All the Boys Love Mandy Lane
[],[],Bled
United Artists,60,High Noon
Stanley Kramer Productions,893,High Noon
Fine Line Features,8,Hoop Dreams
Kartemquin Films,13042,Hoop Dreams
David LaChapelle Studios,1050,Rize
HSI Productions,1051,Rize
Darkfibre Entertainment Ltd.,1052,Rize
Got Films,1053,Rize
[],[],L.I.E.
[],[],The Sisterhood of Night
Two Camels Films,59462,B-Girl
Thinkfilm,446,Half Nelson
Hunting Lane Films,2290,Half Nelson
Journeyman Pictures,2291,Half Nelson
Original Media,2292,Half Nelson
Silverwood Films,2293,Half Nelson
Traction Media,2294,Half Nelson
Red-horse Native,38147,Naturally Native
[],[],Hav Plenty
[],[],Adulterers
Mankurt Media,48545,Escape from Tomorrow
[],[],Starsuckers
[],[],The Hadza:  Last of the First
Seabourne Pictures,25566,After
Quite Quick Productions,25567,After
[],[],Treachery
[],[],Walter
RKO Radio Pictures,6,Top Hat
Artisan Entertainment,2188,The Blair Witch Project
Haxan Films,15160,The Blair Witch Project
Wadleigh-Maurice,3816,Woodstock
Warner Bros.,6194,Woodstock
Kentucky Fried Theatre,3894,The Kentucky Fried Movie
[],[],Mercy Streets
The Picture Factory,637,Carousel of Revenge
B.Sting Entertainment,37757,Carousel of Revenge
[],[],Broken Vessels
Spring Films,9158,They Will Have to Kill Us First
Together Films,80448,They Will Have to Kill Us First
Mojo Musique,80449,They Will Have to Kill Us First
[],[],Light from the Darkroom
France 2 Cinéma,83,The Country Doctor
Le Pacte,5125,The Country Doctor
31 Juin Films,45969,The Country Doctor
Cinefrance,68543,The Country Doctor
Les Films du Parc,80017,The Country Doctor
[],[],The Maid's Room
Proscenium Films,413,A Hard Day's Night
Walter Shenson Films,3462,A Hard Day's Night
Maljack Productions,11506,A Hard Day's Night
[],[],The Harvest (La Cosecha)
New World Pictures,1950,Love Letters
Millennium Films,10254,Love Letters
Perfo Production,34679,Juliet and Alfa Romeo
Televizija Slovenija,48130,Juliet and Alfa Romeo
Carmel Entertainment,3290,Fireproof
Provident Films,3291,Fireproof
Samuel Goldwyn Films,9118,Fireproof
Affirm Films,10156,Fireproof
Sherwood Pictures,41967,Fireproof
Jungle Book Entertainment,52630,Faith Connections
[],[],Benji
Plunge Pictures LLC,22376,Open Water
[],[],High Road
Arachnid Productions Ltd.,56482,Kingdom of the Spiders
[],[],Mad Hot Ballroom
Next Wednesday Productions,921,The Station Agent
SenArt Films,922,The Station Agent
[],[],To Save A Life
[],[],Wordplay
Imagine Entertainment,23,Beyond the Mat
Universal Pictures,33,Beyond the Mat
Lionsgate,1632,Beyond the Mat
Halestorm entertainment,4003,The Singles Ward
Hubert Bals Fund,13413,Osama
NHK,15505,Osama
LeBrocquy Fraser Productions,21605,Osama
Barmak Film,37854,Osama
[],[],Sholem Aleichem: Laughing In The Darkness
[],[],Groove
Halestorm entertainment,4003,The R.M.
[],[],Twin Falls Idaho
Whitewater Films,3095,Mean Creek
United Artists,60,Hurricane Streets
Posthorn Pictures,40543,Hurricane Streets
Giv'en Films,40544,Hurricane Streets
[],[],Never Again
[],[],Civil Brand
Plum Pictures,2224,Lonesome Jim
Burn Later Productions,18346,Drinking Buddies
Kino Lorber,39134,Deceptive Practice: The Mysteries and Mentors of Ricky Jay
Toho Company,882,Seven Samurai
[],[],The Other Dream Team
Vega Film,8138,Johnny Suede
Balthazar Productions,10005,Johnny Suede
Starr,38735,Johnny Suede
Arena,38736,Johnny Suede
[],[],Finishing The Game
Canal+,5358,Rubber
Backup Films,5381,Rubber
Arte France,6111,Rubber
Arte France Cinéma,6916,Rubber
Elle Driver,6930,Rubber
1.85 Films,12856,Rubber
Realitism Films,20856,Rubber
Sindika Dokolo,23002,Rubber
[],[],Kiss the Bride
[],[],The Slaughter Rule
Voltage Pictures,10255,Good Kill
Sobini Films,13923,Good Kill
Dune Films,19477,Good Kill
Vertigo Entertainment,829,Monsters
Parker Film Company,68599,The Californians
[],[],The Living Wake
Gala Film,4896,Detention of the Dead
[],[],Crazy Stone
[],[],Scott Walker: 30 Century Man
Spy Global Media,31296,Girls Gone Dead
[],[],America Is Still the Place
Rainsworth Productions,45330,Subconscious
Hilton Media Management,45331,Subconscious
Underwater Productions,45332,Subconscious
Caliber Media Company,11049,Enter Nowhere
[],[],El Rey de Najayo
Triple D Productions,60954,Fight to the Finish
CalTex Films,72741,Fight to the Finish
Limb from Limb Pictures,59006,Alleluia! The Devil's Carnival
Execution Style Entertainment,59007,Alleluia! The Devil's Carnival
Veracity Productions,64898,The Sound and the Shadow
Be Your Own Hollywood,39706,Rodeo Girl
[],[],Born to Fly: Elizabeth Streb vs. Gravity
[],[],The Little Ponderosa Zoo
Troma Entertainment,3052,The Toxic Avenger
[],[],Straight Out of Brooklyn
Portman Entertainment Group,1095,Bloody Sunday
Bórd Scannán na hÉireann,1898,Bloody Sunday
Hell's Kitchen Films,2307,Bloody Sunday
Granada Television,14063,Bloody Sunday
[],[],Diamond Ruff
Prophecy Pictures Ltd.,41047,Conversations with Other Women
Gordonstreet Pictures,60473,Conversations with Other Women
Troma Entertainment,3052,Poultrygeist: Night of the Chicken Dead
Poultry Productions LLC,18321,Poultrygeist: Night of the Chicken Dead
[],[],Mutual Friends
Warner Bros.,6194,42nd Street
[],[],Rise of the Entrepreneur: The Search for a Better Way
Allagash Films,3076,Metropolitan
GF Studios AB,242,As It Is in Heaven
Lefwander Kapitalförvaltning AB,2495,As It Is in Heaven
Sonet Film AB,7937,As It Is in Heaven
[],[],Roadside
Paramount Pictures,4,Napoleon Dynamite
Fox Searchlight Pictures,43,Napoleon Dynamite
MTV Films,746,Napoleon Dynamite
Access Films,2339,Napoleon Dynamite
Napoleon Pictures Limited,2340,Napoleon Dynamite
Carnival Films,6196,Napoleon Dynamite
Blumhouse Productions,3172,Paranormal Activity
Solana Films,21223,Paranormal Activity
Agi Orsi Productions,794,Dogtown and Z-Boys
Vans Off the Wall,795,Dogtown and Z-Boys
Python (Monty) Pictures Limited,416,Monty Python and the Holy Grail
Michael White Productions,463,Monty Python and the Holy Grail
National Film Trustee Company,464,Monty Python and the Holy Grail
Twickenham Film Studios,465,Monty Python and the Holy Grail
[],[],Quinceañera
[],[],Gory Gory Hallelujah
[],[],Tarnation
[],[],I Want Your Money
Red Cube Picture,27892,Love in the Time of Monsters
TBC Films,27893,Love in the Time of Monsters
Fulvia Film,13682,The Beyond
Twentieth Century Fox Film Corporation,306,What Happens in Vegas
Regency Enterprises,508,What Happens in Vegas
Mosaic Media Group,748,What Happens in Vegas
21 Laps Entertainment,2575,What Happens in Vegas
Penn Station Entertainment,4916,What Happens in Vegas
Dune Entertainment III,6332,What Happens in Vegas
Calder Road Film,3435,The Dark Hours
Canadian Film Centre (CFC),14185,The Dark Hours
"Feature Film Project, The",64574,The Dark Hours
Channel Four Films,181,My Beautiful Laundrette
Working Title Films,10163,My Beautiful Laundrette
SAF Productions,73964,My Beautiful Laundrette
[],[],Fabled
Feature Film Project,21953,Show Me
Red Plush Films,21954,Show Me
Cinematograph AB,7445,Cries and Whispers
Svenska Filminstitutet (SFI),7446,Cries and Whispers
Filmacres,66152,The Looking Glass
Triangle Film Corporation,1307,Intolerance
Wark Producing Corp.,1308,Intolerance
[],[],Trekkies
Metro-Goldwyn-Mayer (MGM),8411,The Broadway Melody
Renaissance Pictures,467,The Evil Dead
La Petite Reine,1992,Maniac
Studio 37,2577,Maniac
Canal+,5358,Maniac
Ciné+,10611,Maniac
New World Pictures,1950,Death Race 2000
kNow Productions,14911,Censored Voices
Thinkfilm,446,Murderball
Cannon Group,1444,American Ninja 2: The Confrontation
Golan-Globus,1445,American Ninja 2: The Confrontation
Copacetic Pictures,8139,51 Birch Street
StoneKap Productions Ltd.,82624,Rotor DR1
United Artists,60,12 Angry Men
Orion-Nova Productions,10212,12 Angry Men
Norman Twain Productions,8828,My Dog Tulip
Columbia Pictures Corporation,441,It Happened One Night
Greek Film Center,7254,Dogtooth
Boo Productions,15113,Dogtooth
Horsefly Productions,15115,Dogtooth
Paramount Pictures,4,Tupac: Resurrection
MTV Films,746,Tupac: Resurrection
Fine Line Features,8,Tumbleweeds
TADORA Filmproduktions,5663,Super Hybrid
Stallion Media,21600,Super Hybrid
Studio 407,21601,Super Hybrid
Dimension Films,7405,The Prophecy
Vertigo Productions,2756,When the Cat's Away
Canal+,5358,When the Cat's Away
France 2 Cinéma,15671,When the Cat's Away
Kalkaska Productions,728,Pieces of April
IFC Productions,26468,Pieces of April
[],[],The Big Swap
Film Science,1976,Old Joy
Washington Square Films,14862,Old Joy
Van Hoy/Knudsen Productions,31302,Old Joy
Duplass Brothers Productions,1974,Baghead
Glass Eye Pix,1360,Wendy and Lucy
Film Science,1976,Wendy and Lucy
Oscilloscope Laboratories,4748,Wendy and Lucy
Washington Square Films,14862,Wendy and Lucy
Field Guide Films,31301,Wendy and Lucy
Caruso / Mendelsohn Productions,64857,3 Backyards
Dino de Laurentiis Cinematografica,1216,Pierrot le Fou
Vixen Films,82784,Sisters in Law
Pandora Filmproduktion,254,Ayurveda: Art of Being
Monsoon Films Private Limited,13198,Ayurveda: Art of Being
Pan Nalin Pictures,13199,Ayurveda: Art of Being
Sunrise Filmvertriebs AG,13200,Ayurveda: Art of Being
DuArt Film and Video,34166,Nothing But a Man
Nothing But a Man Company,80405,Nothing But a Man
Gravitas Ventures,44632,American Beast
[],[],Locker 13
[],[],Midnight Cabaret
Illumination Pictures,46102,Anderson's Cross
Eivissa Productions,72942,Bizarre
Bushwick Factory,72943,Bizarre
[],[],Graduation Day
[],[],Some Guy Who Kills People
Muskat Filmed Properties,10989,Compliance
Bad Cop Bad Cop Film Productions,12649,Compliance
Dogfish Pictures,12650,Compliance
Miramax Films,14,Chasing Amy
View Askew Productions,16934,Chasing Amy
[],[],Lovely & Amazing
[],[],Death Calls
[],[],Better Luck Tomorrow
[],[],The Incredibly True Adventure of Two Girls In Love
[],[],Chuck & Buck
Upload Films,6724,Shotgun Stories
Muskat Filmed Properties,10989,Shotgun Stories
A Lucky Old Sun Production,19148,Shotgun Stories
[],[],American Desi
Daniel Columbie Films & Productions,72267,Amidst the Devil's Wings
Téléfilm Canada,806,Cube
Feature Film Project,21953,Cube
Cube Libre,22207,Cube
Harold Greenberg Fund,22208,Cube
Odeon Films,22209,Cube
Ontario Film Development Corporation,22210,Cube
Viacom Canada,22211,Cube
[],[],Love and Other Catastrophes
Bill Plympton Studios,41680,I Married a Strange Person!
IFC Productions,26468,November
Honey Creek Pictures,8077,The Christmas Bunny
Paramount Vantage,838,Like Crazy
Andrea Sperling Productions,2313,Like Crazy
Indian Paintbrush,9350,Like Crazy
Super Crispy Entertainment,13369,Like Crazy
Ascension Productions,21892,Like Crazy
[],[],Teeth and Blood
Channel Four Films,181,Sugar Town
October Films,236,Sugar Town
[],[],The Motel
Filmworks/FX,40796,The Canyons
Prettybird,40797,The Canyons
Post Empire Films,40798,The Canyons
Sodium Fox,40799,The Canyons
Youth House Productions,81962,On the Outs
Fader Films,81963,On the Outs
Metakwon Filmworks,65815,Along the Roadside
Hazeldine Films,5004,Exam
Bedlam Productions,5005,Exam
[],[],The Sticky Fingers of Time
The Asylum,1311,Sunday School Musical
Asylum,6306,Sunday School Musical
[],[],Rust
Double Edge Films,21733,Ink
Les Films du Jeudi,54259,The Case of the Grinning Cat
Par-Par Productions,17668,Butterfly
[],[],UnDivided
[],[],The Frozen
Be Your Own Hollywood,39706,Horse Camp
[],[],Give Me Shelter
Metro-Goldwyn-Mayer (MGM),8411,The Big Parade
Fly High Films,24248,Little Big Top
EM Media,1917,Bronson
Aramid Entertainment Fund,3272,Bronson
Vertigo Films,10393,Bronson
Str8jacket Creations,11366,Bronson
4DH Films,11367,Bronson
Perfume Films,11368,Bronson
3rd Partner Productions,72018,Western Religion
Apostle Productions,23648,Burn
[],[],Urbania
[],[],The Stewardesses
Jack Dietz Productions,19558,"The Beast from 20,000 Fathoms"
[],[],Perfect Cowboy
Kennedy Miller Productions,2537,Mad Max
Mad Max Films,8831,Mad Max
Crossroads,11962,Mad Max
Miramax Films,14,Swingers
Independent Pictures (II),2833,Swingers
The Alfred Shay Company Inc.,8824,Swingers
United Artists,60,A Fistful of Dollars
Constantin Film Produktion,5755,A Fistful of Dollars
Jolly Film,10481,A Fistful of Dollars
Ocean Films,19498,A Fistful of Dollars
Paramount Pictures,4,She Done Him Wrong
[],[],Short Cut to Nirvana: Kumbh Mela
GraceWorks Pictures,33632,The Grace Card
[],[],Middle of Nowhere
X-Filme Creative Pool,1972,Three
ARTE,5766,Three
Westdeutscher Rundfunk (WDR),7025,Three
ARD Degeto Film,10947,Three
FallsApart Productions,60360,The Business of Fancydancing
[],[],Call + Response
[],[],Malevolence
Campbell Grobman Films,48738,Reality Show
Blump International Films,73087,Reality Show
Palladium Film,9079,Ordet
Good Dick,3015,Good Dick
Morning Knight,3016,Good Dick
Present Pictures,3017,Good Dick
Falling Sky Entertainment,2741,The Man from Earth
[],[],The Trials Of Darryl Hunt
[],[],Samantha: An American Girl Holiday
[],[],Cavite
[],[],Yesterday Was a Lie
Garden Thieves Pictures,64143,Theresa Is a Mother
A May Sky Picture Entertainment,64144,Theresa Is a Mother
[],[],H.
[],[],Archaeology of a Woman
The Institute for the Intellectual Development of Children & Young Adults,11460,Children of Heaven
Warner Bros. Home Video,5173,A Charlie Brown Christmas
EM Media,1917,Weekend
The Bureau,10441,Weekend
Glendale Picture Company,10442,Weekend
Synchronicity Films,10443,Weekend
40 Acres & A Mule Filmworks,4319,She's Gotta Have It
[],[],Butterfly Girl
[],[],The World Is Mine
Artists Public Domain,8145,Another Earth
Yeah,2404,Sweet Sweetback's Baadasssss Song
IFC Productions,26468,Tadpole
InDigEnt (Independent Digital Entertainment),26469,Tadpole
Miramax,53009,Tadpole
Dolly Hall Productions,86089,Tadpole
Summit Entertainment,491,Once
Samson Films,11571,Once
RTE,25489,Once
[],[],The Woman Chaser
[],[],The Horse Boy
Kintop Pictures,1490,When the Lights Went Out
Blue Trail Entertainment,72017,Heroes of Dirt
Cherry On Top,20757,Aroused
[],[],Top Spin
Warner Bros.,6194,Roger & Me
Dog Eat Dog Films,26137,Roger & Me
[],[],An American in Hollywood
Skyscraper Films,26197,Sound of My Voice
[],[],The Blood of My Brother: A Story of Death in Iraq
Fragmighty,61194,The Lost Skeleton of Cadavra
Transom Films,61195,The Lost Skeleton of Cadavra
Valenti Entertainment,61197,The Lost Skeleton of Cadavra
Ada Films,1424,Your Sister's Sister
Kibble Productions,61307,A Dog's Breakfast
Orsay Films,2325,The Married Woman
Anouchka Films,14679,The Married Woman
Phantom Four,423,The Birth of a Nation
Mandalay Pictures,551,The Birth of a Nation
Bron Studios,13240,The Birth of a Nation
Tiny Giant Entertainment,53155,The Birth of a Nation
[],[],The Work and The Story
New Line Cinema,12,The Gallows
Blumhouse Productions,3172,The Gallows
Management 360,4220,The Gallows
Tremendum Pictures,69581,The Gallows
American Film Institute (AFI),12226,Eraserhead
Libra Films,17877,Eraserhead
[],[],Hollywood Shuffle
Miramax Films,14,The Mighty
[],[],Penitentiary
[],[],Dude Where's My Dog?
New Artists Alliance,5124,Cheap Thrills
Snowfort Pictures,7787,Cheap Thrills
BlinkWorks Media,84489,Indie Game: The Movie
Ingenious Film Partners,289,Straightheads
Screen West Midlands,2310,Straightheads
UK Film Council,2452,Straightheads
DJ Films,5654,Straightheads
Film4,9349,Straightheads
Verve Pictures,35249,Straightheads
Free Range Films,39509,Straightheads
Marathon Pictures,20249,Open Secret
Harry Brandt Productions,45137,Open Secret
30 Something Productions,27271,Echo Dr.
Hemisphere Pictures,13992,The Night Visitor
Glazier,40349,The Night Visitor
Wrecking Crew,26403,The Past Is a Grotesque Animal
Polyvinyl Records,78846,The Past Is a Grotesque Animal
Shrine,78847,The Past Is a Grotesque Animal
[],[],"Peace, Propaganda & the Promised Land"
Truth and Soul Pictures Inc,379,Pi
Protozoa Pictures,7503,Pi
Harvest Filmworks,22566,Pi
Plantain Films,22567,Pi
[],[],"I Love You, Don't Touch Me!"
Automatik Entertainment,28163,The Signal
Low Spark Films,28286,The Signal
Signal Film Group,87213,The Signal
Fox Searchlight Pictures,43,20 Dates
Twentieth Century Fox Film Corporation,306,20 Dates
Phoenician Films,3901,20 Dates
Polonia Brothers Entertainment,11976,Queen Crab
Kathbur Pictures,8735,Super Size Me
Drafthouse Films,10485,The FP
Lucky Coffee Productions,29652,Happy Christmas
[],[],Her Cry: La Llorona Investigation
Rex Carlton Productions,12335,The Brain That Wouldn't Die
[],[],Tiger Orange
[],[],Supporting Characters
Blue Dot Productions,24562,Absentia
FallBack Plan Productions,24563,Absentia
Fox Searchlight Pictures,43,The Brothers McMullen
XYZ Films,12142,The Dirties
Zapruder Films,72063,The Dirties
United Artists,60,Gabriela
Metro-Goldwyn-Mayer (MGM),8411,Gabriela
Sultana,8517,Gabriela
Tiny Ponies,65873,Tiny Furniture
[],[],Hayride
[],[],The Naked Ape
[],[],Counting
HPLHS,17827,The Call of Cthulhu
[],[],Bending Steel
Respect Films,15287,The Image Revolution
Sequart,15288,The Image Revolution
[],[],This Is Martin Bonner
Team Awesome Films,41683,A True Story
[],[],George Washington
[],[],Smiling Fish & Goat On Fire
[],[],Down Terrace
[],[],Dawn of the Crescent Moon
[],[],Raymond Did It
FM Productions,12601,The Last Waltz
Last Waltz Inc.,12602,The Last Waltz
Little Big Film Company,26004,"Run, Hide, Die"
Abundant Productions,31866,"Run, Hide, Die"
Faith vs. Fate Productions,31867,"Run, Hide, Die"
[],[],The Exploding Girl
[],[],The Legend of God's Gun
[],[],Mutual Appreciation
Miramax Films,14,Clerks
View Askew Productions,16934,Clerks
Strand Releasing,3923,Pink Narcissus
[],[],Funny Ha Ha
Alliance Atlantis Communications,803,In the Company of Men
Fair and Square Productions,8809,In the Company of Men
[],[],Manito
Boll Kino Beteiligungs GmbH & Co. KG,1062,Rampage
Brightlight Pictures,1063,Rampage
Pitchblack Pictures Inc.,5723,Rampage
Event Film Distribution,22793,Rampage
Amok Productions,22794,Rampage
[],[],Slacker
[],[],Dutch Kills
[],[],Dry Spell
[],[],Flywheel
GO Productions,2943,Backmask
Vicarious Entertainment,35591,Backmask
Bloodline Productions,52909,Backmask
Shallow Focus,52910,Backmask
[],[],The Puffy Chair
[],[],Stories of Our Lives
[],[],Breaking Upwards
Grindfest,18818,All Superheroes Must Die
Dreamland Productions,407,Pink Flamingos
Park Films,21871,Tin Can Man
Camera Stylo Films,79821,Tin Can Man
Daiei Studios,881,Cure
Iconoclast Films,26677,On The Downlow
Gold Lion Films,37870,Sanctuary: Quite a Conundrum
T-Street Productions,37871,Sanctuary: Quite a Conundrum
Asylum Films,10571,Bang
FM Entertainment,26598,Bang
Eagle Eye Films Inc.,40739,Bang
Thinkfilm,446,Primer
Columbia Pictures,5,El Mariachi
[],[],Newlyweds
Front Street Pictures,3958,"Signed, Sealed, Delivered"
Muse Entertainment Enterprises,6438,"Signed, Sealed, Delivered"
[],[],Shanghai Calling
rusty bear entertainment,87986,My Date with Drew
lucky crow films,87987,My Date with Drew
