iso_3166_1,name,movie
US,United States of America,Avatar
GB,United Kingdom,Avatar
US,United States of America,Pirates of the Caribbean: At World's End
GB,United Kingdom,Spectre
US,United States of America,Spectre
US,United States of America,The Dark Knight Rises
US,United States of America,John Carter
US,United States of America,Spider-Man 3
US,United States of America,Tangled
US,United States of America,Avengers: Age of Ultron
GB,United Kingdom,Harry Potter and the Half-Blood Prince
US,United States of America,Harry Potter and the Half-Blood Prince
US,United States of America,Batman v Superman: Dawn of Justice
US,United States of America,Superman Returns
GB,United Kingdom,Quantum of Solace
US,United States of America,Quantum of Solace
JM,Jamaica,Pirates of the Caribbean: Dead Man's Chest
US,United States of America,Pirates of the Caribbean: Dead Man's Chest
BS,Bahamas,Pirates of the Caribbean: Dead Man's Chest
DM,Dominica,Pirates of the Caribbean: Dead Man's Chest
US,United States of America,The Lone Ranger
GB,United Kingdom,Man of Steel
US,United States of America,Man of Steel
CZ,Czech Republic,The Chronicles of Narnia: Prince Caspian
PL,Poland,The Chronicles of Narnia: Prince Caspian
SI,Slovenia,The Chronicles of Narnia: Prince Caspian
US,United States of America,The Chronicles of Narnia: Prince Caspian
US,United States of America,The Avengers
US,United States of America,Pirates of the Caribbean: On Stranger Tides
US,United States of America,Men in Black 3
NZ,New Zealand,The Hobbit: The Battle of the Five Armies
US,United States of America,The Hobbit: The Battle of the Five Armies
US,United States of America,The Amazing Spider-Man
GB,United Kingdom,Robin Hood
US,United States of America,Robin Hood
NZ,New Zealand,The Hobbit: The Desolation of Smaug
US,United States of America,The Hobbit: The Desolation of Smaug
GB,United Kingdom,The Golden Compass
US,United States of America,The Golden Compass
NZ,New Zealand,King Kong
US,United States of America,King Kong
DE,Germany,King Kong
US,United States of America,Titanic
US,United States of America,Captain America: Civil War
US,United States of America,Battleship
US,United States of America,Jurassic World
GB,United Kingdom,Skyfall
US,United States of America,Skyfall
US,United States of America,Spider-Man 2
CN,China,Iron Man 3
US,United States of America,Iron Man 3
US,United States of America,Alice in Wonderland
CA,Canada,X-Men: The Last Stand
GB,United Kingdom,X-Men: The Last Stand
US,United States of America,X-Men: The Last Stand
US,United States of America,Monsters University
US,United States of America,Transformers: Revenge of the Fallen
US,United States of America,Transformers: Age of Extinction
US,United States of America,Oz: The Great and Powerful
US,United States of America,The Amazing Spider-Man 2
US,United States of America,TRON: Legacy
US,United States of America,Cars 2
US,United States of America,Green Lantern
US,United States of America,Toy Story 3
DE,Germany,Terminator Salvation
IT,Italy,Terminator Salvation
GB,United Kingdom,Terminator Salvation
US,United States of America,Terminator Salvation
JP,Japan,Furious 7
US,United States of America,Furious 7
US,United States of America,World War Z
MT,Malta,World War Z
US,United States of America,Transformers: Dark of the Moon
GB,United Kingdom,X-Men: Days of Future Past
US,United States of America,X-Men: Days of Future Past
US,United States of America,Star Trek Into Darkness
US,United States of America,Jack the Giant Slayer
US,United States of America,The Great Gatsby
AU,Australia,The Great Gatsby
US,United States of America,Prince of Persia: The Sands of Time
US,United States of America,Pacific Rim
CA,Canada,Pacific Rim
US,United States of America,Indiana Jones and the Kingdom of the Crystal Skull
US,United States of America,The Good Dinosaur
US,United States of America,Brave
US,United States of America,Star Trek Beyond
US,United States of America,WALL·E
US,United States of America,Rush Hour 3
CA,Canada,2012
US,United States of America,2012
US,United States of America,A Christmas Carol
US,United States of America,Jupiter Ascending
CA,Canada,The Legend of Tarzan
GB,United Kingdom,The Legend of Tarzan
US,United States of America,The Legend of Tarzan
GB,United Kingdom,"The Chronicles of Narnia: The Lion, the Witch and the Wardrobe"
US,United States of America,"The Chronicles of Narnia: The Lion, the Witch and the Wardrobe"
US,United States of America,Dawn of the Planet of the Apes
US,United States of America,X-Men: Apocalypse
GB,United Kingdom,The Dark Knight
US,United States of America,The Dark Knight
US,United States of America,Up
US,United States of America,Monsters vs Aliens
US,United States of America,Iron Man
FR,France,Hugo
US,United States of America,Hugo
GB,United Kingdom,Hugo
US,United States of America,Wild Wild West
DE,Germany,The Mummy: Tomb of the Dragon Emperor
US,United States of America,The Mummy: Tomb of the Dragon Emperor
US,United States of America,Suicide Squad
US,United States of America,Evan Almighty
AU,Australia,Edge of Tomorrow
US,United States of America,Edge of Tomorrow
US,United States of America,Waterworld
CZ,Czech Republic,G.I. Joe: The Rise of Cobra
US,United States of America,G.I. Joe: The Rise of Cobra
US,United States of America,Inside Out
GB,United Kingdom,The Jungle Book
US,United States of America,The Jungle Book
US,United States of America,Iron Man 2
US,United States of America,Snow White and the Huntsman
US,United States of America,Maleficent
AU,Australia,The Lovers
BE,Belgium,The Lovers
IN,India,The Lovers
US,United States of America,47 Ronin
US,United States of America,Captain America: The Winter Soldier
US,United States of America,Shrek Forever After
US,United States of America,Tomorrowland
US,United States of America,Big Hero 6
US,United States of America,Divergent
US,United States of America,Wreck-It Ralph
US,United States of America,The Polar Express
US,United States of America,Independence Day: Resurgence
US,United States of America,How to Train Your Dragon
DE,Germany,Terminator 3: Rise of the Machines
GB,United Kingdom,Terminator 3: Rise of the Machines
US,United States of America,Terminator 3: Rise of the Machines
GB,United Kingdom,Guardians of the Galaxy
US,United States of America,Guardians of the Galaxy
CA,Canada,Interstellar
US,United States of America,Interstellar
GB,United Kingdom,Interstellar
US,United States of America,Daddy Day Care
GB,United Kingdom,Inception
US,United States of America,Inception
JP,Japan,Shin Godzilla
NZ,New Zealand,The Hobbit: An Unexpected Journey
US,United States of America,The Hobbit: An Unexpected Journey
DE,Germany,The Fast and the Furious
US,United States of America,The Fast and the Furious
US,United States of America,The Curious Case of Benjamin Button
US,United States of America,X-Men: First Class
US,United States of America,Frozen
DE,Germany,The Hunger Games: Mockingjay - Part 2
US,United States of America,The Hunger Games: Mockingjay - Part 2
US,United States of America,The Sorcerer's Apprentice
US,United States of America,Poseidon
GB,United Kingdom,Alice Through the Looking Glass
US,United States of America,Alice Through the Looking Glass
US,United States of America,Shrek the Third
CA,Canada,Warcraft
CN,China,Warcraft
JP,Japan,Warcraft
US,United States of America,Warcraft
US,United States of America,Terminator Genisys
US,United States of America,The Chronicles of Narnia: The Voyage of the Dawn Treader
US,United States of America,Pearl Harbor
US,United States of America,Transformers
FR,France,Alexander
DE,Germany,Alexander
IT,Italy,Alexander
NL,Netherlands,Alexander
GB,United Kingdom,Alexander
US,United States of America,Alexander
GB,United Kingdom,Batman Begins
US,United States of America,Batman Begins
GB,United Kingdom,Harry Potter and the Order of the Phoenix
US,United States of America,Harry Potter and the Order of the Phoenix
GB,United Kingdom,Harry Potter and the Goblet of Fire
US,United States of America,Harry Potter and the Goblet of Fire
US,United States of America,Hancock
US,United States of America,I Am Legend
AU,Australia,Charlie and the Chocolate Factory
GB,United Kingdom,Charlie and the Chocolate Factory
US,United States of America,Charlie and the Chocolate Factory
US,United States of America,Ratatouille
US,United States of America,Madagascar: Escape 2 Africa
US,United States of America,Night at the Museum: Battle of the Smithsonian
CA,Canada,Night at the Museum: Battle of the Smithsonian
US,United States of America,X-Men Origins: Wolverine
US,United States of America,The Matrix Revolutions
AU,Australia,The Matrix Revolutions
US,United States of America,The Boxtrolls
AU,Australia,The Matrix Reloaded
US,United States of America,The Matrix Reloaded
US,United States of America,Thor: The Dark World
AU,Australia,Mad Max: Fury Road
US,United States of America,Mad Max: Fury Road
IT,Italy,Angels & Demons
US,United States of America,Angels & Demons
US,United States of America,Thor
US,United States of America,Bolt
CN,China,Kung Fu Panda 3
US,United States of America,Kung Fu Panda 3
US,United States of America,G-Force
ES,Spain,Wrath of the Titans
US,United States of America,Wrath of the Titans
AU,Australia,Dark Shadows
US,United States of America,Dark Shadows
CN,China,Mission: Impossible - Rogue Nation
US,United States of America,Mission: Impossible - Rogue Nation
US,United States of America,The Wolfman
US,United States of America,How to Train Your Dragon 2
US,United States of America,Bee Movie
US,United States of America,Kung Fu Panda 2
US,United States of America,The Last Airbender
CN,China,Mission: Impossible III
DE,Germany,Mission: Impossible III
US,United States of America,Mission: Impossible III
US,United States of America,White House Down
US,United States of America,Mars Needs Moms
GB,United Kingdom,Flushed Away
US,United States of America,Flushed Away
US,United States of America,Pan
US,United States of America,Mr. Peabody & Sherman
US,United States of America,Troy
MT,Malta,Troy
GB,United Kingdom,Troy
CZ,Czech Republic,Mission: Impossible - Ghost Protocol
US,United States of America,Mission: Impossible - Ghost Protocol
AE,United Arab Emirates,Mission: Impossible - Ghost Protocol
US,United States of America,Madagascar 3: Europe's Most Wanted
GB,United Kingdom,Die Another Day
US,United States of America,Die Another Day
US,United States of America,Ghostbusters
US,United States of America,Armageddon
US,United States of America,Men in Black II
US,United States of America,Beowulf
US,United States of America,Rise of the Guardians
US,United States of America,Fun with Dick and Jane
JP,Japan,The Last Samurai
US,United States of America,The Last Samurai
NZ,New Zealand,The Last Samurai
ES,Spain,Exodus: Gods and Kings
GB,United Kingdom,Exodus: Gods and Kings
US,United States of America,Exodus: Gods and Kings
DE,Germany,Star Trek
US,United States of America,Star Trek
US,United States of America,Spider-Man
AU,Australia,Gods of Egypt
US,United States of America,Gods of Egypt
US,United States of America,Stealth
US,United States of America,Watchmen
US,United States of America,Lethal Weapon 4
US,United States of America,Hulk
US,United States of America,G.I. Joe: Retaliation
DE,Germany,Sahara
ES,Spain,Sahara
GB,United Kingdom,Sahara
US,United States of America,Sahara
US,United States of America,Walking Tall
JP,Japan,Final Fantasy: The Spirits Within
US,United States of America,Final Fantasy: The Spirits Within
US,United States of America,Captain America: The First Avenger
GB,United Kingdom,The World Is Not Enough
US,United States of America,The World Is Not Enough
US,United States of America,Master and Commander: The Far Side of the World
US,United States of America,The Twilight Saga: Breaking Dawn - Part 2
AU,Australia,Happy Feet Two
US,United States of America,The Incredible Hulk
IN,India,The BFG
US,United States of America,The BFG
CA,Canada,The Revenant
HK,Hong Kong,The Revenant
TW,Taiwan,The Revenant
US,United States of America,The Revenant
US,United States of America,Turbo
US,United States of America,Rango
US,United States of America,Penguins of Madagascar
DE,Germany,The Bourne Ultimatum
US,United States of America,The Bourne Ultimatum
US,United States of America,Kung Fu Panda
US,United States of America,Ant-Man
US,United States of America,The Hunger Games: Catching Fire
US,United States of America,Home
US,United States of America,War of the Worlds
US,United States of America,Bad Boys II
US,United States of America,After Earth
US,United States of America,Puss in Boots
US,United States of America,Salt
US,United States of America,Noah
NZ,New Zealand,The Adventures of Tintin
US,United States of America,The Adventures of Tintin
GB,United Kingdom,Harry Potter and the Prisoner of Azkaban
US,United States of America,Harry Potter and the Prisoner of Azkaban
AU,Australia,Australia
US,United States of America,Australia
GB,United Kingdom,Australia
US,United States of America,Dinosaur
GB,United Kingdom,Night at the Museum: Secret of the Tomb
US,United States of America,Night at the Museum: Secret of the Tomb
US,United States of America,Megamind
GB,United Kingdom,Harry Potter and the Philosopher's Stone
US,United States of America,Harry Potter and the Philosopher's Stone
US,United States of America,R.I.P.D.
US,United States of America,Pirates of the Caribbean: The Curse of the Black Pearl
US,United States of America,The Hunger Games: Mockingjay - Part 1
US,United States of America,The Da Vinci Code
MT,Malta,The Da Vinci Code
FR,France,The Da Vinci Code
GB,United Kingdom,The Da Vinci Code
US,United States of America,Rio 2
US,United States of America,X2
US,United States of America,Fast Five
US,United States of America,Sherlock Holmes: A Game of Shadows
US,United States of America,Clash of the Titans
US,United States of America,Total Recall
US,United States of America,The 13th Warrior
US,United States of America,The Bourne Legacy
GB,United Kingdom,Batman & Robin
US,United States of America,Batman & Robin
DE,Germany,How the Grinch Stole Christmas
US,United States of America,How the Grinch Stole Christmas
US,United States of America,The Day After Tomorrow
DE,Germany,Mission: Impossible II
US,United States of America,Mission: Impossible II
US,United States of America,The Perfect Storm
DE,Germany,Fantastic 4: Rise of the Silver Surfer
GB,United Kingdom,Fantastic 4: Rise of the Silver Surfer
US,United States of America,Fantastic 4: Rise of the Silver Surfer
US,United States of America,Life of Pi
TW,Taiwan,Life of Pi
GB,United Kingdom,Life of Pi
US,United States of America,Ghost Rider
AU,Australia,Ghost Rider
GB,United Kingdom,Jason Bourne
US,United States of America,Jason Bourne
CN,China,Jason Bourne
US,United States of America,Charlie's Angels: Full Throttle
GB,United Kingdom,Prometheus
US,United States of America,Prometheus
US,United States of America,Stuart Little 2
US,United States of America,Elysium
US,United States of America,The Chronicles of Riddick
CA,Canada,RoboCop
US,United States of America,RoboCop
US,United States of America,Star Wars: Episode II - Attack of the Clones
AU,Australia,Speed Racer
DE,Germany,Speed Racer
US,United States of America,Speed Racer
US,United States of America,How Do You Know
US,United States of America,Knight and Day
US,United States of America,Oblivion
US,United States of America,Star Wars: Episode III - Revenge of the Sith
US,United States of America,"Monsters, Inc."
GB,United Kingdom,The Wolverine
US,United States of America,The Wolverine
US,United States of America,Star Wars: Episode I - The Phantom Menace
US,United States of America,The Croods
BE,Belgium,Asterix at the Olympic Games
FR,France,Asterix at the Olympic Games
DE,Germany,Asterix at the Olympic Games
IT,Italy,Asterix at the Olympic Games
ES,Spain,Asterix at the Olympic Games
US,United States of America,Windtalkers
US,United States of America,Ender's Game
US,United States of America,The Huntsman: Winter's War
US,United States of America,Teenage Mutant Ninja Turtles
GB,United Kingdom,Gravity
US,United States of America,Gravity
US,United States of America,Dante's Peak
CN,China,Teenage Mutant Ninja Turtles: Out of the Shadows
US,United States of America,Teenage Mutant Ninja Turtles: Out of the Shadows
HK,Hong Kong,Teenage Mutant Ninja Turtles: Out of the Shadows
US,United States of America,Collateral Damage
US,United States of America,Fantastic Four
US,United States of America,Night at the Museum
GB,United Kingdom,Night at the Museum
CA,Canada,San Andreas
US,United States of America,San Andreas
AU,Australia,San Andreas
GB,United Kingdom,Tomorrow Never Dies
US,United States of America,Tomorrow Never Dies
DE,Germany,The Patriot
US,United States of America,The Patriot
US,United States of America,Ocean's Twelve
AU,Australia,Goosebumps
US,United States of America,Goosebumps
US,United States of America,Mr. & Mrs. Smith
US,United States of America,Insurgent
US,United States of America,The Aviator
US,United States of America,Gulliver's Travels
US,United States of America,The Green Hornet
US,United States of America,300: Rise of an Empire
US,United States of America,The Smurfs
US,United States of America,Home on the Range
US,United States of America,Allegiant
IN,India,Real Steel
US,United States of America,Real Steel
US,United States of America,The Smurfs 2
US,United States of America,Speed 2: Cruise Control
US,United States of America,The Lincoln Lawyer
GB,United Kingdom,Live Free or Die Hard
US,United States of America,Live Free or Die Hard
NZ,New Zealand,The Lord of the Rings: The Fellowship of the Ring
US,United States of America,The Lord of the Rings: The Fellowship of the Ring
DE,Germany,Around the World in 80 Days
IE,Ireland,Around the World in 80 Days
GB,United Kingdom,Around the World in 80 Days
US,United States of America,Around the World in 80 Days
US,United States of America,Ali
US,United States of America,The Cat in the Hat
US,United States of America,"I, Robot"
DE,Germany,"I, Robot"
GB,United Kingdom,Eragon
US,United States of America,Eragon
HU,Hungary,Eragon
DE,Germany,Kingdom of Heaven
MA,Morocco,Kingdom of Heaven
ES,Spain,Kingdom of Heaven
GB,United Kingdom,Kingdom of Heaven
US,United States of America,Kingdom of Heaven
DE,Germany,Stuart Little
US,United States of America,Stuart Little
US,United States of America,The Princess and the Frog
US,United States of America,The Martian
US,United States of America,The Island
[],[],Town & Country
US,United States of America,Gone in Sixty Seconds
GB,United Kingdom,Gladiator
US,United States of America,Gladiator
US,United States of America,Minority Report
DE,Germany,Harry Potter and the Chamber of Secrets
GB,United Kingdom,Harry Potter and the Chamber of Secrets
US,United States of America,Harry Potter and the Chamber of Secrets
IT,Italy,Casino Royale
GB,United Kingdom,Casino Royale
US,United States of America,Casino Royale
CZ,Czech Republic,Casino Royale
DE,Germany,Casino Royale
US,United States of America,Planet of the Apes
FR,France,Terminator 2: Judgment Day
US,United States of America,Terminator 2: Judgment Day
US,United States of America,Public Enemies
GB,United Kingdom,American Gangster
US,United States of America,American Gangster
US,United States of America,True Lies
US,United States of America,The Taking of Pelham 1 2 3
US,United States of America,Little Fockers
CN,China,Transcendence
GB,United Kingdom,Transcendence
US,United States of America,Transcendence
US,United States of America,The Other Guys
CA,Canada,Eraser
US,United States of America,Eraser
US,United States of America,Django Unchained
US,United States of America,The Hunchback of Notre Dame
US,United States of America,The Emperor's New Groove
US,United States of America,The Expendables 2
US,United States of America,National Treasure
US,United States of America,Mulan
US,United States of America,Where the Wild Things Are
US,United States of America,Epic
GB,United Kingdom,The Tourist
US,United States of America,The Tourist
FR,France,The Tourist
IT,Italy,The Tourist
US,United States of America,End of Days
DE,Germany,Blood Diamond
US,United States of America,Blood Diamond
US,United States of America,The Wolf of Wall Street
GB,United Kingdom,Batman Forever
US,United States of America,Batman Forever
US,United States of America,Starship Troopers
DE,Germany,Cloud Atlas
HK,Hong Kong,Cloud Atlas
SG,Singapore,Cloud Atlas
US,United States of America,Cloud Atlas
AU,Australia,Legend of the Guardians: The Owls of Ga'Hoole
US,United States of America,Legend of the Guardians: The Owls of Ga'Hoole
US,United States of America,Catwoman
US,United States of America,The Pelican Brief
US,United States of America,Hercules
US,United States of America,Treasure Planet
US,United States of America,Land of the Lost
FR,France,The Expendables 3
US,United States of America,The Expendables 3
DE,Germany,Point Break
US,United States of America,Point Break
CN,China,Point Break
DE,Germany,Son of the Mask
US,United States of America,Son of the Mask
US,United States of America,Man on a Ledge
US,United States of America,In the Heart of the Sea
AU,Australia,The Adventures of Pluto Nash
US,United States of America,The Adventures of Pluto Nash
ES,Spain,Green Zone
GB,United Kingdom,Green Zone
US,United States of America,Green Zone
FR,France,Green Zone
US,United States of America,The Peanuts Movie
US,United States of America,The Spanish Prisoner
US,United States of America,The Mummy Returns
US,United States of America,Gangs of New York
IT,Italy,Gangs of New York
CN,China,The Flowers of War
HK,Hong Kong,The Flowers of War
US,United States of America,Surf's Up
US,United States of America,The Stepford Wives
GB,United Kingdom,Black Hawk Down
US,United States of America,Black Hawk Down
US,United States of America,The Campaign
FR,France,The Fifth Element
US,United States of America,Sex and the City 2
US,United States of America,The Road to El Dorado
US,United States of America,Ice Age: Continental Drift
GB,United Kingdom,Cinderella
US,United States of America,Cinderella
GB,United Kingdom,The Lovely Bones
NZ,New Zealand,The Lovely Bones
US,United States of America,The Lovely Bones
US,United States of America,Finding Nemo
NZ,New Zealand,The Lord of the Rings: The Return of the King
US,United States of America,The Lord of the Rings: The Return of the King
NZ,New Zealand,The Lord of the Rings: The Two Towers
US,United States of America,The Lord of the Rings: The Two Towers
CN,China,Seventh Son
CA,Canada,Seventh Son
US,United States of America,Seventh Son
GB,United Kingdom,Seventh Son
US,United States of America,Lara Croft: Tomb Raider
US,United States of America,Atlantis: The Lost Empire
US,United States of America,Jurassic Park III
US,United States of America,Rise of the Planet of the Apes
US,United States of America,The Spiderwick Chronicles
US,United States of America,A Good Day to Die Hard
US,United States of America,The Alamo
US,United States of America,The Incredibles
FR,France,Cutthroat Island
DE,Germany,Cutthroat Island
IT,Italy,Cutthroat Island
US,United States of America,Cutthroat Island
CA,Canada,Percy Jackson & the Olympians: The Lightning Thief
US,United States of America,Percy Jackson & the Olympians: The Lightning Thief
US,United States of America,Men in Black
US,United States of America,Toy Story 2
US,United States of America,Unstoppable
US,United States of America,Rush Hour 2
US,United States of America,What Lies Beneath
US,United States of America,Contact
US,United States of America,Cloudy with a Chance of Meatballs
US,United States of America,Ice Age: Dawn of the Dinosaurs
US,United States of America,The Secret Life of Walter Mitty
US,United States of America,Charlie's Angels
HK,Hong Kong,The Departed
US,United States of America,The Departed
US,United States of America,Tropic Thunder
GB,United Kingdom,Tropic Thunder
DE,Germany,Tropic Thunder
NO,Norway,The Girl with the Dragon Tattoo
SE,Sweden,The Girl with the Dragon Tattoo
US,United States of America,The Girl with the Dragon Tattoo
US,United States of America,Die Hard: With a Vengeance
DE,Germany,Sherlock Holmes
GB,United Kingdom,Sherlock Holmes
US,United States of America,Sherlock Holmes
US,United States of America,Ben-Hur
US,United States of America,Alvin and the Chipmunks: The Road Chip
DE,Germany,Valkyrie
US,United States of America,Valkyrie
US,United States of America,You Don't Mess with the Zohan
US,United States of America,Pixels
US,United States of America,A.I. Artificial Intelligence
US,United States of America,The Haunted Mansion
US,United States of America,The Doors
DE,Germany,Hollow Man
US,United States of America,Hollow Man
FR,France,The Interpreter
DE,Germany,The Interpreter
GB,United Kingdom,The Interpreter
US,United States of America,The Interpreter
US,United States of America,Percy Jackson: Sea of Monsters
US,United States of America,Lara Croft Tomb Raider: The Cradle of Life
DE,Germany,Lara Croft Tomb Raider: The Cradle of Life
JP,Japan,Lara Croft Tomb Raider: The Cradle of Life
GB,United Kingdom,Lara Croft Tomb Raider: The Cradle of Life
CA,Canada,Now You See Me 2
CN,China,Now You See Me 2
GB,United Kingdom,Now You See Me 2
US,United States of America,Now You See Me 2
GB,United Kingdom,The Nutcracker: The Untold Story
HU,Hungary,The Nutcracker: The Untold Story
US,United States of America,The Saint
GB,United Kingdom,Spy Game
US,United States of America,Spy Game
US,United States of America,Mission to Mars
US,United States of America,Rio
DE,Germany,Bicentennial Man
US,United States of America,Bicentennial Man
US,United States of America,Top Gun
US,United States of America,Volcano
US,United States of America,The Devil's Own
CA,Canada,K-19: The Widowmaker
DE,Germany,K-19: The Widowmaker
GB,United Kingdom,K-19: The Widowmaker
US,United States of America,K-19: The Widowmaker
US,United States of America,Conan the Barbarian
US,United States of America,Cinderella Man
US,United States of America,Seabiscuit
US,United States of America,Twister
US,United States of America,Cast Away
AU,Australia,Happy Feet
DE,Germany,The Bourne Supremacy
US,United States of America,The Bourne Supremacy
DE,Germany,Air Force One
US,United States of America,Air Force One
US,United States of America,Ocean's Eleven
US,United States of America,The Three Musketeers
DE,Germany,The Three Musketeers
FR,France,The Three Musketeers
GB,United Kingdom,The Three Musketeers
US,United States of America,Hotel Transylvania
US,United States of America,Enchanted
US,United States of America,Safe House
US,United States of America,102 Dalmatians
US,United States of America,Open Season
US,United States of America,Tower Heist
GB,United Kingdom,The Holiday
US,United States of America,The Holiday
US,United States of America,Enemy of the State
US,United States of America,It's Complicated
US,United States of America,Ocean's Thirteen
IE,Ireland,Enemy at the Gates
US,United States of America,Enemy at the Gates
DE,Germany,Enemy at the Gates
GB,United Kingdom,Enemy at the Gates
US,United States of America,The Rundown
US,United States of America,Last Action Hero
US,United States of America,Memoirs of a Geisha
JP,Japan,The Fast and the Furious: Tokyo Drift
US,United States of America,The Fast and the Furious: Tokyo Drift
US,United States of America,Arthur Christmas
US,United States of America,Meet Joe Black
US,United States of America,All That Jazz
US,United States of America,Mirror Mirror
US,United States of America,Scott Pilgrim vs. the World
CA,Canada,Scott Pilgrim vs. the World
US,United States of America,The Core
CA,Canada,The Core
DE,Germany,The Core
US,United States of America,Nutty Professor II: The Klumps
US,United States of America,Scooby-Doo
ZA,South Africa,Dredd
GB,United Kingdom,Dredd
US,United States of America,Dredd
IN,India,Dredd
US,United States of America,Click
US,United States of America,Creepshow
US,United States of America,Cats & Dogs 2 : The Revenge of Kitty Galore
AU,Australia,Cats & Dogs 2 : The Revenge of Kitty Galore
CA,Canada,Jumper
US,United States of America,Jumper
US,United States of America,Deep Impact
DE,Germany,Hellboy II: The Golden Army
US,United States of America,Hellboy II: The Golden Army
US,United States of America,Zodiac
US,United States of America,The 6th Day
US,United States of America,Bruce Almighty
US,United States of America,The Expendables
US,United States of America,Mission: Impossible
US,United States of America,The Hunger Games
US,United States of America,The Hangover Part II
GB,United Kingdom,Batman Returns
US,United States of America,Batman Returns
US,United States of America,Over the Hedge
US,United States of America,Lilo & Stitch
DE,Germany,Charlotte's Web
US,United States of America,Charlotte's Web
CA,Canada,RED 2
FR,France,RED 2
US,United States of America,RED 2
US,United States of America,The Longest Yard
US,United States of America,Alvin and the Chipmunks: Chipwrecked
US,United States of America,Grown Ups 2
GB,United Kingdom,Fury
US,United States of America,Fury
CN,China,Fury
CA,Canada,Get Smart
RU,Russia,Get Smart
US,United States of America,Get Smart
US,United States of America,Something's Gotta Give
US,United States of America,Shutter Island
US,United States of America,Four Christmases
US,United States of America,Robots
US,United States of America,Face/Off
US,United States of America,Bedtime Stories
US,United States of America,Road to Perdition
US,United States of America,Just Go with It
US,United States of America,Con Air
US,United States of America,Eagle Eye
DE,Germany,Eagle Eye
US,United States of America,Cold Mountain
GB,United Kingdom,Cold Mountain
RO,Romania,Cold Mountain
IT,Italy,Cold Mountain
US,United States of America,The Book of Eli
US,United States of America,Flubber
US,United States of America,The Haunting
US,United States of America,Space Jam
US,United States of America,The Pink Panther
CA,Canada,The Day the Earth Stood Still
US,United States of America,The Day the Earth Stood Still
US,United States of America,Conspiracy Theory
US,United States of America,Six Days Seven Nights
US,United States of America,Yogi Bear
NZ,New Zealand,Yogi Bear
US,United States of America,Spirit: Stallion of the Cimarron
US,United States of America,Zookeeper
US,United States of America,Lost in Space
US,United States of America,The Manchurian Candidate
US,United States of America,Déjà Vu
US,United States of America,Hotel Transylvania 2
US,United States of America,Fantasia 2000
US,United States of America,The Time Machine
US,United States of America,Mighty Joe Young
AU,Australia,Swordfish
US,United States of America,Swordfish
US,United States of America,Hidalgo
MA,Morocco,Hidalgo
MX,Mexico,The Legend of Zorro
US,United States of America,The Legend of Zorro
NZ,New Zealand,What Dreams May Come
US,United States of America,What Dreams May Come
US,United States of America,Little Nicky
CZ,Czech Republic,The Brothers Grimm
GB,United Kingdom,The Brothers Grimm
US,United States of America,The Brothers Grimm
US,United States of America,Mars Attacks!
BE,Belgium,Evolution
FR,France,Evolution
ES,Spain,Evolution
US,United States of America,The Edge
US,United States of America,Surrogates
US,United States of America,Thirteen Days
US,United States of America,Daylight
AU,Australia,Walking With Dinosaurs
IN,India,Walking With Dinosaurs
GB,United Kingdom,Walking With Dinosaurs
US,United States of America,Walking With Dinosaurs
US,United States of America,Eye for an Eye
US,United States of America,Battlefield Earth
DE,Germany,Looney Tunes: Back in Action
US,United States of America,Looney Tunes: Back in Action
IT,Italy,Nine
US,United States of America,Nine
US,United States of America,Timeline
US,United States of America,The Postman
DE,Germany,Wanted
US,United States of America,Wanted
AU,Australia,Babe: Pig in the City
US,United States of America,The Last Witch Hunter
AU,Australia,Red Planet
US,United States of America,Red Planet
FR,France,Arthur and the Invisibles
FR,France,Oceans
MC,Monaco,Oceans
ES,Spain,Oceans
CH,Switzerland,Oceans
CZ,Czech Republic,A Sound of Thunder
DE,Germany,A Sound of Thunder
GB,United Kingdom,A Sound of Thunder
US,United States of America,A Sound of Thunder
[],[],Lisa Picard Is Famous
CA,Canada,Pompeii
DE,Germany,Pompeii
US,United States of America,Pompeii
IN,India,Top Cat Begins
MX,Mexico,Top Cat Begins
US,United States of America,A Beautiful Mind
US,United States of America,The Lion King
US,United States of America,Journey 2: The Mysterious Island
US,United States of America,Cloudy with a Chance of Meatballs 2
DE,Germany,Red Dragon
US,United States of America,Red Dragon
US,United States of America,Jack and Jill
US,United States of America,2 Fast 2 Furious
FR,France,The Little Prince
US,United States of America,The Invasion
AU,Australia,The Invasion
DE,Germany,The Adventures of Rocky & Bullwinkle
US,United States of America,The Adventures of Rocky & Bullwinkle
US,United States of America,The Secret Life of Pets
CZ,Czech Republic,The League of Extraordinary Gentlemen
DE,Germany,The League of Extraordinary Gentlemen
GB,United Kingdom,The League of Extraordinary Gentlemen
US,United States of America,The League of Extraordinary Gentlemen
US,United States of America,Despicable Me 2
US,United States of America,Independence Day
US,United States of America,The Lost World: Jurassic Park
US,United States of America,Madagascar
GB,United Kingdom,Children of Men
US,United States of America,Children of Men
US,United States of America,X-Men
US,United States of America,The Rock
US,United States of America,Ice Age: The Meltdown
US,United States of America,50 First Dates
GB,United Kingdom,Hairspray
US,United States of America,Hairspray
US,United States of America,Exorcist: The Beginning
US,United States of America,Inspector Gadget
US,United States of America,Now You See Me
FR,France,Now You See Me
US,United States of America,Grown Ups
US,United States of America,The Terminal
US,United States of America,Hotel for Dogs
NZ,New Zealand,Vertical Limit
PK,Pakistan,Vertical Limit
US,United States of America,Vertical Limit
US,United States of America,Charlie Wilson's War
US,United States of America,Shark Tale
US,United States of America,Dreamgirls
US,United States of America,Be Cool
CA,Canada,Munich
US,United States of America,Munich
FR,France,Munich
US,United States of America,Tears of the Sun
US,United States of America,Killers
US,United States of America,The Man from U.N.C.L.E.
US,United States of America,Spanglish
US,United States of America,Monster House
US,United States of America,Bandits
US,United States of America,First Knight
MY,Malaysia,Anna and the King
US,United States of America,Anna and the King
GB,United Kingdom,Attack the Block
US,United States of America,Immortals
DE,Germany,Hostage
US,United States of America,Hostage
US,United States of America,Titan A.E.
US,United States of America,Hollywood Homicide
US,United States of America,Soldier
CA,Canada,Snake Eyes
US,United States of America,Snake Eyes
US,United States of America,Carriers
US,United States of America,Monkeybone
US,United States of America,Flight of the Phoenix
US,United States of America,Unbreakable
US,United States of America,Minions
US,United States of America,Sucker Punch
US,United States of America,Sphere
FI,Finland,The Angry Birds Movie
US,United States of America,The Angry Birds Movie
US,United States of America,Fool's Gold
US,United States of America,Funny People
DE,Germany,The Kingdom
US,United States of America,The Kingdom
US,United States of America,Talladega Nights: The Ballad of Ricky Bobby
US,United States of America,Dr. Dolittle 2
US,United States of America,Braveheart
DE,Germany,Jarhead
US,United States of America,Jarhead
US,United States of America,The Simpsons Movie
US,United States of America,The Majestic
US,United States of America,Cars
AU,Australia,Driven
CA,Canada,Driven
US,United States of America,Driven
FR,France,Two Brothers
GB,United Kingdom,Two Brothers
US,United States of America,The Village
US,United States of America,Doctor Dolittle
US,United States of America,Signs
US,United States of America,Shrek 2
US,United States of America,Wolf
US,United States of America,Runaway Bride
US,United States of America,xXx
US,United States of America,The SpongeBob Movie: Sponge Out of Water
US,United States of America,Ransom
DE,Germany,Inglourious Basterds
US,United States of America,Inglourious Basterds
US,United States of America,Hook
US,United States of America,Die Hard 2
US,United States of America,S.W.A.T.
US,United States of America,Vanilla Sky
US,United States of America,Lady in the Water
CA,Canada,AVP: Alien vs. Predator
CZ,Czech Republic,AVP: Alien vs. Predator
DE,Germany,AVP: Alien vs. Predator
GB,United Kingdom,AVP: Alien vs. Predator
US,United States of America,AVP: Alien vs. Predator
US,United States of America,War Horse
US,United States of America,Alvin and the Chipmunks: The Squeakquel
DE,Germany,We Were Soldiers
US,United States of America,We Were Soldiers
US,United States of America,Olympus Has Fallen
US,United States of America,Star Trek: Insurrection
US,United States of America,Battle: Los Angeles
US,United States of America,Big Fish
DE,Germany,The Monuments Men
US,United States of America,The Monuments Men
US,United States of America,The Abyss
US,United States of America,Wall Street: Money Never Sleeps
US,United States of America,Dracula Untold
US,United States of America,The Siege
IS,Iceland,Stardust
GB,United Kingdom,Stardust
US,United States of America,Stardust
US,United States of America,Underworld: Awakening
US,United States of America,Seven Years in Tibet
US,United States of America,The Dilemma
US,United States of America,Bad Company
CZ,Czech Republic,Doom
DE,Germany,Doom
GB,United Kingdom,Doom
US,United States of America,Doom
US,United States of America,I Spy
US,United States of America,Rock of Ages
US,United States of America,Hart's War
AU,Australia,Killer Elite
US,United States of America,Killer Elite
DE,Germany,Rollerball
JP,Japan,Rollerball
US,United States of America,Rollerball
DE,Germany,Ballistic: Ecks vs. Sever
US,United States of America,Ballistic: Ecks vs. Sever
DK,Denmark,Hard Rain
FR,France,Hard Rain
NZ,New Zealand,Hard Rain
GB,United Kingdom,Hard Rain
US,United States of America,Hard Rain
US,United States of America,Osmosis Jones
IN,India,Legends of Oz: Dorothy's Return
US,United States of America,Legends of Oz: Dorothy's Return
US,United States of America,Blackhat
GB,United Kingdom,Sky Captain and the World of Tomorrow
US,United States of America,Sky Captain and the World of Tomorrow
DE,Germany,Basic Instinct 2
GB,United Kingdom,Basic Instinct 2
US,United States of America,Basic Instinct 2
GB,United Kingdom,Flyboys
US,United States of America,Flyboys
US,United States of America,Escape Plan
US,United States of America,The Legend of Hercules
US,United States of America,The Sum of All Fears
US,United States of America,The Twilight Saga: Eclipse
DE,Germany,The Score
US,United States of America,The Score
US,United States of America,The Insider
US,United States of America,Despicable Me
US,United States of America,Money Train
US,United States of America,Ted 2
ES,Spain,Agora
US,United States of America,Mystery Men
US,United States of America,Hall Pass
US,United States of America,The Finest Hours
US,United States of America,Body of Lies
GB,United Kingdom,Body of Lies
US,United States of America,Dinner for Schmucks
US,United States of America,Abraham Lincoln: Vampire Hunter
GB,United Kingdom,Entrapment
US,United States of America,Entrapment
CA,Canada,The X Files
US,United States of America,The X Files
GB,United Kingdom,The Last Legion
IT,Italy,The Last Legion
FR,France,The Last Legion
TN,Tunisia,The Last Legion
US,United States of America,Saving Private Ryan
PH,Philippines,Need for Speed
US,United States of America,Need for Speed
GB,United Kingdom,Need for Speed
FR,France,Need for Speed
US,United States of America,What Women Want
US,United States of America,Ice Age
US,United States of America,Dreamcatcher
US,United States of America,Marley & Me
IN,India,Lincoln
US,United States of America,Lincoln
AU,Australia,The Matrix
US,United States of America,The Matrix
US,United States of America,Apollo 13
US,United States of America,The Santa Clause 2
GB,United Kingdom,Les Misérables
US,United States of America,Les Misérables
US,United States of America,You've Got Mail
US,United States of America,Step Brothers
US,United States of America,The Mask of Zorro
US,United States of America,Due Date
US,United States of America,Unbroken
US,United States of America,Space Cowboys
FR,France,Cliffhanger
IT,Italy,Cliffhanger
US,United States of America,Cliffhanger
US,United States of America,Broken Arrow
US,United States of America,The Green Mile
US,United States of America,The Kid
US,United States of America,World Trade Center
US,United States of America,Mona Lisa Smile
US,United States of America,The Dictator
GB,United Kingdom,Eyes Wide Shut
US,United States of America,Eyes Wide Shut
US,United States of America,Annie
US,United States of America,Focus
US,United States of America,This Means War
US,United States of America,Blade: Trinity
US,United States of America,Red Dawn
FR,France,Primary Colors
DE,Germany,Primary Colors
JP,Japan,Primary Colors
GB,United Kingdom,Primary Colors
US,United States of America,Primary Colors
US,United States of America,The Adjustment Bureau
CA,Canada,Resident Evil: Retribution
FR,France,Resident Evil: Retribution
DE,Germany,Resident Evil: Retribution
US,United States of America,Resident Evil: Retribution
GB,United Kingdom,Death Race
US,United States of America,Death Race
DE,Germany,Death Race
US,United States of America,The Long Kiss Goodnight
US,United States of America,Proof of Life
US,United States of America,Zathura: A Space Adventure
US,United States of America,2 Guns
DE,Germany,Fight Club
US,United States of America,Fight Club
US,United States of America,We Are Marshall
US,United States of America,Hudson Hawk
FR,France,Lucky Numbers
US,United States of America,Lucky Numbers
US,United States of America,"I, Frankenstein"
AU,Australia,"I, Frankenstein"
CZ,Czech Republic,Oliver Twist
FR,France,Oliver Twist
IT,Italy,Oliver Twist
GB,United Kingdom,Oliver Twist
CA,Canada,Elektra
US,United States of America,Elektra
US,United States of America,Sin City: A Dame to Kill For
US,United States of America,Random Hearts
IS,Iceland,Everest
US,United States of America,Everest
GB,United Kingdom,Everest
ES,Spain,Perfume: The Story of a Murderer
DE,Germany,Perfume: The Story of a Murderer
FR,France,Perfume: The Story of a Murderer
US,United States of America,Austin Powers in Goldmember
US,United States of America,The Man Who Shot Liberty Valance
HK,Hong Kong,Astro Boy
JP,Japan,Astro Boy
US,United States of America,Astro Boy
US,United States of America,Jurassic Park
US,United States of America,Wyatt Earp
US,United States of America,Clear and Present Danger
HK,Hong Kong,Dragon Blade
CN,China,Dragon Blade
US,United States of America,Little Man
FR,France,U-571
US,United States of America,U-571
US,United States of America,The American President
US,United States of America,The Love Guru
GB,United Kingdom,The Love Guru
DE,Germany,The Love Guru
US,United States of America,The Prince of Egypt
US,United States of America,3000 Miles to Graceland
US,United States of America,The Hateful Eight
US,United States of America,Blades of Glory
GB,United Kingdom,Hop
US,United States of America,300
US,United States of America,Meet the Fockers
US,United States of America,Wild Hogs
US,United States of America,Chicken Little
US,United States of America,Gone Girl
US,United States of America,The Bourne Identity
DE,Germany,The Bourne Identity
CZ,Czech Republic,The Bourne Identity
GB,United Kingdom,GoldenEye
US,United States of America,GoldenEye
DE,Germany,The General's Daughter
US,United States of America,The General's Daughter
US,United States of America,The Truman Show
US,United States of America,Cats & Dogs
GB,United Kingdom,The Italian Job
US,United States of America,The Italian Job
AU,Australia,Two Weeks Notice
US,United States of America,Two Weeks Notice
US,United States of America,Antz
US,United States of America,Couples Retreat
US,United States of America,Payback
US,United States of America,Days of Thunder
US,United States of America,Cheaper by the Dozen 2
US,United States of America,Maze Runner: The Scorch Trials
US,United States of America,Eat Pray Love
US,United States of America,The Family Man
US,United States of America,Jack Reacher
US,United States of America,RED
US,United States of America,Any Given Sunday
US,United States of America,The Horse Whisperer
US,United States of America,Collateral
US,United States of America,The Scorpion King
DE,Germany,The Scorpion King
BE,Belgium,The Scorpion King
US,United States of America,Ladder 49
AU,Australia,Deep Blue Sea
US,United States of America,Deep Blue Sea
US,United States of America,This Is It
US,United States of America,Contagion
AE,United Arab Emirates,Contagion
AU,Australia,Kangaroo Jack
US,United States of America,Kangaroo Jack
US,United States of America,Coraline
US,United States of America,Hellboy
US,United States of America,The Happening
IN,India,The Happening
FR,France,The Happening
GB,United Kingdom,Man on Fire
US,United States of America,Man on Fire
US,United States of America,The Shaggy Dog
US,United States of America,Starsky & Hutch
US,United States of America,Jingle All the Way
US,United States of America,A Civil Action
US,United States of America,ParaNorman
US,United States of America,The Jackal
CA,Canada,Paycheck
US,United States of America,Paycheck
US,United States of America,Up Close & Personal
GB,United Kingdom,The Tale of Despereaux
US,United States of America,The Tale of Despereaux
US,United States of America,The Tuxedo
US,United States of America,Under Siege 2: Dark Territory
RU,Russia,Jack Ryan: Shadow Recruit
US,United States of America,Jack Ryan: Shadow Recruit
US,United States of America,Joy
BG,Bulgaria,London Has Fallen
US,United States of America,London Has Fallen
GB,United Kingdom,London Has Fallen
US,United States of America,Alien: Resurrection
US,United States of America,Shooter
US,United States of America,Practical Magic
US,United States of America,The Lego Movie
US,United States of America,Miss Congeniality 2: Armed and Fabulous
IE,Ireland,Reign of Fire
GB,United Kingdom,Reign of Fire
US,United States of America,Reign of Fire
US,United States of America,Gangster Squad
US,United States of America,Year One
US,United States of America,The Nun's Story
US,United States of America,Invictus
FR,France,State of Play
GB,United Kingdom,State of Play
US,United States of America,State of Play
DE,Germany,Duplicity
US,United States of America,Duplicity
US,United States of America,My Favorite Martian
US,United States of America,The Sentinel
ES,Spain,Planet 51
GB,United Kingdom,Planet 51
US,United States of America,Planet 51
US,United States of America,Star Trek: Nemesis
US,United States of America,Intolerable Cruelty
US,United States of America,Trouble with the Curve
GB,United Kingdom,Edge of Darkness
US,United States of America,Edge of Darkness
DE,Germany,The Relic
JP,Japan,The Relic
NZ,New Zealand,The Relic
GB,United Kingdom,The Relic
US,United States of America,The Relic
FR,France,The Black Dahlia
DE,Germany,The Black Dahlia
US,United States of America,The Black Dahlia
AU,Australia,Analyze That
US,United States of America,Analyze That
US,United States of America,Righteous Kill
US,United States of America,Mercury Rising
US,United States of America,The Soloist
US,United States of America,The Legend of Bagger Vance
US,United States of America,Almost Famous
GB,United Kingdom,Garfield: A Tail of Two Kitties
US,United States of America,Garfield: A Tail of Two Kitties
US,United States of America,xXx: State of the Union
US,United States of America,Priest
US,United States of America,Sinbad: Legend of the Seven Seas
GB,United Kingdom,Event Horizon
US,United States of America,Event Horizon
DE,Germany,Dragonfly
US,United States of America,Dragonfly
US,United States of America,Frankenweenie
US,United States of America,The Last Castle
CH,Switzerland,Supernova
US,United States of America,Supernova
US,United States of America,Winter's Tale
US,United States of America,The Mortal Instruments: City of Bones
US,United States of America,Meet Dave
US,United States of America,Holy Man
US,United States of America,Dark Water
US,United States of America,Edtv
DE,Germany,Inkheart
GB,United Kingdom,Inkheart
US,United States of America,Inkheart
US,United States of America,The Spirit
US,United States of America,Mortdecai
US,United States of America,Just Like Heaven
CA,Canada,In the Name of the King: A Dungeon Siege Tale
DE,Germany,In the Name of the King: A Dungeon Siege Tale
US,United States of America,In the Name of the King: A Dungeon Siege Tale
DE,Germany,Beyond Borders
US,United States of America,Beyond Borders
HK,Hong Kong,The Monkey King 2
CN,China,The Monkey King 2
US,United States of America,The Great Raid
US,United States of America,Deadpool
US,United States of America,American Sniper
US,United States of America,The Flintstones in Viva Rock Vegas
US,United States of America,Rambo III
DE,Germany,Leatherheads
US,United States of America,Leatherheads
US,United States of America,The Ridiculous 6
US,United States of America,Did You Hear About the Morgans?
US,United States of America,The Internship
DE,Germany,Resident Evil: Afterlife
US,United States of America,Resident Evil: Afterlife
FR,France,Resident Evil: Afterlife
CA,Canada,Resident Evil: Afterlife
US,United States of America,Red Tails
DE,Germany,The Devil's Advocate
US,United States of America,The Devil's Advocate
US,United States of America,That's My Boy
US,United States of America,DragonHeart
US,United States of America,After the Sunset
AE,United Arab Emirates,Ghost Rider: Spirit of Vengeance
US,United States of America,Ghost Rider: Spirit of Vengeance
GB,United Kingdom,Captain Corelli's Mandolin
US,United States of America,Captain Corelli's Mandolin
FR,France,Captain Corelli's Mandolin
CA,Canada,The Pacifier
US,United States of America,The Pacifier
US,United States of America,Forrest Gump
US,United States of America,Alvin and the Chipmunks
US,United States of America,Meet the Parents
US,United States of America,Pocahontas
GB,United Kingdom,Superman
US,United States of America,Superman
US,United States of America,The Nutty Professor
GB,United Kingdom,Alien³
US,United States of America,Alien³
US,United States of America,Hitch
US,United States of America,George of the Jungle
US,United States of America,American Wedding
US,United States of America,Captain Phillips
US,United States of America,Date Night
US,United States of America,Casper
US,United States of America,The Hunted
US,United States of America,The Equalizer
US,United States of America,Maid in Manhattan
US,United States of America,Crimson Tide
US,United States of America,The Pursuit of Happyness
US,United States of America,Flightplan
US,United States of America,Disclosure
US,United States of America,City of Angels
DE,Germany,City of Angels
US,United States of America,Kill Bill: Vol. 1
US,United States of America,Bowfinger
US,United States of America,Kill Bill: Vol. 2
US,United States of America,Tango & Cash
US,United States of America,Death Becomes Her
HK,Hong Kong,Shanghai Noon
US,United States of America,Shanghai Noon
US,United States of America,Executive Decision
US,United States of America,Mr. Popper's Penguins
CN,China,The Forbidden Kingdom
US,United States of America,The Forbidden Kingdom
US,United States of America,Free Birds
US,United States of America,Evita
HU,Hungary,Evita
FR,France,Ronin
GB,United Kingdom,Ronin
US,United States of America,Ronin
DE,Germany,The Ghost and the Darkness
US,United States of America,The Ghost and the Darkness
GB,United Kingdom,Paddington
US,United States of America,The Watch
US,United States of America,Instinct
US,United States of America,Stuck on You
US,United States of America,Semi-Pro
GB,United Kingdom,The Pirates! In an Adventure with Scientists!
US,United States of America,Changeling
US,United States of America,Gods and Generals
US,United States of America,Chain Reaction
US,United States of America,The Fan
GB,United Kingdom,The Phantom of the Opera
US,United States of America,The Phantom of the Opera
GB,United Kingdom,Elizabeth: The Golden Age
US,United States of America,Æon Flux
US,United States of America,Turbulence
US,United States of America,Imagine That
US,United States of America,Muppets Most Wanted
GB,United Kingdom,Thunderbirds
FR,France,Thunderbirds
US,United States of America,Burlesque
FR,France,A Very Long Engagement
GB,United Kingdom,Lolita
US,United States of America,Lolita
US,United States of America,D-Tox
DE,Germany,Blade II
US,United States of America,Blade II
US,United States of America,Beloved
US,United States of America,Seven Pounds
CH,Switzerland,Bullet to the Head
US,United States of America,Bullet to the Head
IT,Italy,The Godfather: Part III
US,United States of America,The Godfather: Part III
US,United States of America,Elizabethtown
US,United States of America,Lucky You
US,United States of America,"You, Me and Dupree"
GB,United Kingdom,Superman II
US,United States of America,Superman II
US,United States of America,Gigli
US,United States of America,All the King's Men
DE,Germany,Shaft
US,United States of America,Shaft
US,United States of America,Anastasia
AU,Australia,Moulin Rouge!
US,United States of America,Moulin Rouge!
US,United States of America,Domestic Disturbance
GB,United Kingdom,Black Mass
US,United States of America,Black Mass
US,United States of America,Flags of Our Fathers
US,United States of America,Law Abiding Citizen
US,United States of America,Grindhouse
US,United States of America,Catch Me If You Can
US,United States of America,Zero Dark Thirty
US,United States of America,The Break-Up
DE,Germany,Mamma Mia!
GB,United Kingdom,Mamma Mia!
US,United States of America,Mamma Mia!
GB,United Kingdom,From Paris with Love
FR,France,From Paris with Love
US,United States of America,Valentine's Day
US,United States of America,The Dukes of Hazzard
CA,Canada,The Thin Red Line
US,United States of America,The Thin Red Line
US,United States of America,The Change-Up
US,United States of America,Man on the Moon
FR,France,Casino
US,United States of America,Casino
US,United States of America,Bulletproof Monk
US,United States of America,"Me, Myself & Irene"
DE,Germany,Barnyard
US,United States of America,Barnyard
US,United States of America,Deck the Halls
US,United States of America,The Twilight Saga: New Moon
US,United States of America,Shrek
US,United States of America,Robin Hood: Prince of Thieves
US,United States of America,Jerry Maguire
US,United States of America,Ted
US,United States of America,As Good as It Gets
US,United States of America,Patch Adams
US,United States of America,Anchorman 2: The Legend Continues
US,United States of America,The Peacemaker
US,United States of America,Mr. Deeds
US,United States of America,Super 8
US,United States of America,Erin Brockovich
DE,Germany,How to Lose a Guy in 10 Days
US,United States of America,How to Lose a Guy in 10 Days
US,United States of America,22 Jump Street
US,United States of America,Interview with the Vampire
US,United States of America,Yes Man
US,United States of America,Central Intelligence
US,United States of America,Stepmom
US,United States of America,Daddy's Home
US,United States of America,Into the Woods
US,United States of America,Inside Man
US,United States of America,Congo
US,United States of America,We Bought a Zoo
GB,United Kingdom,Knowing
US,United States of America,Knowing
AU,Australia,Knowing
US,United States of America,Failure to Launch
US,United States of America,The Ring Two
US,United States of America,"Crazy, Stupid, Love."
US,United States of America,Garfield
US,United States of America,Christmas with the Kranks
US,United States of America,Moneyball
US,United States of America,Outbreak
FR,France,Non-Stop
GB,United Kingdom,Non-Stop
US,United States of America,Non-Stop
US,United States of America,Race to Witch Mountain
DE,Germany,V for Vendetta
GB,United Kingdom,V for Vendetta
US,United States of America,V for Vendetta
HK,Hong Kong,Shanghai Knights
US,United States of America,Shanghai Knights
US,United States of America,Curious George
US,United States of America,Herbie Fully Loaded
AU,Australia,Don't Say a Word
US,United States of America,Don't Say a Word
US,United States of America,Hansel & Gretel: Witch Hunters
DE,Germany,Hansel & Gretel: Witch Hunters
US,United States of America,Unfaithful
US,United States of America,I Am Number Four
US,United States of America,Syriana
MT,Malta,13 Hours: The Secret Soldiers of Benghazi
MA,Morocco,13 Hours: The Secret Soldiers of Benghazi
US,United States of America,13 Hours: The Secret Soldiers of Benghazi
MX,Mexico,The Book of Life
US,United States of America,The Book of Life
US,United States of America,Firewall
AU,Australia,Firewall
FR,France,Anna Karenina
GB,United Kingdom,Anna Karenina
US,United States of America,Absolute Power
US,United States of America,G.I. Jane
US,United States of America,The Game
CA,Canada,Silent Hill
FR,France,Silent Hill
JP,Japan,Silent Hill
US,United States of America,Silent Hill
US,United States of America,The Replacements
US,United States of America,American Reunion
DE,Germany,The Negotiator
US,United States of America,The Negotiator
US,United States of America,Into the Storm
US,United States of America,Beverly Hills Cop III
US,United States of America,Gremlins 2: The New Batch
US,United States of America,The Judge
GB,United Kingdom,Resident Evil: Apocalypse
US,United States of America,Resident Evil: Apocalypse
DE,Germany,Resident Evil: Apocalypse
FR,France,Resident Evil: Apocalypse
CA,Canada,Resident Evil: Apocalypse
FR,France,Bridget Jones: The Edge of Reason
DE,Germany,Bridget Jones: The Edge of Reason
IE,Ireland,Bridget Jones: The Edge of Reason
GB,United Kingdom,Bridget Jones: The Edge of Reason
US,United States of America,Bridget Jones: The Edge of Reason
US,United States of America,Out of Time
US,United States of America,On Deadly Ground
US,United States of America,The Adventures of Sharkboy and Lavagirl
GB,United Kingdom,The Beach
US,United States of America,The Beach
US,United States of America,Raising Helen
DE,Germany,Ninja Assassin
US,United States of America,Ninja Assassin
US,United States of America,For Love of the Game
US,United States of America,Striptease
US,United States of America,Marmaduke
US,United States of America,Hereafter
US,United States of America,Murder by Numbers
FR,France,Assassins
US,United States of America,Assassins
GB,United Kingdom,Hannibal Rising
CZ,Czech Republic,Hannibal Rising
FR,France,Hannibal Rising
IT,Italy,Hannibal Rising
US,United States of America,The Story of Us
US,United States of America,The Host
US,United States of America,Basic
US,United States of America,Blood Work
DE,Germany,The International
GB,United Kingdom,The International
US,United States of America,The International
US,United States of America,Escape from L.A.
US,United States of America,The Iron Giant
US,United States of America,The Life Aquatic with Steve Zissou
US,United States of America,Free State of Jones
DE,Germany,The Life of David Gale
GB,United Kingdom,The Life of David Gale
US,United States of America,The Life of David Gale
US,United States of America,Man of the House
US,United States of America,Run All Night
GB,United Kingdom,Eastern Promises
US,United States of America,Eastern Promises
CA,Canada,Eastern Promises
US,United States of America,Into the Blue
FR,France,The Messenger: The Story of Joan of Arc
US,United States of America,Your Highness
CA,Canada,Dream House
US,United States of America,Dream House
US,United States of America,Mad City
US,United States of America,Baby's Day Out
US,United States of America,The Scarlet Letter
US,United States of America,Fair Game
AE,United Arab Emirates,Fair Game
FR,France,Domino
GB,United Kingdom,Domino
US,United States of America,Domino
US,United States of America,Jade
US,United States of America,Gamer
US,United States of America,Beautiful Creatures
MX,Mexico,Chappie
ZA,South Africa,Chappie
US,United States of America,Chappie
DE,Germany,Death to Smoochy
GB,United Kingdom,Death to Smoochy
US,United States of America,Death to Smoochy
US,United States of America,Zoolander 2
US,United States of America,The Big Bounce
US,United States of America,What Planet Are You From?
US,United States of America,Drive Angry
US,United States of America,The Blind Side
CA,Canada,Street Fighter: The Legend of Chun-Li
IN,India,Street Fighter: The Legend of Chun-Li
JP,Japan,Street Fighter: The Legend of Chun-Li
US,United States of America,Street Fighter: The Legend of Chun-Li
US,United States of America,The One
US,United States of America,The Adventures of Ford Fairlane
DE,Germany,The Boat That Rocked
GB,United Kingdom,The Boat That Rocked
FR,France,The Boat That Rocked
DE,Germany,Traffic
US,United States of America,Traffic
US,United States of America,Indiana Jones and the Last Crusade
US,United States of America,The Bone Collector
US,United States of America,Panic Room
[],[],The Tooth Fairy
US,United States of America,Three Kings
GB,United Kingdom,Child 44
US,United States of America,Child 44
CZ,Czech Republic,Child 44
RO,Romania,Child 44
CA,Canada,Rat Race
US,United States of America,Rat Race
DE,Germany,K-PAX
GB,United Kingdom,K-PAX
US,United States of America,K-PAX
US,United States of America,Kate & Leopold
US,United States of America,Bedazzled
US,United States of America,The Cotton Club
US,United States of America,3:10 to Yuma
FR,France,Taken 3
US,United States of America,Taken 3
US,United States of America,Out of Sight
US,United States of America,The Cable Guy
CA,Canada,Earth
IN,India,Earth
US,United States of America,Dick Tracy
US,United States of America,The Thomas Crown Affair
US,United States of America,America's Sweethearts
US,United States of America,Riding in Cars with Boys
US,United States of America,First Blood
RU,Russia,Solaris
DE,Germany,Happily N'Ever After
US,United States of America,Happily N'Ever After
US,United States of America,Mary Reilly
US,United States of America,My Best Friend's Wedding
US,United States of America,Insomnia
US,United States of America,Star Trek: First Contact
US,United States of America,Jonah Hex
US,United States of America,Courage Under Fire
US,United States of America,Liar Liar
GB,United Kingdom,The Infiltrator
KR,South Korea,Inchon
US,United States of America,Inchon
US,United States of America,The Flintstones
FR,France,Taken 2
US,United States of America,Scary Movie 3
US,United States of America,Miss Congeniality
US,United States of America,Journey to the Center of the Earth
US,United States of America,The Princess Diaries 2: Royal Engagement
US,United States of America,The Client
US,United States of America,The Bucket List
US,United States of America,Patriot Games
US,United States of America,Monster-in-Law
DE,Germany,Monster-in-Law
US,United States of America,Prisoners
AU,Australia,Training Day
US,United States of America,Training Day
US,United States of America,Galaxy Quest
CA,Canada,Scary Movie 2
US,United States of America,Scary Movie 2
US,United States of America,The Muppets
US,United States of America,Blade
DE,Germany,Coach Carter
US,United States of America,Coach Carter
US,United States of America,Changing Lanes
BR,Brazil,Anaconda
PE,Peru,Anaconda
US,United States of America,Anaconda
US,United States of America,Coyote Ugly
GB,United Kingdom,Love Actually
US,United States of America,Love Actually
US,United States of America,A Bug's Life
CZ,Czech Republic,From Hell
GB,United Kingdom,From Hell
PE,Peru,The Specialist
US,United States of America,The Specialist
US,United States of America,Tin Cup
US,United States of America,"Yours, Mine and Ours"
US,United States of America,Kicking & Screaming
US,United States of America,The Hitchhiker's Guide to the Galaxy
US,United States of America,Fat Albert
AU,Australia,Resident Evil: Extinction
FR,France,Resident Evil: Extinction
DE,Germany,Resident Evil: Extinction
GB,United Kingdom,Resident Evil: Extinction
US,United States of America,Resident Evil: Extinction
US,United States of America,Vacation
US,United States of America,Blended
US,United States of America,Last Holiday
US,United States of America,The River Wild
US,United States of America,The Indian in the Cupboard
US,United States of America,Savages
DE,Germany,Cellular
US,United States of America,Cellular
FR,France,Johnny English
GB,United Kingdom,Johnny English
US,United States of America,The Ant Bully
US,United States of America,Dune
US,United States of America,Across the Universe
GB,United Kingdom,Revolutionary Road
US,United States of America,Revolutionary Road
US,United States of America,16 Blocks
DE,Germany,16 Blocks
FR,France,Babylon A.D.
GB,United Kingdom,Babylon A.D.
US,United States of America,The Glimmer Man
US,United States of America,Multiplicity
CA,Canada,Aliens in the Attic
US,United States of America,Aliens in the Attic
US,United States of America,The Pledge
US,United States of America,The Producers
AU,Australia,The Phantom
US,United States of America,The Phantom
US,United States of America,All the Pretty Horses
US,United States of America,Nixon
DE,Germany,The Ghost Writer
GB,United Kingdom,The Ghost Writer
US,United States of America,The Ghost Writer
CA,Canada,Deep Rising
US,United States of America,Deep Rising
IT,Italy,Miracle at St. Anna
US,United States of America,Miracle at St. Anna
CN,China,Curse of the Golden Flower
HK,Hong Kong,Curse of the Golden Flower
US,United States of America,Bangkok Dangerous
US,United States of America,Big Trouble
US,United States of America,The Fugitive
US,United States of America,Love in the Time of Cholera
US,United States of America,Shadow Conspiracy
GB,United Kingdom,Johnny English Reborn
HK,Hong Kong,Johnny English Reborn
CN,China,Johnny English Reborn
US,United States of America,Foodfight!
US,United States of America,Argo
US,United States of America,The Bounty Hunter
US,United States of America,Sleepers
US,United States of America,Rambo: First Blood Part II
US,United States of America,The Juror
US,United States of America,Pinocchio
US,United States of America,Heaven's Gate
US,United States of America,Underworld: Evolution
GB,United Kingdom,Victor Frankenstein
US,United States of America,Victor Frankenstein
US,United States of America,Finding Forrester
US,United States of America,28 Days
FR,France,Unleashed
GB,United Kingdom,Unleashed
US,United States of America,Unleashed
US,United States of America,The Sweetest Thing
US,United States of America,The Firm
US,United States of America,Charlie St. Cloud
US,United States of America,The Mechanic
US,United States of America,21 Jump Street
GB,United Kingdom,Notting Hill
US,United States of America,Notting Hill
GB,United Kingdom,Chicken Run
US,United States of America,Along Came Polly
US,United States of America,Boomerang
US,United States of America,The Heat
US,United States of America,Sky High
GB,United Kingdom,Cleopatra
US,United States of America,Cleopatra
CH,Switzerland,Cleopatra
US,United States of America,Here Comes the Boom
US,United States of America,High Crimes
US,United States of America,The Mirror Has Two Faces
US,United States of America,The Mothman Prophecies
US,United States of America,The Sixth Sense
US,United States of America,Brüno
GB,United Kingdom,Licence to Kill
US,United States of America,Licence to Kill
CA,Canada,Red Riding Hood
US,United States of America,Red Riding Hood
DE,Germany,15 Minutes
US,United States of America,15 Minutes
GB,United Kingdom,Super Mario Bros.
US,United States of America,Super Mario Bros.
FR,France,Lord of War
US,United States of America,Lord of War
DE,Germany,Lord of War
CN,China,Hero
US,United States of America,One for the Money
US,United States of America,The Interview
NZ,New Zealand,The Warrior's Way
KR,South Korea,The Warrior's Way
FR,France,Micmacs
US,United States of America,8 Mile
FR,France,Why I Did (Not) Eat My Father
US,United States of America,A Knight's Tale
HK,Hong Kong,The Medallion
US,United States of America,The Medallion
US,United States of America,The Big Year
US,United States of America,The Karate Kid
US,United States of America,American Hustle
US,United States of America,The Proposal
CA,Canada,Double Jeopardy
US,United States of America,Double Jeopardy
US,United States of America,Back to the Future Part II
FR,France,Lucy
US,United States of America,Lucy
US,United States of America,Fifty Shades of Grey
US,United States of America,Spy Kids 3-D: Game Over
US,United States of America,A Time to Kill
US,United States of America,Cheaper by the Dozen
US,United States of America,Lone Survivor
US,United States of America,Back to the Future Part III
US,United States of America,A League of Their Own
CA,Canada,The Conjuring 2
US,United States of America,The Conjuring 2
US,United States of America,The Social Network
NL,Netherlands,He's Just Not That Into You
US,United States of America,He's Just Not That Into You
DE,Germany,He's Just Not That Into You
US,United States of America,Scary Movie 4
US,United States of America,Scream 3
US,United States of America,Get Hard
US,United States of America,Dracula
US,United States of America,Julie & Julia
US,United States of America,42
US,United States of America,The Talented Mr. Ripley
US,United States of America,The Last of the Mohicans
US,United States of America,Dumb and Dumber To
US,United States of America,Eight Below
US,United States of America,The Intern
US,United States of America,Ride Along 2
US,United States of America,Ray
US,United States of America,Sin City
US,United States of America,Vantage Point
US,United States of America,"I Love You, Man"
US,United States of America,Shallow Hal
US,United States of America,JFK
US,United States of America,Behind Enemy Lines
US,United States of America,Big Momma's House 2
MX,Mexico,The Mexican
US,United States of America,The Mexican
US,United States of America,17 Again
US,United States of America,The Other Woman
US,United States of America,The Final Destination
IN,India,Bridge of Spies
US,United States of America,Bridge of Spies
DE,Germany,Bridge of Spies
US,United States of America,Get Him to the Greek
US,United States of America,Shall We Dance?
US,United States of America,Small Soldiers
US,United States of America,Spawn
US,United States of America,The Count of Monte Cristo
FR,France,Unknown
DE,Germany,Unknown
GB,United Kingdom,Unknown
US,United States of America,The Prestige
US,United States of America,Horrible Bosses 2
CA,Canada,Escape from Planet Earth
US,United States of America,Escape from Planet Earth
US,United States of America,Apocalypto
GB,United Kingdom,The Living Daylights
US,United States of America,The Living Daylights
US,United States of America,Predators
US,United States of America,Legal Eagles
US,United States of America,Secret Window
US,United States of America,The Lake House
DE,Germany,The Skeleton Key
US,United States of America,The Skeleton Key
US,United States of America,The Odd Life of Timothy Green
GB,United Kingdom,Made of Honor
US,United States of America,Made of Honor
US,United States of America,Jersey Boys
US,United States of America,The Rainmaker
US,United States of America,Gothika
US,United States of America,Amistad
US,United States of America,Medicine Man
US,United States of America,Aliens vs Predator: Requiem
US,United States of America,Ri¢hie Ri¢h
US,United States of America,Sweet Home Alabama
US,United States of America,Autumn in New York
US,United States of America,Music and Lyrics
US,United States of America,Paul
GB,United Kingdom,Paul
US,United States of America,The Guilt Trip
US,United States of America,Scream 4
US,United States of America,8MM
US,United States of America,Sex Tape
DE,Germany,Hanging Up
US,United States of America,Hanging Up
US,United States of America,Final Destination 5
GB,United Kingdom,Mickey Blue Eyes
US,United States of America,Mickey Blue Eyes
US,United States of America,Pay It Forward
DE,Germany,Fever Pitch
US,United States of America,Fever Pitch
US,United States of America,Drillbit Taylor
US,United States of America,A Million Ways to Die in the West
US,United States of America,The Shadow
US,United States of America,Extremely Loud & Incredibly Close
US,United States of America,Paul Blart: Mall Cop 2
US,United States of America,Morning Glory
US,United States of America,Get Rich or Die Tryin'
CA,Canada,The Art of War
US,United States of America,The Art of War
US,United States of America,Rent
US,United States of America,Bless the Child
US,United States of America,The Out-of-Towners
US,United States of America,The Island of Dr. Moreau
GB,United Kingdom,The Musketeer
US,United States of America,The Musketeer
DE,Germany,The Musketeer
LU,Luxembourg,The Musketeer
GB,United Kingdom,The Other Boleyn Girl
US,United States of America,The Other Boleyn Girl
US,United States of America,Sweet November
US,United States of America,The 5th Wave
US,United States of America,The Reaping
US,United States of America,Mean Streets
CA,Canada,Renaissance Man
US,United States of America,Renaissance Man
FR,France,Colombiana
US,United States of America,Quest for Camelot
US,United States of America,City By The Sea
US,United States of America,At First Sight
AU,Australia,Torque
US,United States of America,Torque
US,United States of America,City Hall
FR,France,Showgirls
US,United States of America,Showgirls
US,United States of America,New York Minute
FR,France,Marie Antoinette
US,United States of America,Marie Antoinette
JP,Japan,Marie Antoinette
US,United States of America,Kiss of Death
US,United States of America,Get Carter
US,United States of America,The Impossible
ES,Spain,The Impossible
US,United States of America,Creed
US,United States of America,Ishtar
US,United States of America,Fantastic Mr. Fox
CA,Canada,Life or Something Like It
US,United States of America,Life or Something Like It
FR,France,Memoirs of an Invisible Man
US,United States of America,Memoirs of an Invisible Man
FR,France,Amélie
DE,Germany,Amélie
GB,United Kingdom,Alfie
US,United States of America,Alfie
GB,United Kingdom,Big Miracle
US,United States of America,Big Miracle
US,United States of America,The Deep End of the Ocean
DE,Germany,FearDotCom
LU,Luxembourg,FearDotCom
GB,United Kingdom,FearDotCom
US,United States of America,FearDotCom
US,United States of America,A Thousand Words
US,United States of America,Cirque du Freak: The Vampire's Assistant
DE,Germany,Duplex
US,United States of America,Duplex
US,United States of America,Soul Men
GB,United Kingdom,Raise the Titanic
US,United States of America,Universal Soldier: The Return
DE,Germany,Pandorum
GB,United Kingdom,Pandorum
US,United States of America,Impostor
US,United States of America,Extreme Ops
FR,France,Just Visiting
US,United States of America,Just Visiting
GB,United Kingdom,Sunshine
US,United States of America,Sunshine
US,United States of America,Delgo
FR,France,The Gunman
ES,Spain,The Gunman
GB,United Kingdom,The Gunman
US,United States of America,The Gunman
DE,Germany,Stormbreaker
GB,United Kingdom,Stormbreaker
US,United States of America,Stormbreaker
US,United States of America,Disturbia
US,United States of America,Hackers
FR,France,A Monster in Paris
BA,Bosnia and Herzegovina,The Hunting Party
US,United States of America,The Hunting Party
DE,Germany,The Hudsucker Proxy
GB,United Kingdom,The Hudsucker Proxy
US,United States of America,The Hudsucker Proxy
CN,China,The Warlords
HK,Hong Kong,The Warlords
FR,France,Nomad: The Warrior
KZ,Kazakhstan,Nomad: The Warrior
KR,South Korea,Snowpiercer
FR,France,Snowpiercer
CZ,Czech Republic,Snowpiercer
US,United States of America,Snowpiercer
US,United States of America,The Last Shot
US,United States of America,The Crow
IN,India,Baahubali: The Beginning
US,United States of America,The Time Traveler's Wife
US,United States of America,Because I Said So
US,United States of America,Serenity
DE,Germany,Against the Ropes
US,United States of America,Against the Ropes
GB,United Kingdom,Superman III
US,United States of America,Superman III
US,United States of America,Grudge Match
CN,China,Red Cliff
US,United States of America,Safe
US,United States of America,The Ugly Truth
US,United States of America,Sgt. Bilko
US,United States of America,Spy Kids 2: The Island of Lost Dreams
US,United States of America,Star Trek: Generations
CN,China,The Grandmaster
HK,Hong Kong,The Grandmaster
US,United States of America,Water for Elephants
CN,China,Dragon Nest: Warriors' Dawn
FR,France,Dragon Nest: Warriors' Dawn
US,United States of America,Dragon Nest: Warriors' Dawn
US,United States of America,The Hurricane
US,United States of America,Enough
US,United States of America,Heartbreakers
US,United States of America,This Is the End
US,United States of America,Angel Eyes
US,United States of America,Joe Somebody
FR,France,The Ninth Gate
PT,Portugal,The Ninth Gate
ES,Spain,The Ninth Gate
US,United States of America,Extreme Measures
US,United States of America,The Town
US,United States of America,Rock Star
US,United States of America,Precious
US,United States of America,White Squall
US,United States of America,The Thing
US,United States of America,Riddick
US,United States of America,What to Expect When You're Expecting
US,United States of America,Switchback
US,United States of America,Texas Rangers
US,United States of America,City of Ember
US,United States of America,The Master
LU,Luxembourg,Virgin Territory
IT,Italy,Virgin Territory
FR,France,Virgin Territory
GB,United Kingdom,Virgin Territory
DE,Germany,The Express
US,United States of America,The Express
US,United States of America,Burn After Reading
GB,United Kingdom,Burn After Reading
FR,France,Burn After Reading
US,United States of America,Nim's Island
DE,Germany,Rush
GB,United Kingdom,Rush
US,United States of America,Magnolia
US,United States of America,Cop Out
US,United States of America,We're the Millers
US,United States of America,How to Be Single
US,United States of America,Dolphin Tale
US,United States of America,Twilight
US,United States of America,John Q
DE,Germany,Blue Streak
US,United States of America,Blue Streak
RU,Russia,The Inhabited Island
US,United States of America,Breakdown
DE,Germany,Never Say Never Again
GB,United Kingdom,Never Say Never Again
US,United States of America,Never Say Never Again
US,United States of America,Hot Tub Time Machine
US,United States of America,Dolphin Tale 2
US,United States of America,Reindeer Games
DE,Germany,A Man Apart
US,United States of America,A Man Apart
US,United States of America,Aloha
US,United States of America,Ghosts of Mississippi
US,United States of America,Snow Falling on Cedars
US,United States of America,The Rite
HU,Hungary,The Rite
IT,Italy,The Rite
US,United States of America,Gattaca
US,United States of America,Isn't She Great
US,United States of America,Space Chimps
US,United States of America,Head of State
DE,Germany,The Hangover
US,United States of America,The Hangover
HK,Hong Kong,Ip Man 3
US,United States of America,Austin Powers: The Spy Who Shagged Me
GB,United Kingdom,Batman
US,United States of America,Batman
[],[],There Be Dragons
US,United States of America,Lethal Weapon 3
US,United States of America,Spy Kids
US,United States of America,Horrible Bosses
US,United States of America,True Grit
US,United States of America,The Devil Wears Prada
US,United States of America,Star Trek: The Motion Picture
US,United States of America,Identity Thief
US,United States of America,Cape Fear
US,United States of America,21
US,United States of America,Trainwreck
US,United States of America,Guess Who
GB,United Kingdom,The English Patient
US,United States of America,The English Patient
US,United States of America,L.A. Confidential
US,United States of America,In & Out
US,United States of America,Species
US,United States of America,A Nightmare on Elm Street
DE,Germany,The Cell
US,United States of America,The Cell
GB,United Kingdom,The Man in the Iron Mask
US,United States of America,The Man in the Iron Mask
US,United States of America,Secretariat
US,United States of America,Carrie
US,United States of America,TMNT
US,United States of America,Radio
US,United States of America,Friends with Benefits
US,United States of America,Neighbors 2: Sorority Rising
US,United States of America,Poltergeist
AU,Australia,Saving Mr. Banks
GB,United Kingdom,Saving Mr. Banks
US,United States of America,Saving Mr. Banks
US,United States of America,Malcolm X
US,United States of America,This Is 40
US,United States of America,Old Dogs
US,United States of America,Underworld: Rise of the Lycans
US,United States of America,The Ladykillers
US,United States of America,The Bad News Bears
AU,Australia,License to Wed
US,United States of America,License to Wed
US,United States of America,The Benchwarmers
US,United States of America,Must Love Dogs
US,United States of America,Donnie Brasco
FR,France,Resident Evil
DE,Germany,Resident Evil
GB,United Kingdom,Resident Evil
US,United States of America,Resident Evil
US,United States of America,Max Payne
CA,Canada,Max Payne
US,United States of America,In Time
US,United States of America,The Back-Up Plan
US,United States of America,Something Borrowed
US,United States of America,Black Knight
JP,Japan,Street Fighter
US,United States of America,Street Fighter
FR,France,The Pianist
DE,Germany,The Pianist
PL,Poland,The Pianist
GB,United Kingdom,The Pianist
US,United States of America,The Nativity Story
US,United States of America,House of Wax
US,United States of America,Closer
US,United States of America,Premium Rush
US,United States of America,J. Edgar
RO,Romania,Mirrors
US,United States of America,Mirrors
AU,Australia,Queen of the Damned
US,United States of America,Queen of the Damned
US,United States of America,Predator 2
US,United States of America,Untraceable
SG,Singapore,Bait
AU,Australia,Bait
US,United States of America,Blast from the Past
US,United States of America,Flash Gordon
US,United States of America,Jersey Girl
US,United States of America,Alex Cross
US,United States of America,Midnight in the Garden of Good and Evil
US,United States of America,Heist
US,United States of America,Nanny McPhee and the Big Bang
GB,United Kingdom,Nanny McPhee and the Big Bang
FR,France,Nanny McPhee and the Big Bang
US,United States of America,Hoffa
CA,Canada,The X Files: I Want to Believe
US,United States of America,The X Files: I Want to Believe
IE,Ireland,Ella Enchanted
GB,United Kingdom,Ella Enchanted
AU,Australia,Concussion
US,United States of America,Concussion
GB,United Kingdom,Concussion
US,United States of America,Abduction
GB,United Kingdom,Valiant
DE,Germany,Wonder Boys
JP,Japan,Wonder Boys
GB,United Kingdom,Wonder Boys
US,United States of America,Wonder Boys
US,United States of America,Superhero Movie
US,United States of America,Broken City
DE,Germany,Cursed
US,United States of America,Cursed
DE,Germany,The Order
US,United States of America,The Order
US,United States of America,Hot Pursuit
GB,United Kingdom,The Four Feathers
US,United States of America,The Four Feathers
US,United States of America,Parker
FR,France,Wimbledon
GB,United Kingdom,Wimbledon
AE,United Arab Emirates,Furry Vengeance
US,United States of America,Furry Vengeance
US,United States of America,Winnie the Pooh
ES,Spain,Krull
GB,United Kingdom,Krull
IT,Italy,Krull
US,United States of America,Krull
US,United States of America,Lions for Lambs
US,United States of America,Flight of the Intruder
US,United States of America,Walk Hard: The Dewey Cox Story
US,United States of America,The Shipping News
US,United States of America,American Outlaws
GB,United Kingdom,The Young Victoria
US,United States of America,The Young Victoria
CA,Canada,Whiteout
FR,France,Whiteout
US,United States of America,Whiteout
US,United States of America,The Tree of Life
AW,Aruba,Knock Off
HK,Hong Kong,Knock Off
US,United States of America,Knock Off
US,United States of America,Sabotage
CA,Canada,Punisher: War Zone
DE,Germany,Punisher: War Zone
US,United States of America,Punisher: War Zone
US,United States of America,Zoom
US,United States of America,The Walk
CN,China,Warriors of Virtue
US,United States of America,Warriors of Virtue
US,United States of America,A Good Year
US,United States of America,Radio Flyer
US,United States of America,Bound by Honor
DE,Germany,Smilla's Sense of Snow
DK,Denmark,Smilla's Sense of Snow
SE,Sweden,Smilla's Sense of Snow
CH,Switzerland,Femme Fatale
FR,France,Femme Fatale
LY,Libyan Arab Jamahiriya,Lion of the Desert
US,United States of America,Lion of the Desert
US,United States of America,Playing for Keeps
FR,France,The Horseman on the Roof
US,United States of America,Ride with the Devil
MX,Mexico,Biutiful
ES,Spain,Biutiful
US,United States of America,Bandidas
FR,France,Bandidas
MX,Mexico,Bandidas
US,United States of America,The Darkest Hour
RU,Russia,The Darkest Hour
US,United States of America,Black Water Transit
US,United States of America,The Maze Runner
US,United States of America,Unfinished Business
US,United States of America,The Age of Innocence
US,United States of America,The Fountain
US,United States of America,Chill Factor
US,United States of America,Stolen
JP,Japan,Ponyo
US,United States of America,The Longest Ride
US,United States of America,The Astronaut's Wife
US,United States of America,I Dreamed of Africa
GB,United Kingdom,Mandela: Long Walk to Freedom
ZA,South Africa,Mandela: Long Walk to Freedom
US,United States of America,Reds
US,United States of America,A Few Good Men
CA,Canada,Exit Wounds
US,United States of America,Exit Wounds
DE,Germany,Big Momma's House
US,United States of America,Big Momma's House
BE,Belgium,Thunder and the House of Magic
US,United States of America,Thunder and the House of Magic
US,United States of America,Step Up Revolution
US,United States of America,Snakes on a Plane
US,United States of America,The Watcher
DE,Germany,The Punisher
US,United States of America,The Punisher
GB,United Kingdom,Goal!: The Dream Begins
US,United States of America,Goal!: The Dream Begins
DE,Germany,Pushing Tin
US,United States of America,Pushing Tin
US,United States of America,Return of the Jedi
DE,Germany,Doomsday
GB,United Kingdom,Doomsday
US,United States of America,Doomsday
ZA,South Africa,Doomsday
DE,Germany,The Reader
US,United States of America,The Reader
US,United States of America,Wanderlust
US,United States of America,Elf
DE,Germany,Elf
US,United States of America,Phenomenon
CA,Canada,Snow Dogs
US,United States of America,Snow Dogs
US,United States of America,Scrooged
US,United States of America,Nacho Libre
US,United States of America,Bridesmaids
US,United States of America,Stigmata
US,United States of America,Men of Honor
US,United States of America,Takers
US,United States of America,The Big Wedding
US,United States of America,"Big Mommas: Like Father, Like Son"
CA,Canada,Source Code
US,United States of America,Source Code
US,United States of America,Alive
DE,Germany,The Number 23
US,United States of America,The Number 23
CA,Canada,The Young and Prodigious T.S. Spivet
FR,France,The Young and Prodigious T.S. Spivet
US,United States of America,1941
[],[],Dreamer: Inspired By a True Story
US,United States of America,A History of Violence
CA,Canada,A History of Violence
DE,Germany,A History of Violence
FR,France,Transporter 2
US,United States of America,Transporter 2
JP,Japan,The Quick and the Dead
US,United States of America,The Quick and the Dead
DE,Germany,Laws of Attraction
IE,Ireland,Laws of Attraction
GB,United Kingdom,Laws of Attraction
US,United States of America,Bringing Out the Dead
US,United States of America,The Good German
CA,Canada,Repo Men
US,United States of America,Repo Men
KR,South Korea,Dragon Wars: D-War
US,United States of America,Bogus
US,United States of America,The Incredible Burt Wonderstone
US,United States of America,Cats Don't Dance
US,United States of America,Cradle Will Rock
DE,Germany,George and the Dragon
GB,United Kingdom,George and the Dragon
US,United States of America,George and the Dragon
LU,Luxembourg,George and the Dragon
US,United States of America,Apocalypse Now
US,United States of America,Going the Distance
US,United States of America,Mr. Holland's Opus
GB,United Kingdom,Criminal
US,United States of America,Criminal
US,United States of America,Out of Africa
US,United States of America,Flight
FR,France,Moonraker
GB,United Kingdom,Moonraker
US,United States of America,Moonraker
GB,United Kingdom,The Grand Budapest Hotel
US,United States of America,The Grand Budapest Hotel
DE,Germany,The Grand Budapest Hotel
AU,Australia,Hearts in Atlantis
US,United States of America,Hearts in Atlantis
US,United States of America,Arachnophobia
US,United States of America,Frequency
US,United States of America,Get Shorty
US,United States of America,Chicago
US,United States of America,Big Daddy
US,United States of America,American Pie 2
US,United States of America,Toy Story
US,United States of America,Speed
US,United States of America,The Vow
US,United States of America,Extraordinary Measures
US,United States of America,Remember the Titans
US,United States of America,The Hunt for Red October
US,United States of America,The Butler
DE,Germany,DodgeBall: A True Underdog Story
US,United States of America,DodgeBall: A True Underdog Story
US,United States of America,The Addams Family
US,United States of America,Ace Ventura: When Nature Calls
US,United States of America,The Princess Diaries
US,United States of America,The First Wives Club
US,United States of America,Se7en
US,United States of America,District 9
NZ,New Zealand,District 9
CA,Canada,District 9
ZA,South Africa,District 9
US,United States of America,The SpongeBob SquarePants Movie
US,United States of America,Mystic River
US,United States of America,Million Dollar Baby
AU,Australia,Analyze This
US,United States of America,Analyze This
US,United States of America,The Notebook
US,United States of America,27 Dresses
US,United States of America,Hannah Montana: The Movie
DE,Germany,Rugrats in Paris: The Movie
US,United States of America,Rugrats in Paris: The Movie
US,United States of America,The Prince of Tides
US,United States of America,Legends of the Fall
US,United States of America,Up in the Air
US,United States of America,About Schmidt
CA,Canada,Warm Bodies
CN,China,Looper
US,United States of America,Looper
US,United States of America,Down to Earth
AU,Australia,Babe
US,United States of America,Babe
US,United States of America,Hope Springs
US,United States of America,Forgetting Sarah Marshall
US,United States of America,Four Brothers
US,United States of America,Baby Mama
US,United States of America,Hope Floats
US,United States of America,Bride Wars
US,United States of America,Without a Paddle
US,United States of America,13 Going on 30
ES,Spain,Midnight in Paris
US,United States of America,Midnight in Paris
CA,Canada,The Nut Job
KR,South Korea,The Nut Job
US,United States of America,Blow
US,United States of America,Message in a Bottle
US,United States of America,Star Trek V: The Final Frontier
US,United States of America,Like Mike
US,United States of America,The Naked Gun 33⅓: The Final Insult
US,United States of America,Texas Chainsaw 3D
FR,France,A View to a Kill
IS,Iceland,A View to a Kill
GB,United Kingdom,A View to a Kill
US,United States of America,A View to a Kill
GB,United Kingdom,The Curse of the Were-Rabbit
US,United States of America,The Curse of the Were-Rabbit
US,United States of America,P.S. I Love You
US,United States of America,Racing Stripes
ZA,South Africa,Racing Stripes
GB,United Kingdom,Atonement
FR,France,Atonement
US,United States of America,Atonement
US,United States of America,Letters to Juliet
US,United States of America,Black Rain
US,United States of America,The Three Stooges
US,United States of America,Corpse Bride
US,United States of America,Glory Road
US,United States of America,Sicario
US,United States of America,Southpaw
US,United States of America,Drag Me to Hell
US,United States of America,The Age of Adaline
US,United States of America,Secondhand Lions
US,United States of America,Step Up 3D
DE,Germany,Blue Crush
US,United States of America,Blue Crush
US,United States of America,Stranger Than Fiction
NZ,New Zealand,30 Days of Night
US,United States of America,30 Days of Night
US,United States of America,The Cabin in the Woods
US,United States of America,Meet the Spartans
US,United States of America,Midnight Run
US,United States of America,The Running Man
US,United States of America,Little Shop of Horrors
DE,Germany,Hanna
GB,United Kingdom,Hanna
US,United States of America,Hanna
US,United States of America,Mortal Kombat: Annihilation
US,United States of America,Larry Crowne
US,United States of America,Take the Lead
US,United States of America,Gridiron Gang
US,United States of America,What's the Worst That Could Happen?
US,United States of America,9
US,United States of America,Side Effects
CZ,Czech Republic,The Prince & Me
US,United States of America,The Prince & Me
US,United States of America,Dumb and Dumberer: When Harry Met Lloyd
US,United States of America,Bulworth
US,United States of America,Get on Up
US,United States of America,One True Thing
US,United States of America,Virtuosity
US,United States of America,My Super Ex-Girlfriend
US,United States of America,Deliver Us from Evil
US,United States of America,Sanctum
AU,Australia,Sanctum
US,United States of America,Little Black Book
US,United States of America,The Five-Year Engagement
US,United States of America,Mr. 3000
CA,Canada,Along Came a Spider
DE,Germany,Along Came a Spider
US,United States of America,Along Came a Spider
US,United States of America,The Next Three Days
FR,France,The Next Three Days
US,United States of America,Ultraviolet
US,United States of America,Assault on Precinct 13
FR,France,Assault on Precinct 13
US,United States of America,The Replacement Killers
US,United States of America,Fled
AU,Australia,Eight Legged Freaks
US,United States of America,Eight Legged Freaks
US,United States of America,Love & Other Drugs
US,United States of America,88 Minutes
US,United States of America,North Country
US,United States of America,The Whole Ten Yards
CA,Canada,Splice
FR,France,Splice
US,United States of America,Splice
GB,United Kingdom,Florence Foster Jenkins
US,United States of America,Florence Foster Jenkins
US,United States of America,Howard the Duck
US,United States of America,Pride and Glory
DE,Germany,Pride and Glory
DE,Germany,The Cave
US,United States of America,The Cave
US,United States of America,Alex & Emma
US,United States of America,Wicker Park
US,United States of America,Once Upon a Time in Mexico
GB,United Kingdom,Fright Night
US,United States of America,Fright Night
US,United States of America,The New World
LU,Luxembourg,Wing Commander
US,United States of America,Wing Commander
US,United States of America,In Dreams
US,United States of America,Dragonball Evolution
US,United States of America,The Last Stand
CA,Canada,Godsend
US,United States of America,Godsend
GB,United Kingdom,Chasing Liberty
US,United States of America,Chasing Liberty
US,United States of America,Hoodwinked Too! Hood VS. Evil
US,United States of America,An Unfinished Life
DE,Germany,An Unfinished Life
CA,Canada,The Imaginarium of Doctor Parnassus
FR,France,The Imaginarium of Doctor Parnassus
GB,United Kingdom,The Imaginarium of Doctor Parnassus
CA,Canada,Barney's Version
IT,Italy,Barney's Version
US,United States of America,Runner Runner
CA,Canada,Antitrust
US,United States of America,Antitrust
US,United States of America,Glory
US,United States of America,Die Hard
US,United States of America,Once Upon a Time in America
IT,Italy,Once Upon a Time in America
US,United States of America,Dead Man Down
GB,United Kingdom,The Merchant of Venice
IT,Italy,The Merchant of Venice
LU,Luxembourg,The Merchant of Venice
US,United States of America,The Merchant of Venice
CA,Canada,The Good Thief
FR,France,The Good Thief
IE,Ireland,The Good Thief
GB,United Kingdom,The Good Thief
US,United States of America,Supercross
GB,United Kingdom,Miss Potter
US,United States of America,Miss Potter
CN,China,The Promise
JP,Japan,The Promise
KR,South Korea,The Promise
DE,Germany,DOA: Dead or Alive
GB,United Kingdom,DOA: Dead or Alive
US,United States of America,DOA: Dead or Alive
CA,Canada,The Assassination of Jesse James by the Coward Robert Ford
GB,United Kingdom,The Assassination of Jesse James by the Coward Robert Ford
US,United States of America,The Assassination of Jesse James by the Coward Robert Ford
US,United States of America,Role Models
CN,China,1911
HK,Hong Kong,1911
BE,Belgium,Little Nicholas
FR,France,Little Nicholas
US,United States of America,Wild Card
US,United States of America,Machine Gun Preacher
DE,Germany,Animals United
US,United States of America,The Big Short
BE,Belgium,Goodbye Bafana
ZA,South Africa,Goodbye Bafana
FR,France,United Passions
BE,Belgium,Grace of Monaco
FR,France,Grace of Monaco
IT,Italy,Grace of Monaco
CH,Switzerland,Grace of Monaco
US,United States of America,Grace of Monaco
RU,Russia,Savva. Heart of the Warrior
GB,United Kingdom,Ripley's Game
US,United States of America,Ripley's Game
IT,Italy,Ripley's Game
CA,Canada,Sausage Party
US,United States of America,Sausage Party
US,United States of America,Pitch Perfect 2
DE,Germany,Walk the Line
US,United States of America,Walk the Line
US,United States of America,Keeping the Faith
GB,United Kingdom,The Borrowers
US,United States of America,The Borrowers
US,United States of America,Frost/Nixon
US,United States of America,Confessions of a Dangerous Mind
US,United States of America,Inside Llewyn Davis
FR,France,Inside Llewyn Davis
GB,United Kingdom,Inside Llewyn Davis
DE,Germany,Serving Sara
US,United States of America,Serving Sara
US,United States of America,The Boss
GB,United Kingdom,Cry Freedom
US,United States of America,Mumford
RO,Romania,Seed of Chucky
US,United States of America,Seed of Chucky
DE,Germany,The Jacket
US,United States of America,The Jacket
US,United States of America,Aladdin
US,United States of America,Straight Outta Compton
US,United States of America,Indiana Jones and the Temple of Doom
US,United States of America,The Rugrats Movie
US,United States of America,Taking Woodstock
US,United States of America,Miracle
US,United States of America,Dawn of the Dead
US,United States of America,The Wedding Planner
JP,Japan,Space Pirate Captain Harlock
US,United States of America,The Royal Tenenbaums
US,United States of America,Identity
US,United States of America,Last Vegas
GB,United Kingdom,For Your Eyes Only
US,United States of America,For Your Eyes Only
US,United States of America,Serendipity
JP,Japan,Timecop
US,United States of America,Timecop
DE,Germany,Zoolander
US,United States of America,Zoolander
US,United States of America,"Alexander and the Terrible, Horrible, No Good, Very Bad Day"
US,United States of America,Safe Haven
US,United States of America,Hocus Pocus
AU,Australia,No Reservations
US,United States of America,No Reservations
GB,United Kingdom,Kick-Ass
US,United States of America,Kick-Ass
US,United States of America,30 Minutes or Less
DE,Germany,30 Minutes or Less
CA,Canada,30 Minutes or Less
US,United States of America,Dracula 2000
US,United States of America,Joyful Noise
FR,France,Pride & Prejudice
GB,United Kingdom,Pride & Prejudice
US,United States of America,Pride & Prejudice
US,United States of America,Blade Runner
HK,Hong Kong,Blade Runner
GB,United Kingdom,Blade Runner
GB,United Kingdom,Rob Roy
US,United States of America,Rob Roy
FR,France,3 Days to Kill
US,United States of America,3 Days to Kill
US,United States of America,We Own the Night
US,United States of America,Lost Souls
AU,Australia,Dark City
US,United States of America,Dark City
CH,Switzerland,Winged Migration
DE,Germany,Winged Migration
ES,Spain,Winged Migration
FR,France,Winged Migration
IT,Italy,Winged Migration
US,United States of America,Just My Luck
CA,Canada,"Mystery, Alaska"
US,United States of America,"Mystery, Alaska"
US,United States of America,The Spy Next Door
US,United States of America,A Simple Wish
GB,United Kingdom,The Duchess
US,United States of America,Ghosts of Mars
US,United States of America,Our Brand Is Crisis
US,United States of America,Pride and Prejudice and Zombies
US,United States of America,Kundun
GB,United Kingdom,How to Lose Friends & Alienate People
US,United States of America,Kick-Ass 2
GB,United Kingdom,Kick-Ass 2
ES,Spain,Alatriste
CA,Canada,Brick Mansions
FR,France,Brick Mansions
GB,United Kingdom,Octopussy
US,United States of America,Octopussy
US,United States of America,Knocked Up
US,United States of America,My Sister's Keeper
US,United States of America,Welcome Home Roscoe Jenkins
GB,United Kingdom,A Passage to India
US,United States of America,A Passage to India
GB,United Kingdom,Notes on a Scandal
US,United States of America,Rendition
GB,United Kingdom,Return to Oz
US,United States of America,Return to Oz
US,United States of America,Star Trek VI: The Undiscovered Country
US,United States of America,Divine Secrets of the Ya-Ya Sisterhood
US,United States of America,Kiss the Girls
US,United States of America,The Blues Brothers
US,United States of America,The Sisterhood of the Traveling Pants 2
GB,United Kingdom,About a Boy
US,United States of America,About a Boy
US,United States of America,Lake Placid
DE,Germany,Lucky Number Slevin
US,United States of America,Lucky Number Slevin
US,United States of America,The Right Stuff
GB,United Kingdom,Anonymous
DE,Germany,Anonymous
DE,Germany,The NeverEnding Story
US,United States of America,The NeverEnding Story
US,United States of America,The Newton Boys
CA,Canada,Case 39
US,United States of America,Case 39
DE,Germany,Suspect Zero
GB,United Kingdom,Suspect Zero
US,United States of America,Suspect Zero
US,United States of America,Martian Child
US,United States of America,Spy Kids: All the Time in the World
US,United States of America,Money Monster
CA,Canada,The 51st State
GB,United Kingdom,The 51st State
US,United States of America,Flawless
FI,Finland,Mindhunters
NL,Netherlands,Mindhunters
GB,United Kingdom,Mindhunters
US,United States of America,Mindhunters
US,United States of America,What Just Happened
FR,France,The Statement
GB,United Kingdom,The Statement
CA,Canada,The Statement
GB,United Kingdom,The Magic Flute
US,United States of America,Paul Blart: Mall Cop
US,United States of America,Freaky Friday
US,United States of America,The 40 Year Old Virgin
US,United States of America,In Good Company
US,United States of America,Shakespeare in Love
US,United States of America,A Walk Among the Tombstones
US,United States of America,Kindergarten Cop
US,United States of America,Pineapple Express
US,United States of America,Ever After: A Cinderella Story
US,United States of America,Open Range
US,United States of America,Flatliners
GB,United Kingdom,A Bridge Too Far
US,United States of America,A Bridge Too Far
US,United States of America,Red Eye
US,United States of America,Final Destination 2
FR,France,"O Brother, Where Art Thou?"
GB,United Kingdom,"O Brother, Where Art Thou?"
US,United States of America,"O Brother, Where Art Thou?"
US,United States of America,Legion
US,United States of America,Pain & Gain
US,United States of America,Clockstoppers
US,United States of America,Silverado
US,United States of America,Brothers
US,United States of America,Agent Cody Banks 2: Destination London
US,United States of America,New Year's Eve
FR,France,Original Sin
US,United States of America,Original Sin
US,United States of America,The Bodyguard
HU,Hungary,The Raven
RS,Serbia,The Raven
ES,Spain,The Raven
US,United States of America,The Raven
DE,Germany,Welcome to Mooseport
US,United States of America,Welcome to Mooseport
CA,Canada,Highlander: The Final Dimension
FR,France,Highlander: The Final Dimension
GB,United Kingdom,Highlander: The Final Dimension
GB,United Kingdom,Blood and Wine
US,United States of America,Blood and Wine
US,United States of America,Snow White: A Tale of Terror
US,United States of America,Schindler's List
DE,Germany,The Curse of the Jade Scorpion
US,United States of America,The Curse of the Jade Scorpion
US,United States of America,Accidental Love
US,United States of America,Flipper
US,United States of America,Self/less
CN,China,The Constant Gardener
DE,Germany,The Constant Gardener
GB,United Kingdom,The Constant Gardener
US,United States of America,The Constant Gardener
US,United States of America,The Passion of the Christ
US,United States of America,Mrs. Doubtfire
US,United States of America,Rain Man
US,United States of America,Gran Torino
DE,Germany,Gran Torino
US,United States of America,W.
FR,France,Taken
GB,United Kingdom,Taken
US,United States of America,Taken
US,United States of America,The Best of Me
IN,India,The Help
AE,United Arab Emirates,The Help
US,United States of America,The Help
BE,Belgium,The Fifth Estate
US,United States of America,The Fifth Estate
US,United States of America,Scooby-Doo 2: Monsters Unleashed
CZ,Czech Republic,Forbidden Kingdom
RU,Russia,Forbidden Kingdom
UA,Ukraine,Forbidden Kingdom
CA,Canada,Freddy vs. Jason
IT,Italy,Freddy vs. Jason
US,United States of America,Freddy vs. Jason
US,United States of America,Ride Along
IT,Italy,The Face of an Angel
ES,Spain,The Face of an Angel
GB,United Kingdom,The Face of an Angel
US,United States of America,Jimmy Neutron: Boy Genius
US,United States of America,Cloverfield
HK,Hong Kong,Teenage Mutant Ninja Turtles II: The Secret of the Ooze
US,United States of America,Teenage Mutant Ninja Turtles II: The Secret of the Ooze
US,United States of America,The Untouchables
US,United States of America,No Country for Old Men
FR,France,Bridget Jones's Diary
IE,Ireland,Bridget Jones's Diary
GB,United Kingdom,Bridget Jones's Diary
US,United States of America,Bridget Jones's Diary
GB,United Kingdom,Chocolat
US,United States of America,Chocolat
US,United States of America,"Legally Blonde 2: Red, White & Blonde"
US,United States of America,Parental Guidance
US,United States of America,No Strings Attached
US,United States of America,Tombstone
CA,Canada,Agent Cody Banks
US,United States of America,Agent Cody Banks
US,United States of America,Romeo Must Die
GB,United Kingdom,The Omen
US,United States of America,The Omen
CA,Canada,Final Destination 3
DE,Germany,Final Destination 3
US,United States of America,Final Destination 3
US,United States of America,The Lucky One
US,United States of America,Bridge to Terabithia
US,United States of America,August Rush
GB,United Kingdom,Finding Neverland
US,United States of America,Finding Neverland
US,United States of America,A Madea Christmas
CA,Canada,The Grey
US,United States of America,The Grey
US,United States of America,Hide and Seek
US,United States of America,Anchorman: The Legend of Ron Burgundy
US,United States of America,GoodFellas
FR,France,Nanny McPhee
GB,United Kingdom,Nanny McPhee
US,United States of America,Nanny McPhee
US,United States of America,Scarface
US,United States of America,Nothing to Lose
FR,France,The Last Emperor
CN,China,The Last Emperor
GB,United Kingdom,The Last Emperor
IT,Italy,The Last Emperor
US,United States of America,Contraband
GB,United Kingdom,Contraband
FR,France,Contraband
US,United States of America,Money Talks
US,United States of America,There Will Be Blood
US,United States of America,The Wild Thornberrys Movie
US,United States of America,Rugrats Go Wild
US,United States of America,Undercover Brother
US,United States of America,The Sisterhood of the Traveling Pants
FR,France,Kiss of the Dragon
US,United States of America,Kiss of the Dragon
US,United States of America,The House Bunny
US,United States of America,Beauty Shop
US,United States of America,Million Dollar Arm
US,United States of America,The Giver
US,United States of America,What a Girl Wants
US,United States of America,Jeepers Creepers 2
CA,Canada,Good Luck Chuck
US,United States of America,Good Luck Chuck
US,United States of America,Cradle 2 the Grave
US,United States of America,Elizabeth
US,United States of America,The Hours
US,United States of America,She's the Man
GB,United Kingdom,Mr. Bean's Holiday
FR,France,Mr. Bean's Holiday
DE,Germany,Mr. Bean's Holiday
US,United States of America,Anacondas: The Hunt for the Blood Orchid
FR,France,Blood Ties
US,United States of America,Blood Ties
CA,Canada,Bride of Chucky
US,United States of America,Bride of Chucky
JP,Japan,Tora! Tora! Tora!
US,United States of America,Tora! Tora! Tora!
GB,United Kingdom,Spice World
US,United States of America,The Sitter
US,United States of America,Dance Flick
US,United States of America,The Shawshank Redemption
AU,Australia,Crocodile Dundee in Los Angeles
US,United States of America,Crocodile Dundee in Los Angeles
US,United States of America,Kingpin
US,United States of America,The Gambler
US,United States of America,August: Osage County
US,United States of America,Ice Princess
CA,Canada,Ice Princess
US,United States of America,A Lot Like Love
DE,Germany,Eddie the Eagle
GB,United Kingdom,Eddie the Eagle
US,United States of America,Eddie the Eagle
CA,Canada,King's Ransom
US,United States of America,King's Ransom
US,United States of America,He Got Game
US,United States of America,Don Juan DeMarco
US,United States of America,Dear John
US,United States of America,The Losers
US,United States of America,Don't Be Afraid of the Dark
AU,Australia,Don't Be Afraid of the Dark
MX,Mexico,Don't Be Afraid of the Dark
US,United States of America,War
CA,Canada,War
US,United States of America,Punch-Drunk Love
US,United States of America,EuroTrip
DE,Germany,Half Past Dead
US,United States of America,Half Past Dead
[],[],Unaccompanied Minors
JP,Japan,"Bright Lights, Big City"
US,United States of America,"Bright Lights, Big City"
BR,Brazil,Blindness
CA,Canada,Blindness
JP,Japan,Blindness
CZ,Czech Republic,The Adventures of Pinocchio
FR,France,The Adventures of Pinocchio
DE,Germany,The Adventures of Pinocchio
GB,United Kingdom,The Adventures of Pinocchio
US,United States of America,The Adventures of Pinocchio
US,United States of America,The Greatest Game Ever Played
US,United States of America,The Box
US,United States of America,The Ruins
DE,Germany,The Ruins
AU,Australia,The Ruins
US,United States of America,Ghost
US,United States of America,The Next Best Thing
US,United States of America,My Soul to Take
US,United States of America,The Girl Next Door
US,United States of America,Maximum Risk
US,United States of America,Stealing Harvard
GB,United Kingdom,Legend
US,United States of America,Legend
FR,France,Legend
US,United States of America,There's Something About Mary
US,United States of America,Hot Rod
US,United States of America,Shark Night
IE,Ireland,Angela's Ashes
US,United States of America,Angela's Ashes
US,United States of America,Draft Day
GB,United Kingdom,Lifeforce
US,United States of America,The Conspirator
DE,Germany,Lords of Dogtown
US,United States of America,Lords of Dogtown
US,United States of America,The 33
CL,Chile,The 33
US,United States of America,Big Trouble in Little China
FR,France,Fly Me to the Moon
US,United States of America,Warrior
IE,Ireland,Michael Collins
GB,United Kingdom,Michael Collins
US,United States of America,Gettysburg
US,United States of America,Stop-Loss
AU,Australia,Abandon
US,United States of America,Abandon
US,United States of America,Brokedown Palace
US,United States of America,The Possession
CA,Canada,The Possession
US,United States of America,Mrs. Winterbourne
US,United States of America,Straw Dogs
US,United States of America,The Hoax
US,United States of America,Stone Cold
US,United States of America,The Road
US,United States of America,BloodRayne
[],[],Sheena
US,United States of America,Underclassman
US,United States of America,Say It Isn't So
NZ,New Zealand,The World's Fastest Indian
CH,Switzerland,The World's Fastest Indian
JP,Japan,The World's Fastest Indian
US,United States of America,The World's Fastest Indian
US,United States of America,Tank Girl
ES,Spain,Carnage
FR,France,Carnage
DE,Germany,Carnage
PL,Poland,Carnage
US,United States of America,Where the Truth Lies
US,United States of America,Cirque du Soleil: Worlds Away
US,United States of America,Without Limits
US,United States of America,Love Ranch
DE,Germany,Love Ranch
US,United States of America,Me and Orson Welles
IT,Italy,The Best Offer
US,United States of America,The Bad Lieutenant: Port of Call - New Orleans
FR,France,A Turtle's Tale: Sammy's Adventures
BE,Belgium,A Turtle's Tale: Sammy's Adventures
FR,France,Little White Lies
FR,France,The True Story of Puss 'n Boots
US,United States of America,Space Dogs
RU,Russia,Space Dogs
GB,United Kingdom,The Counselor
US,United States of America,The Counselor
GB,United Kingdom,Ironclad
US,United States of America,Ironclad
IT,Italy,Waterloo
RU,Russia,Waterloo
HK,Hong Kong,Kung Fu Jungle
CN,China,Kung Fu Jungle
RU,Russia,Red Sky
US,United States of America,Red Sky
GB,United Kingdom,Dangerous Liaisons
US,United States of America,Dangerous Liaisons
BR,Brazil,On the Road
FR,France,On the Road
GB,United Kingdom,On the Road
US,United States of America,On the Road
US,United States of America,The Longshots
US,United States of America,Star Trek IV: The Voyage Home
US,United States of America,Rocky Balboa
US,United States of America,Scream 2
US,United States of America,Jane Got a Gun
US,United States of America,Think Like a Man Too
GB,United Kingdom,Derailed
US,United States of America,Derailed
CA,Canada,The Whole Nine Yards
US,United States of America,The Whole Nine Yards
US,United States of America,Footloose
US,United States of America,Old School
US,United States of America,The Fisher King
US,United States of America,I Still Know What You Did Last Summer
US,United States of America,Return to Me
US,United States of America,Zack and Miri Make a Porno
DE,Germany,Nurse Betty
US,United States of America,Nurse Betty
GB,United Kingdom,The Men Who Stare at Goats
US,United States of America,The Men Who Stare at Goats
US,United States of America,Double Take
DE,Germany,"Girl, Interrupted"
US,United States of America,"Girl, Interrupted"
US,United States of America,Win a Date with Tad Hamilton!
US,United States of America,Muppets from Space
US,United States of America,The Wiz
US,United States of America,Ready to Rumble
US,United States of America,Play It to the Bone
US,United States of America,I Don't Know How She Does It
US,United States of America,Piranha 3D
DE,Germany,Beyond the Sea
GB,United Kingdom,Beyond the Sea
US,United States of America,Beyond the Sea
[],[],Meet the Deedles
GB,United Kingdom,The Thief and the Cobbler
ES,Spain,The Bridge of San Luis Rey
GB,United Kingdom,The Bridge of San Luis Rey
FR,France,The Bridge of San Luis Rey
US,United States of America,Faster
JP,Japan,Howl's Moving Castle
US,United States of America,Zombieland
US,United States of America,The Waterboy
US,United States of America,The Empire Strikes Back
US,United States of America,Bad Boys
US,United States of America,The Naked Gun 2½: The Smell of Fear
US,United States of America,Final Destination
US,United States of America,The Ides of March
US,United States of America,Pitch Black
US,United States of America,Someone Like You...
CN,China,Her
US,United States of America,Her
US,United States of America,Joy Ride
BE,Belgium,The Adventurer: The Curse of the Midas Box
GB,United Kingdom,The Adventurer: The Curse of the Midas Box
ES,Spain,The Adventurer: The Curse of the Midas Box
US,United States of America,Anywhere But Here
US,United States of America,The Crew
IE,Ireland,Haywire
US,United States of America,Haywire
US,United States of America,Jaws: The Revenge
US,United States of America,Marvin's Room
US,United States of America,The End of the Affair
GB,United Kingdom,The End of the Affair
US,United States of America,Harley Davidson and the Marlboro Man
US,United States of America,In the Valley of Elah
BE,Belgium,Coco Before Chanel
FR,France,Coco Before Chanel
CA,Canada,Forsaken
AU,Australia,The Water Diviner
US,United States of America,The Water Diviner
DE,Germany,Cheri
GB,United Kingdom,Cheri
FR,France,Cheri
GB,United Kingdom,Vanity Fair
US,United States of America,Vanity Fair
CN,China,Bodyguards and Assassins
US,United States of America,1408
US,United States of America,Spaceballs
US,United States of America,The Santa Clause
US,United States of America,The Rookie
US,United States of America,The Game Plan
US,United States of America,The Bridges of Madison County
US,United States of America,The Animal
IN,India,Gandhi
GB,United Kingdom,Gandhi
IN,India,The Hundred-Foot Journey
US,United States of America,The Hundred-Foot Journey
AE,United Arab Emirates,The Hundred-Foot Journey
US,United States of America,The Net
US,United States of America,I Am Sam
US,United States of America,Son of God
DE,Germany,Underworld
HU,Hungary,Underworld
GB,United Kingdom,Underworld
US,United States of America,Underworld
US,United States of America,The Informant!
GB,United Kingdom,Shadowlands
US,United States of America,Deuce Bigalow: European Gigolo
US,United States of America,Delivery Man
FR,France,Our Kind of Traitor
GB,United Kingdom,Our Kind of Traitor
US,United States of America,Saving Silverman
US,United States of America,Diary of a Wimpy Kid: Dog Days
US,United States of America,Summer of Sam
US,United States of America,Jay and Silent Bob Strike Back
US,United States of America,The Glass House
US,United States of America,"Hail, Caesar!"
CA,Canada,Josie and the Pussycats
US,United States of America,Josie and the Pussycats
US,United States of America,Homefront
DE,Germany,The Little Vampire
NL,Netherlands,The Little Vampire
US,United States of America,The Little Vampire
DE,Germany,I Heart Huckabees
US,United States of America,I Heart Huckabees
FR,France,Before I Go to Sleep
SE,Sweden,Before I Go to Sleep
GB,United Kingdom,Before I Go to Sleep
US,United States of America,RoboCop 3
US,United States of America,Megiddo: The Omega Code 2
US,United States of America,Darling Lili
US,United States of America,Dudley Do-Right
BE,Belgium,The Transporter Refueled
CN,China,The Transporter Refueled
FR,France,The Transporter Refueled
GB,United Kingdom,The Libertine
NL,Netherlands,Black Book
DE,Germany,Black Book
GB,United Kingdom,Black Book
BE,Belgium,Joyeux Noël
FR,France,Joyeux Noël
DE,Germany,Joyeux Noël
JP,Japan,Joyeux Noël
NO,Norway,Joyeux Noël
RO,Romania,Joyeux Noël
GB,United Kingdom,Joyeux Noël
US,United States of America,Joyeux Noël
US,United States of America,Hit & Run
US,United States of America,Mad Money
US,United States of America,Sorcerer
US,United States of America,Stone
FR,France,Moliere
US,United States of America,Out of the Furnace
US,United States of America,Michael Clayton
US,United States of America,My Fellow Americans
US,United States of America,Arlington Road
AR,Argentina,Underdogs
ES,Spain,Underdogs
IT,Italy,To Rome with Love
ES,Spain,To Rome with Love
US,United States of America,To Rome with Love
US,United States of America,Firefox
US,United States of America,"South Park: Bigger, Longer & Uncut"
GB,United Kingdom,Death at a Funeral
HK,Hong Kong,Teenage Mutant Ninja Turtles III
US,United States of America,Teenage Mutant Ninja Turtles III
DE,Germany,Hardball
US,United States of America,Hardball
US,United States of America,Silver Linings Playbook
DE,Germany,Freedom Writers
US,United States of America,Freedom Writers
DE,Germany,One Missed Call
JP,Japan,One Missed Call
US,United States of America,One Missed Call
US,United States of America,For Colored Girls
US,United States of America,The Transporter
FR,France,The Transporter
US,United States of America,Never Back Down
US,United States of America,The Rage: Carrie 2
US,United States of America,Away We Go
US,United States of America,Swing Vote
DE,Germany,School of Rock
US,United States of America,School of Rock
US,United States of America,Moonlight Mile
FR,France,Tinker Tailor Soldier Spy
DE,Germany,Tinker Tailor Soldier Spy
GB,United Kingdom,Tinker Tailor Soldier Spy
US,United States of America,Molly
AE,United Arab Emirates,The Beaver
US,United States of America,The Beaver
US,United States of America,Edward Scissorhands
US,United States of America,The Best Little Whorehouse in Texas
CA,Canada,eXistenZ
FR,France,eXistenZ
GB,United Kingdom,eXistenZ
US,United States of America,Raiders of the Lost Ark
US,United States of America,Home Alone 2: Lost in New York
US,United States of America,Close Encounters of the Third Kind
US,United States of America,Mortal Kombat
US,United States of America,Pulse
US,United States of America,Beverly Hills Cop II
US,United States of America,Bringing Down the House
US,United States of America,The Silence of the Lambs
US,United States of America,Wayne's World
US,United States of America,White Chicks
US,United States of America,Jackass 3D
RO,Romania,Jackass 3D
US,United States of America,Jaws 2
US,United States of America,Beverly Hills Chihuahua
US,United States of America,The Conjuring
US,United States of America,Are We There Yet?
US,United States of America,Tammy
US,United States of America,The Descendants
US,United States of America,Holes
US,United States of America,The Last Song
US,United States of America,12 Years a Slave
GB,United Kingdom,12 Years a Slave
US,United States of America,Drumline
US,United States of America,Why Did I Get Married Too?
US,United States of America,Me Before You
US,United States of America,Madea's Witness Protection
US,United States of America,The French Connection
US,United States of America,Bad Moms
CH,Switzerland,Date Movie
US,United States of America,Date Movie
AU,Australia,Return to Never Land
CA,Canada,Return to Never Land
US,United States of America,Return to Never Land
GB,United Kingdom,Selma
US,United States of America,Selma
AU,Australia,The Jungle Book 2
US,United States of America,The Jungle Book 2
US,United States of America,Boogeyman
US,United States of America,Premonition
US,United States of America,The Tigger Movie
CA,Canada,Orphan
FR,France,Orphan
DE,Germany,Orphan
US,United States of America,Orphan
US,United States of America,Max
US,United States of America,Epic Movie
CA,Canada,Spotlight
US,United States of America,Spotlight
US,United States of America,Lakeview Terrace
US,United States of America,The Grudge 2
US,United States of America,How Stella Got Her Groove Back
US,United States of America,Bill & Ted's Bogus Journey
US,United States of America,Man of the Year
US,United States of America,The Black Hole
GB,United Kingdom,The American
US,United States of America,The American
US,United States of America,Selena
US,United States of America,Vampires Suck
FR,France,Babel
JP,Japan,Babel
MX,Mexico,Babel
US,United States of America,Babel
US,United States of America,This Is Where I Leave You
US,United States of America,Doubt
DE,Germany,Team America: World Police
US,United States of America,Team America: World Police
US,United States of America,Copycat
US,United States of America,Scary Movie 5
US,United States of America,Paint Your Wagon
US,United States of America,Milk
US,United States of America,Risen
AU,Australia,Ghost Ship
US,United States of America,Ghost Ship
US,United States of America,A Very Harold & Kumar Christmas
US,United States of America,Wild Things
US,United States of America,The Stepfather
US,United States of America,The Debt
GB,United Kingdom,High Fidelity
US,United States of America,High Fidelity
AU,Australia,The Bank Job
GB,United Kingdom,The Bank Job
US,United States of America,The Bank Job
US,United States of America,Eternal Sunshine of the Spotless Mind
US,United States of America,You Again
US,United States of America,Street Kings
CH,Switzerland,A Dangerous Method
GB,United Kingdom,A Dangerous Method
DE,Germany,A Dangerous Method
CA,Canada,A Dangerous Method
GB,United Kingdom,The World's End
US,United States of America,Nancy Drew
US,United States of America,Daybreakers
AU,Australia,Daybreakers
US,United States of America,She's Out of My League
HU,Hungary,Monte Carlo
US,United States of America,Monte Carlo
US,United States of America,Stay Alive
AE,United Arab Emirates,Shorts
US,United States of America,Shorts
AU,Australia,Quigley Down Under
US,United States of America,Quigley Down Under
US,United States of America,Alpha and Omega
IN,India,Alpha and Omega
US,United States of America,The Covenant
DE,Germany,Stick It
US,United States of America,Stick It
US,United States of America,One Night with the King
US,United States of America,To Die For
US,United States of America,Nerve
US,United States of America,Appaloosa
US,United States of America,Vampires
US,United States of America,Psycho
AU,Australia,Three to Tango
US,United States of America,Three to Tango
US,United States of America,My Best Friend's Girl
US,United States of America,Endless Love
US,United States of America,Georgia Rule
US,United States of America,Under the Rainbow
US,United States of America,Ladyhawke
US,United States of America,Simon Birch
US,United States of America,Reign Over Me
US,United States of America,Into the Wild
US,United States of America,School for Scoundrels
FR,France,Silent Hill: Revelation 3D
CA,Canada,Silent Hill: Revelation 3D
US,United States of America,From Dusk Till Dawn
US,United States of America,Pooh's Heffalump Movie
US,United States of America,Home for the Holidays
CN,China,Kung Fu Hustle
HK,Hong Kong,Kung Fu Hustle
US,United States of America,The Country Bears
CN,China,The Kite Runner
US,United States of America,The Kite Runner
US,United States of America,21 Grams
US,United States of America,Paparazzi
US,United States of America,A Guy Thing
US,United States of America,Loser
US,United States of America,Capitalism: A Love Story
MX,Mexico,Little Boy
US,United States of America,Little Boy
US,United States of America,The Greatest Story Ever Told
ES,Spain,Secret in Their Eyes
GB,United Kingdom,Secret in Their Eyes
US,United States of America,Secret in Their Eyes
US,United States of America,Disaster Movie
US,United States of America,Armored
US,United States of America,The Man Who Knew Too Little
US,United States of America,What's Your Number?
FR,France,Lockout
US,United States of America,Envy
US,United States of America,Crank: High Voltage
US,United States of America,Bullets Over Broadway
US,United States of America,The Quiet American
DE,Germany,The Weather Man
US,United States of America,The Weather Man
US,United States of America,Undisputed
US,United States of America,Ghost Town
US,United States of America,12 Rounds
GB,United Kingdom,Let Me In
US,United States of America,Let Me In
JP,Japan,3 Ninjas Kick Back
US,United States of America,3 Ninjas Kick Back
US,United States of America,Be Kind Rewind
GB,United Kingdom,Be Kind Rewind
GB,United Kingdom,Mrs Henderson Presents
US,United States of America,Triple 9
US,United States of America,Deconstructing Harry
US,United States of America,Burnt
US,United States of America,We're No Angels
US,United States of America,Everyone Says I Love You
US,United States of America,Death Sentence
US,United States of America,Everybody's Fine
DE,Germany,Superbabies: Baby Geniuses 2
GB,United Kingdom,Superbabies: Baby Geniuses 2
US,United States of America,Superbabies: Baby Geniuses 2
US,United States of America,The Man
US,United States of America,Code Name: The Cleaner
US,United States of America,Connie and Carla
US,United States of America,Sweet Charity
US,United States of America,Inherent Vice
FR,France,Doogal
GB,United Kingdom,Doogal
US,United States of America,Doogal
US,United States of America,Battle of the Year
US,United States of America,An American Carol
US,United States of America,Machete Kills
US,United States of America,Willard
US,United States of America,Strange Wilderness
GB,United Kingdom,Topsy-Turvy
US,United States of America,Topsy-Turvy
US,United States of America,A Scanner Darkly
US,United States of America,Chasing Mavericks
CA,Canada,Alone in the Dark
DE,Germany,Alone in the Dark
US,United States of America,Alone in the Dark
US,United States of America,Bandslam
FR,France,Birth
DE,Germany,Birth
US,United States of America,Birth
GB,United Kingdom,Birth
RU,Russia,Mongol: The Rise of Genghis Khan
DE,Germany,Mongol: The Rise of Genghis Khan
KZ,Kazakhstan,Mongol: The Rise of Genghis Khan
AE,United Arab Emirates,A Most Violent Year
US,United States of America,A Most Violent Year
CA,Canada,Passchendaele
US,United States of America,Flash of Genius
US,United States of America,I'm Not There.
US,United States of America,The Cold Light of Day
US,United States of America,The Brothers Bloom
US,United States of America,"Synecdoche, New York"
JP,Japan,Princess Mononoke
FR,France,Bon voyage
US,United States of America,Can't Stop the Music
AU,Australia,The Proposition
GB,United Kingdom,The Proposition
US,United States of America,My All American
US,United States of America,Marci X
US,United States of America,Equilibrium
AU,Australia,The Children of Huang Shi
CN,China,The Children of Huang Shi
DE,Germany,The Children of Huang Shi
US,United States of America,The Yards
US,United States of America,Lottery Ticket
US,United States of America,The Oogieloves in the Big Balloon Adventure
FR,France,By the Sea
US,United States of America,By the Sea
JP,Japan,Steamboy
US,United States of America,The Game of Their Lives
US,United States of America,All Good Things
US,United States of America,Rapa Nui
HK,Hong Kong,CJ7
FR,France,The Visitors II: The Corridors of Time
US,United States of America,Dylan Dog: Dead of Night
DE,Germany,People I Know
US,United States of America,People I Know
US,United States of America,ATL
US,United States of America,The Tempest
CA,Canada,Regression
ES,Spain,Regression
CN,China,Three Kingdoms: Resurrection of the Dragon
HK,Hong Kong,Three Kingdoms: Resurrection of the Dragon
KR,South Korea,Three Kingdoms: Resurrection of the Dragon
CA,Canada,Butterfly on a Wheel
GB,United Kingdom,Butterfly on a Wheel
US,United States of America,Butterfly on a Wheel
ZA,South Africa,Zambezia
BE,Belgium,Escobar: Paradise Lost
FR,France,Escobar: Paradise Lost
ES,Spain,Escobar: Paradise Lost
IN,India,Ramanujan
US,United States of America,Dwegons
PA,Panama,Hands of Stone
US,United States of America,Hands of Stone
GB,United Kingdom,Survivor
US,United States of America,Survivor
US,United States of America,The Frozen Ground
CA,Canada,The Painted Veil
CN,China,The Painted Veil
US,United States of America,The Painted Veil
CZ,Czech Republic,The Baader Meinhof Complex
FR,France,The Baader Meinhof Complex
DE,Germany,The Baader Meinhof Complex
GB,United Kingdom,Dances with Wolves
US,United States of America,Dances with Wolves
US,United States of America,Bad Teacher
US,United States of America,Sea of Love
CA,Canada,A Cinderella Story
US,United States of America,A Cinderella Story
US,United States of America,Scream
FR,France,United 93
GB,United Kingdom,United 93
US,United States of America,United 93
CA,Canada,Thir13en Ghosts
US,United States of America,Thir13en Ghosts
US,United States of America,The Shining
GB,United Kingdom,The Shining
US,United States of America,Back to the Future
US,United States of America,House on Haunted Hill
US,United States of America,I Can Do Bad All By Myself
US,United States of America,Fight Valley
US,United States of America,The Switch
DE,Germany,Just Married
US,United States of America,Just Married
NL,Netherlands,The Devil's Double
BE,Belgium,The Devil's Double
GB,United Kingdom,Thomas and the Magic Railroad
US,United States of America,Thomas and the Magic Railroad
US,United States of America,The Crazies
JP,Japan,Spirited Away
US,United States of America,The Fall of the Roman Empire
HK,Hong Kong,Firestorm
CN,China,Firestorm
US,United States of America,The Bounty
GB,United Kingdom,The Bounty
DE,Germany,The Book Thief
US,United States of America,The Book Thief
US,United States of America,Sex Drive
IE,Ireland,Leap Year
US,United States of America,Leap Year
US,United States of America,Take Me Home Tonight
DE,Germany,Take Me Home Tonight
US,United States of America,Won't Back Down
US,United States of America,The Nutcracker
US,United States of America,Kansas City
US,United States of America,Indignation
US,United States of America,The Amityville Horror
US,United States of America,Adaptation.
CA,Canada,Land of the Dead
FR,France,Land of the Dead
US,United States of America,Land of the Dead
HK,Hong Kong,Out of Inferno
CN,China,Out of Inferno
US,United States of America,Fear and Loathing in Las Vegas
US,United States of America,The Invention of Lying
US,United States of America,Neighbors
US,United States of America,The Exorcism of Emily Rose
US,United States of America,The Mask
US,United States of America,Big
US,United States of America,Borat: Cultural Learnings of America for Make Benefit Glorious Nation of Kazakhstan
US,United States of America,Legally Blonde
US,United States of America,Star Trek III: The Search for Spock
US,United States of America,Deuce Bigalow: Male Gigolo
US,United States of America,Left Behind
US,United States of America,The Family Stone
US,United States of America,Barbershop 2:  Back in Business
DE,Germany,Bad Santa
US,United States of America,Bad Santa
US,United States of America,Mean Girls
DE,Germany,Austin Powers: International Man of Mystery
US,United States of America,Austin Powers: International Man of Mystery
CA,Canada,My Big Fat Greek Wedding 2
US,United States of America,My Big Fat Greek Wedding 2
US,United States of America,Diary of a Wimpy Kid: Rodrick Rules
US,United States of America,Predator
US,United States of America,Amadeus
US,United States of America,Prom Night
IT,Italy,Under the Tuscan Sun
US,United States of America,Under the Tuscan Sun
DE,Germany,Gosford Park
GB,United Kingdom,Gosford Park
US,United States of America,Gosford Park
US,United States of America,Peggy Sue Got Married
US,United States of America,Birdman
US,United States of America,Blue Jasmine
US,United States of America,Honey
US,United States of America,Spy Hard
US,United States of America,The Fog
US,United States of America,Soul Surfer
US,United States of America,Catch-22
US,United States of America,Observe and Report
US,United States of America,Conan the Destroyer
US,United States of America,Raging Bull
CA,Canada,Love Happens
GB,United Kingdom,Love Happens
US,United States of America,Love Happens
US,United States of America,Young Sherlock Holmes
IE,Ireland,The Tailor of Panama
US,United States of America,The Tailor of Panama
US,United States of America,Fame
GB,United Kingdom,127 Hours
US,United States of America,127 Hours
US,United States of America,Small Time Crooks
US,United States of America,Center Stage
US,United States of America,Love the Coopers
US,United States of America,Catch That Kid
US,United States of America,Life as a House
US,United States of America,Steve Jobs
CA,Canada,"I Love You, Beth Cooper"
US,United States of America,"I Love You, Beth Cooper"
US,United States of America,Youth in Revolt
US,United States of America,The Legend of the Lone Ranger
US,United States of America,Blow Out
BG,Bulgaria,Getaway
US,United States of America,Getaway
FR,France,The Ice Storm
US,United States of America,The Ice Storm
US,United States of America,And So It Goes
US,United States of America,Ed Wood
US,United States of America,Labor Day
US,United States of America,Troop Beverly Hills
[],[],Being Julia
US,United States of America,Nine 1/2 Weeks
GB,United Kingdom,Dragonslayer
GB,United Kingdom,The Last Station
DE,Germany,The Last Station
RU,Russia,The Last Station
GB,United Kingdom,RockNRolla
HK,Hong Kong,Megaforce
US,United States of America,Megaforce
GB,United Kingdom,Hamlet
US,United States of America,Hamlet
AU,Australia,Mao's Last Dancer
US,United States of America,Midnight Special
GB,United Kingdom,Anything Else
NL,Netherlands,Anything Else
FR,France,Anything Else
AU,Australia,The Railway Man
GB,United Kingdom,The Railway Man
AT,Austria,The White Ribbon
FR,France,The White Ribbon
DE,Germany,The White Ribbon
IT,Italy,The White Ribbon
[],[],Restoration
US,United States of America,The Wraith
CA,Canada,The Wraith
FR,France,I Come with the Rain
HK,Hong Kong,I Come with the Rain
IE,Ireland,I Come with the Rain
ES,Spain,I Come with the Rain
GB,United Kingdom,I Come with the Rain
US,United States of America,Salton Sea
US,United States of America,Metallica: Through the Never
DE,Germany,The Informers
US,United States of America,The Informers
FR,France,Carlos
DE,Germany,Carlos
US,United States of America,Little Women
US,United States of America,One Man's Hero
MX,Mexico,One Man's Hero
ES,Spain,One Man's Hero
US,United States of America,Day of the Dead
JP,Japan,Day of the Dead
US,United States of America,I Am Wrath
FR,France,Renaissance
GB,United Kingdom,Renaissance
LU,Luxembourg,Renaissance
NL,Netherlands,Red Sonja
US,United States of America,Red Sonja
US,United States of America,Hoodwinked!
ES,Spain,Red Lights
US,United States of America,Red Lights
US,United States of America,Superbad
US,United States of America,Madea Goes to Jail
CA,Canada,Wolves
FR,France,Wolves
US,United States of America,Step Up 2: The Streets
GB,United Kingdom,Aliens
US,United States of America,Aliens
CA,Canada,Hotel Rwanda
GB,United Kingdom,Hotel Rwanda
US,United States of America,Hotel Rwanda
IT,Italy,Hotel Rwanda
ZA,South Africa,Hotel Rwanda
FR,France,Hitman
US,United States of America,Hitman
US,United States of America,Black Nativity
US,United States of America,The Prince
US,United States of America,City of Ghosts
ES,Spain,The Others
US,United States of America,The Others
FR,France,The Others
IT,Italy,The Others
US,United States of America,My Fair Lady
US,United States of America,I Know What You Did Last Summer
US,United States of America,Let's Be Cops
US,United States of America,Sideways
US,United States of America,Beerfest
US,United States of America,"McFarland, USA"
US,United States of America,Halloween
US,United States of America,Good Boy!
US,United States of America,The Best Man Holiday
FR,France,Smokin' Aces
GB,United Kingdom,Smokin' Aces
US,United States of America,Smokin' Aces
CA,Canada,Saw: The Final Chapter
US,United States of America,Saw: The Final Chapter
US,United States of America,40 Days and 40 Nights
FR,France,40 Days and 40 Nights
GB,United Kingdom,40 Days and 40 Nights
US,United States of America,A Night at the Roxbury
US,United States of America,Beastly
FR,France,The Hills Have Eyes
US,United States of America,The Hills Have Eyes
US,United States of America,Dickie Roberts: Former Child Star
US,United States of America,Pitch Perfect
US,United States of America,Summer Catch
US,United States of America,A Simple Plan
US,United States of America,They
US,United States of America,Larry the Cable Guy: Health Inspector
US,United States of America,The Adventures of Elmo in Grouchland
US,United States of America,Brooklyn's Finest
US,United States of America,55 Days at Peking
US,United States of America,Evil Dead
GR,Greece,My Life in Ruins
US,United States of America,My Life in Ruins
US,United States of America,American Dreamz
GB,United Kingdom,Superman IV: The Quest for Peace
US,United States of America,Superman IV: The Quest for Peace
CA,Canada,How She Move
FR,France,How She Move
US,United States of America,How She Move
DE,Germany,Running Scared
US,United States of America,Running Scared
US,United States of America,Bobby Jones: Stroke of Genius
GB,United Kingdom,Shanghai Surprise
CZ,Czech Republic,The Illusionist
US,United States of America,The Illusionist
US,United States of America,Roar
IE,Ireland,Veronica Guerin
GB,United Kingdom,Veronica Guerin
US,United States of America,Veronica Guerin
DE,Germany,Southland Tales
US,United States of America,Southland Tales
FR,France,Southland Tales
FR,France,Dragon Hunters
US,United States of America,Damnation Alley
US,United States of America,The Apparition
US,United States of America,My Girl
US,United States of America,Fur: An Imaginary Portrait of Diane Arbus
US,United States of America,Wall Street
GB,United Kingdom,Sense and Sensibility
US,United States of America,Sense and Sensibility
GB,United Kingdom,Becoming Jane
US,United States of America,Becoming Jane
US,United States of America,Sydney White
US,United States of America,House of Sand and Fog
US,United States of America,Dead Poets Society
US,United States of America,Dumb and Dumber
US,United States of America,When Harry Met Sally...
US,United States of America,The Verdict
US,United States of America,The Texas Chainsaw Massacre: The Beginning
US,United States of America,Road Trip
US,United States of America,Varsity Blues
BE,Belgium,The Artist
FR,France,The Artist
US,United States of America,The Unborn
US,United States of America,Moonrise Kingdom
US,United States of America,The Young Messiah
US,United States of America,The Master of Disguise
ES,Spain,Pan's Labyrinth
US,United States of America,Pan's Labyrinth
MX,Mexico,Pan's Labyrinth
AU,Australia,See Spot Run
US,United States of America,See Spot Run
US,United States of America,Baby Boy
US,United States of America,The Roommate
US,United States of America,Joe Dirt
US,United States of America,Double Impact
GB,United Kingdom,Hot Fuzz
US,United States of America,The Women
US,United States of America,Madison
US,United States of America,Vicky Cristina Barcelona
ES,Spain,Vicky Cristina Barcelona
SE,Sweden,Arn: The Knight Templar
US,United States of America,Boys and Girls
DE,Germany,White Oleander
US,United States of America,White Oleander
US,United States of America,Jennifer's Body
US,United States of America,Drowning Mona
US,United States of America,Radio Days
US,United States of America,Remember Me
US,United States of America,How to Deal
US,United States of America,My Stepmother is an Alien
US,United States of America,Philadelphia
US,United States of America,The Thirteenth Floor
US,United States of America,The Cookout
US,United States of America,Meteor
US,United States of America,Duets
US,United States of America,Hollywood Ending
US,United States of America,Detroit Rock City
GB,United Kingdom,Highlander
US,United States of America,Highlander
US,United States of America,Things We Lost in the Fire
US,United States of America,Steel
US,United States of America,The Immigrant
CN,China,The White Countess
DE,Germany,The White Countess
RU,Russia,The White Countess
GB,United Kingdom,The White Countess
US,United States of America,The White Countess
GB,United Kingdom,Trance
FR,France,Trance
US,United States of America,Soul Plane
FR,France,Welcome to the Sticks
DE,Germany,Good
GB,United Kingdom,Good
CA,Canada,Ararat
FR,France,Ararat
CA,Canada,Enter the Void
FR,France,Enter the Void
DE,Germany,Enter the Void
IT,Italy,Enter the Void
US,United States of America,Vamps
GB,United Kingdom,Hachi: A Dog's Tale
US,United States of America,Hachi: A Dog's Tale
ZA,South Africa,Zulu
FR,France,Zulu
FR,France,The Homesman
US,United States of America,The Homesman
US,United States of America,Juwanna Mann
US,United States of America,Slow Burn
JP,Japan,Wasabi
FR,France,Wasabi
CA,Canada,Slither
US,United States of America,Slither
US,United States of America,Beverly Hills Cop
US,United States of America,Home Alone
US,United States of America,Three Men and a Baby
US,United States of America,Tootsie
CN,China,"Crouching Tiger, Hidden Dragon"
HK,Hong Kong,"Crouching Tiger, Hidden Dragon"
TW,Taiwan,"Crouching Tiger, Hidden Dragon"
US,United States of America,"Crouching Tiger, Hidden Dragon"
US,United States of America,American Beauty
GB,United Kingdom,The King's Speech
US,United States of America,Twins
US,United States of America,The Yellow Handkerchief
GB,United Kingdom,Diary of a Wimpy Kid
US,United States of America,Diary of a Wimpy Kid
US,United States of America,The Color Purple
KR,South Korea,Tidal Wave
GB,United Kingdom,The Imitation Game
US,United States of America,Private Benjamin
US,United States of America,Coal Miner's Daughter
ES,Spain,Mama
CA,Canada,Mama
US,United States of America,National Lampoon's Vacation
US,United States of America,Bad Grandpa
FR,France,The Queen
IT,Italy,The Queen
GB,United Kingdom,The Queen
US,United States of America,The Queen
US,United States of America,Beetlejuice
US,United States of America,Why Did I Get Married?
CA,Canada,The Woman in Black
SE,Sweden,The Woman in Black
GB,United Kingdom,The Woman in Black
US,United States of America,When a Stranger Calls
US,United States of America,Big Fat Liar
GB,United Kingdom,The Deer Hunter
US,United States of America,The Deer Hunter
US,United States of America,Wag the Dog
US,United States of America,Not Another Teen Movie
US,United States of America,The Lizzie McGuire Movie
US,United States of America,Snitch
AE,United Arab Emirates,Snitch
US,United States of America,Krampus
US,United States of America,The Faculty
US,United States of America,What's Love Got to Do with It
US,United States of America,Cop Land
US,United States of America,End of Watch
CA,Canada,The Skulls
US,United States of America,The Skulls
GB,United Kingdom,The Theory of Everything
US,United States of America,Malibu's Most Wanted
US,United States of America,Where the Heart Is
GB,United Kingdom,Lawrence of Arabia
US,United States of America,Halloween II
US,United States of America,Wild
US,United States of America,The Last House on the Left
US,United States of America,The Wedding Date
US,United States of America,Halloween: Resurrection
US,United States of America,The Princess Bride
US,United States of America,The Great Debaters
US,United States of America,Drive
DE,Germany,Confessions of a Teenage Drama Queen
US,United States of America,Confessions of a Teenage Drama Queen
US,United States of America,The Object of My Affection
ES,Spain,28 Weeks Later
GB,United Kingdom,28 Weeks Later
US,United States of America,When the Game Stands Tall
US,United States of America,Because of Winn-Dixie
US,United States of America,Love & Basketball
US,United States of America,Grosse Pointe Blank
US,United States of America,All About Steve
GB,United Kingdom,Brazil
US,United States of America,Book of Shadows: Blair Witch 2
US,United States of America,The Craft
IE,Ireland,Match Point
LU,Luxembourg,Match Point
RU,Russia,Match Point
GB,United Kingdom,Match Point
US,United States of America,Match Point
US,United States of America,Ramona and Beezus
GB,United Kingdom,The Remains of the Day
US,United States of America,The Remains of the Day
US,United States of America,Boogie Nights
US,United States of America,The In Crowd
US,United States of America,Nowhere to Run
GB,United Kingdom,Flicka
US,United States of America,Flicka
US,United States of America,The Hills Have Eyes 2
CA,Canada,Urban Legends: Final Cut
US,United States of America,Urban Legends: Final Cut
US,United States of America,Tuck Everlasting
US,United States of America,The Marine
US,United States of America,Keanu
US,United States of America,Country Strong
AU,Australia,Disturbing Behavior
US,United States of America,Disturbing Behavior
US,United States of America,The Place Beyond the Pines
GB,United Kingdom,The November Man
US,United States of America,The November Man
AU,Australia,Eye of the Beholder
CA,Canada,Eye of the Beholder
GB,United Kingdom,Eye of the Beholder
US,United States of America,The Hurt Locker
US,United States of America,Firestarter
US,United States of America,Killing Them Softly
GB,United Kingdom,A Most Wanted Man
US,United States of America,A Most Wanted Man
DE,Germany,A Most Wanted Man
US,United States of America,The Collection
US,United States of America,Freddy Got Fingered
US,United States of America,VeggieTales: The Pirates Who Don't Do Anything
US,United States of America,U2 3D
US,United States of America,Highlander: Endgame
US,United States of America,Idlewild
GB,United Kingdom,One Day
US,United States of America,One Day
US,United States of America,Whip It
US,United States of America,Knockaround Guys
CA,Canada,Confidence
DE,Germany,Confidence
US,United States of America,Confidence
US,United States of America,The Muse
US,United States of America,The Three Burials of Melquiades Estrada
FR,France,The Three Burials of Melquiades Estrada
GB,United Kingdom,De-Lovely
US,United States of America,De-Lovely
US,United States of America,New York Stories
US,United States of America,Barney's Great Adventure
HK,Hong Kong,The Man with the Iron Fists
US,United States of America,The Man with the Iron Fists
US,United States of America,Home Fries
US,United States of America,Here On Earth
US,United States of America,Raise Your Voice
GB,United Kingdom,The Big Lebowski
US,United States of America,The Big Lebowski
US,United States of America,Black Snake Moan
DE,Germany,Dark Blue
GB,United Kingdom,Dark Blue
US,United States of America,Dark Blue
AT,Austria,All The Queen's Men
HU,Hungary,All The Queen's Men
FR,France,A Mighty Heart
GB,United Kingdom,A Mighty Heart
PK,Pakistan,A Mighty Heart
US,United States of America,A Mighty Heart
US,United States of America,Whatever It Takes
DE,Germany,Boat Trip
US,United States of America,Boat Trip
FR,France,The Importance of Being Earnest
GB,United Kingdom,The Importance of Being Earnest
US,United States of America,The Importance of Being Earnest
[],[],The Love Letter
US,United States of America,Hoot
GB,United Kingdom,In Bruges
US,United States of America,In Bruges
US,United States of America,Peeples
US,United States of America,The Rocker
US,United States of America,Post Grad
AE,United Arab Emirates,Promised Land
US,United States of America,Promised Land
FR,France,Whatever Works
US,United States of America,Whatever Works
FR,France,Jakob the Liar
HU,Hungary,Jakob the Liar
US,United States of America,Jakob the Liar
US,United States of America,Kiss Kiss Bang Bang
US,United States of America,Idle Hands
FR,France,Mulholland Drive
US,United States of America,Mulholland Drive
RO,Romania,Blood and Chocolate
DE,Germany,Blood and Chocolate
GB,United Kingdom,Blood and Chocolate
US,United States of America,Blood and Chocolate
US,United States of America,You Will Meet a Tall Dark Stranger
ES,Spain,You Will Meet a Tall Dark Stranger
GB,United Kingdom,Never Let Me Go
US,United States of America,Never Let Me Go
[],[],The Company
DE,Germany,Transsiberian
ES,Spain,Transsiberian
GB,United Kingdom,Transsiberian
LT,Lithuania,Transsiberian
US,United States of America,The Clan of the Cave Bear
US,United States of America,Crazy in Alabama
AT,Austria,Funny Games
FR,France,Funny Games
DE,Germany,Funny Games
IT,Italy,Funny Games
GB,United Kingdom,Funny Games
US,United States of America,Funny Games
US,United States of America,Listening
KH,Cambodia,Listening
CA,Canada,Felicia's Journey
GB,United Kingdom,Felicia's Journey
DE,Germany,Metropolis
FR,France,District B13
US,United States of America,Things to Do in Denver When You're Dead
CN,China,The Assassin
FR,France,The Assassin
HK,Hong Kong,The Assassin
TW,Taiwan,The Assassin
DE,Germany,Buffalo Soldiers
GB,United Kingdom,Buffalo Soldiers
US,United States of America,Buffalo Soldiers
RU,Russia,The Return
FR,France,Sarah's Key
TH,Thailand,Ong Bak 2
FR,France,Centurion
GB,United Kingdom,Centurion
CA,Canada,Silent Trigger
GB,United Kingdom,Silent Trigger
US,United States of America,The Midnight Meat Train
[],[],Winnie Mandela
US,United States of America,The Son of No One
DE,Germany,The Good Night
GB,United Kingdom,The Good Night
US,United States of America,The Good Night
CZ,Czech Republic,Bathory: Countess of Blood
HU,Hungary,Bathory: Countess of Blood
SK,Slovakia,Bathory: Countess of Blood
GB,United Kingdom,Bathory: Countess of Blood
ZA,South Africa,Khumba
ES,Spain,Automata
DE,Germany,Dungeons & Dragons: Wrath of the Dragon God
GB,United Kingdom,Dungeons & Dragons: Wrath of the Dragon God
US,United States of America,Dungeons & Dragons: Wrath of the Dragon God
IT,Italy,Chiamatemi Francesco - Il Papa della gente
HK,Hong Kong,Shinjuku Incident
GB,United Kingdom,Pandaemonium
US,United States of America,Groundhog Day
US,United States of America,Magic Mike XXL
US,United States of America,Romeo + Juliet
CA,Canada,Superstar
US,United States of America,Freedom
US,United States of America,Unforgiven
DK,Denmark,Manderlay
FR,France,Manderlay
DE,Germany,Manderlay
IT,Italy,Manderlay
NL,Netherlands,Manderlay
SE,Sweden,Manderlay
GB,United Kingdom,Manderlay
IN,India,Slumdog Millionaire
GB,United Kingdom,Slumdog Millionaire
US,United States of America,Slumdog Millionaire
US,United States of America,Fatal Attraction
GB,United Kingdom,Tea with Mussolini
IT,Italy,Tea with Mussolini
US,United States of America,Pretty Woman
AU,Australia,Crocodile Dundee II
US,United States of America,Crocodile Dundee II
US,United States of America,Broken Horses
US,United States of America,Born on the Fourth of July
US,United States of America,Cool Runnings
US,United States of America,My Bloody Valentine
US,United States of America,Stomp the Yard
GB,United Kingdom,The Spy Who Loved Me
US,United States of America,The Spy Who Loved Me
CA,Canada,Urban Legend
FR,France,Urban Legend
US,United States of America,Urban Legend
US,United States of America,Good Deeds
US,United States of America,White Fang
FR,France,The Iron Lady
GB,United Kingdom,The Iron Lady
US,United States of America,Jonah: A VeggieTales Movie
US,United States of America,Poetic Justice
US,United States of America,All About the Benjamins
US,United States of America,Vampire in Brooklyn
US,United States of America,Exorcist II: The Heretic
GB,United Kingdom,An American Haunting
US,United States of America,An American Haunting
US,United States of America,My Boss's Daughter
US,United States of America,A Perfect Getaway
US,United States of America,Our Family Wedding
US,United States of America,Dead Man on Campus
US,United States of America,Thinner
US,United States of America,"New York, New York"
US,United States of America,Crooklyn
IN,India,I Think I Love My Wife
US,United States of America,I Think I Love My Wife
US,United States of America,The Caveman's Valentine
US,United States of America,Jason X
US,United States of America,Bobby
US,United States of America,Head Over Heels
US,United States of America,Fun Size
FR,France,The Diving Bell and the Butterfly
US,United States of America,The Diving Bell and the Butterfly
US,United States of America,Little Children
US,United States of America,Gossip
AU,Australia,A Walk on the Moon
US,United States of America,A Walk on the Moon
FR,France,Catch a Fire
GB,United Kingdom,Catch a Fire
US,United States of America,Catch a Fire
ZA,South Africa,Catch a Fire
US,United States of America,Soul Survivors
US,United States of America,Jefferson in Paris
US,United States of America,The Funeral
CA,Canada,Easy Virtue
GB,United Kingdom,Easy Virtue
US,United States of America,Caravans
GB,United Kingdom,Mr. Turner
FR,France,Wild Grass
IT,Italy,Wild Grass
FR,France,Amen.
DE,Germany,Amen.
RO,Romania,Amen.
CN,China,Reign of Assassins
TW,Taiwan,Reign of Assassins
HK,Hong Kong,Reign of Assassins
US,United States of America,The Lucky Ones
US,United States of America,Margaret
CA,Canada,Stan Helsing
US,United States of America,Stan Helsing
US,United States of America,Flipped
CA,Canada,Brokeback Mountain
US,United States of America,Brokeback Mountain
US,United States of America,Think Like a Man
US,United States of America,Clueless
US,United States of America,Far from Heaven
US,United States of America,Hot Tub Time Machine 2
DE,Germany,Quills
GB,United Kingdom,Quills
US,United States of America,Quills
GB,United Kingdom,Seven Psychopaths
US,United States of America,Act of Valor
AT,Austria,Downfall
DE,Germany,Downfall
IT,Italy,Downfall
ES,Spain,The Sea Inside
FR,France,The Sea Inside
IT,Italy,The Sea Inside
GB,United Kingdom,Under the Skin
CH,Switzerland,Under the Skin
US,United States of America,Under the Skin
US,United States of America,"Good Morning, Vietnam"
[],[],The Last Godfather
US,United States of America,Step Up
US,United States of America,Justin Bieber: Never Say Never
US,United States of America,Black Swan
US,United States of America,The Godfather: Part II
US,United States of America,Save the Last Dance
US,United States of America,A Nightmare on Elm Street 4: The Dream Master
US,United States of America,Baby Geniuses
US,United States of America,Miracles from Heaven
US,United States of America,"Dude, Where’s My Car?"
US,United States of America,Young Guns
US,United States of America,St. Vincent
US,United States of America,About Last Night
US,United States of America,10 Things I Hate About You
US,United States of America,The New Guy
US,United States of America,National Lampoon's Loaded Weapon 1
US,United States of America,The Shallows
CA,Canada,The Butterfly Effect
US,United States of America,The Butterfly Effect
US,United States of America,Snow Day
US,United States of America,This Christmas
US,United States of America,21 & Over
US,United States of America,The Big Hit
US,United States of America,Harriet the Spy
US,United States of America,Child's Play 2
US,United States of America,No Good Deed
US,United States of America,The Mist
GB,United Kingdom,Ex Machina
US,United States of America,Beavis and Butt-Head Do America
US,United States of America,Being John Malkovich
US,United States of America,Two Can Play That Game
US,United States of America,Earth to Echo
US,United States of America,Crazy/Beautiful
JP,Japan,Letters from Iwo Jima
US,United States of America,Letters from Iwo Jima
US,United States of America,Teacher's Pet
US,United States of America,The Astronaut Farmer
US,United States of America,Woo
CA,Canada,Room
IE,Ireland,Room
CA,Canada,Dirty Work
US,United States of America,Dirty Work
US,United States of America,Serial Mom
FR,France,"Paris, je t'aime"
CA,Canada,Dick
FR,France,Dick
US,United States of America,Dick
US,United States of America,Light It Up
US,United States of America,54
US,United States of America,Bubble Boy
GB,United Kingdom,Birthday Girl
US,United States of America,Birthday Girl
US,United States of America,Resurrecting the Champ
US,United States of America,Admission
FR,France,The Widow of Saint-Pierre
CA,Canada,The Widow of Saint-Pierre
FR,France,Chloe
US,United States of America,Chloe
CA,Canada,Chloe
GB,United Kingdom,The Claim
CA,Canada,The Claim
FR,France,The Claim
US,United States of America,Faithful
DE,Germany,Find Me Guilty
US,United States of America,Find Me Guilty
US,United States of America,The Perks of Being a Wallflower
US,United States of America,Excessive Force
US,United States of America,Infamous
US,United States of America,The Vatican Tapes
US,United States of America,In the Land of Blood and Honey
US,United States of America,The Call
KR,South Korea,Operation Chromite
AU,Australia,The Crocodile Hunter: Collision Course
US,United States of America,The Crocodile Hunter: Collision Course
DE,Germany,Crash
US,United States of America,Crash
US,United States of America,I Love You Phillip Morris
CA,Canada,Quest for Fire
FR,France,Quest for Fire
US,United States of America,Quest for Fire
US,United States of America,Antwone Fisher
US,United States of America,The Emperor's Club
US,United States of America,True Romance
[],[],Blood Done Sign My Name
DE,Germany,Womb
FR,France,Womb
HU,Hungary,Womb
US,United States of America,Glengarry Glen Ross
US,United States of America,The Killer Inside Me
US,United States of America,Cat People
US,United States of America,Sorority Row
US,United States of America,Def Jam's How to Be a Player
US,United States of America,The Prisoner of Zenda
US,United States of America,Lars and the Real Girl
GB,United Kingdom,The Boy in the Striped Pyjamas
US,United States of America,The Boy in the Striped Pyjamas
AR,Argentina,Dancer in the Dark
DK,Denmark,Dancer in the Dark
FI,Finland,Dancer in the Dark
FR,France,Dancer in the Dark
DE,Germany,Dancer in the Dark
IS,Iceland,Dancer in the Dark
IT,Italy,Dancer in the Dark
NL,Netherlands,Dancer in the Dark
NO,Norway,Dancer in the Dark
SE,Sweden,Dancer in the Dark
GB,United Kingdom,Dancer in the Dark
US,United States of America,Dancer in the Dark
AU,Australia,Oscar and Lucinda
GB,United Kingdom,Oscar and Lucinda
US,United States of America,Oscar and Lucinda
US,United States of America,Solitary Man
US,United States of America,Machete
CA,Canada,Casino Jack
IE,Ireland,The Land Before Time
US,United States of America,The Land Before Time
KR,South Korea,Tae Guk Gi: The Brotherhood of War
US,United States of America,The Perfect Game
US,United States of America,The Exorcist
US,United States of America,Jaws
US,United States of America,American Pie
BE,Belgium,Ernest & Celestine
FR,France,Ernest & Celestine
LU,Luxembourg,Ernest & Celestine
US,United States of America,The Golden Child
US,United States of America,Barbershop
US,United States of America,Star Trek II: The Wrath of Khan
US,United States of America,Ace Ventura: Pet Detective
US,United States of America,WarGames
US,United States of America,Witness
US,United States of America,Jackie Brown
US,United States of America,Harold & Kumar Escape from Guantanamo Bay
US,United States of America,Chronicle
GB,United Kingdom,Yentl
US,United States of America,Yentl
GB,United Kingdom,Time Bandits
US,United States of America,Crossroads
US,United States of America,Project X
US,United States of America,Patton
US,United States of America,One Hour Photo
US,United States of America,Quarantine
US,United States of America,The Eye
US,United States of America,Johnson Family Vacation
US,United States of America,How High
US,United States of America,The Muppet Christmas Carol
MX,Mexico,Frida
US,United States of America,Frida
CA,Canada,Frida
US,United States of America,Katy Perry: Part of Me
US,United States of America,The Fault in Our Stars
US,United States of America,Rounders
US,United States of America,Top Five
US,United States of America,Prophecy
US,United States of America,Stir of Echoes
DE,Germany,Das Boot
GB,United Kingdom,Philomena
US,United States of America,The Upside of Anger
GB,United Kingdom,The Boys from Brazil
US,United States of America,The Boys from Brazil
AU,Australia,Aquamarine
US,United States of America,Aquamarine
US,United States of America,E.T. the Extra-Terrestrial
US,United States of America,Paper Towns
US,United States of America,My Baby's Daddy
US,United States of America,Nebraska
US,United States of America,Tales from the Crypt: Demon Knight
US,United States of America,Max Keeble's Big Move
US,United States of America,Young Adult
US,United States of America,Crank
US,United States of America,Living Out Loud
US,United States of America,Just Wright
US,United States of America,Rachel Getting Married
DE,Germany,The Postman Always Rings Twice
US,United States of America,The Postman Always Rings Twice
GB,United Kingdom,Girl with a Pearl Earring
LU,Luxembourg,Girl with a Pearl Earring
US,United States of America,Sorority Boys
GB,United Kingdom,About Time
CN,China,House of Flying Daggers
HK,Hong Kong,House of Flying Daggers
US,United States of America,Arbitrage
US,United States of America,Project Almanac
US,United States of America,Cadillac Records
[],[],Screwed
AU,Australia,Fortress
US,United States of America,Fortress
US,United States of America,For Your Consideration
US,United States of America,Celebrity
US,United States of America,Running with Scissors
US,United States of America,From Justin to Kelly
US,United States of America,Motherhood
US,United States of America,Girl 6
AU,Australia,In the Cut
US,United States of America,In the Cut
FR,France,Two Lovers
US,United States of America,Two Lovers
DE,Germany,Last Orders
GB,United Kingdom,Last Orders
KR,South Korea,The Host
US,United States of America,The Pursuit of D.B. Cooper
CZ,Czech Republic,Ravenous
GB,United Kingdom,Ravenous
US,United States of America,Ravenous
US,United States of America,Charlie Bartlett
IT,Italy,The Great Beauty
US,United States of America,The Dangerous Lives of Altar Boys
US,United States of America,Stoker
DE,Germany,2046
HK,Hong Kong,2046
CN,China,2046
FR,France,2046
IT,Italy,2046
CA,Canada,Married Life
US,United States of America,Married Life
ZA,South Africa,Duma
IE,Ireland,Ondine
US,United States of America,Ondine
GB,United Kingdom,Brother
JP,Japan,Brother
US,United States of America,Brother
CA,Canada,The Blue Butterfly
DE,Germany,Welcome to Collinwood
US,United States of America,Welcome to Collinwood
US,United States of America,Critical Care
AU,Australia,Critical Care
US,United States of America,The Life Before Her Eyes
US,United States of America,Darling Companion
DE,Germany,Trade
US,United States of America,Trade
HU,Hungary,Fateless
DE,Germany,Fateless
GB,United Kingdom,Fateless
IL,Israel,Fateless
US,United States of America,Breakfast of Champions
CN,China,"A Woman, a Gun and a Noodle Shop"
US,United States of America,Cypher
US,United States of America,Bill & Ted's Excellent Adventure
CN,China,City of Life and Death
HK,Hong Kong,City of Life and Death
[],[],Legend of a Rabbit
JP,Japan,Space Battleship Yamato
US,United States of America,5 Days of War
AU,Australia,Triangle
GB,United Kingdom,Triangle
US,United States of America,10 Days in a Madhouse
US,United States of America,Heaven is for Real
GB,United Kingdom,Snatch
US,United States of America,Snatch
US,United States of America,Dancin' It's On
US,United States of America,Pet Sematary
JP,Japan,Madadayo
CA,Canada,The Cry of the Owl
DE,Germany,The Cry of the Owl
FR,France,The Cry of the Owl
GB,United Kingdom,The Cry of the Owl
HK,Hong Kong,A Tale of Three Cities
CN,China,A Tale of Three Cities
US,United States of America,Gremlins
US,United States of America,Jackass Number Two
US,United States of America,Star Wars
US,United States of America,Dirty Grandpa
IT,Italy,Doctor Zhivago
US,United States of America,Doctor Zhivago
BR,Brazil,Trash
GB,United Kingdom,Trash
US,United States of America,High School Musical 3: Senior Year
US,United States of America,The Fighter
US,United States of America,My Cousin Vinny
US,United States of America,If I Stay
AU,Australia,Drive Hard
CA,Canada,Drive Hard
US,United States of America,Major League
GB,United Kingdom,St. Trinian's
US,United States of America,Phone Booth
US,United States of America,A Walk to Remember
US,United States of America,Dead Man Walking
GB,United Kingdom,Dead Man Walking
US,United States of America,Cruel Intentions
AU,Australia,Saw VI
CA,Canada,Saw VI
GB,United Kingdom,Saw VI
US,United States of America,Saw VI
CA,Canada,Brooklyn
IE,Ireland,Brooklyn
US,United States of America,History of the World: Part I
US,United States of America,The Secret Life of Bees
US,United States of America,Corky Romano
US,United States of America,Raising Cain
US,United States of America,F.I.S.T.
US,United States of America,Invaders from Mars
GB,United Kingdom,Barry Lyndon
US,United States of America,Barry Lyndon
US,United States of America,Out Cold
US,United States of America,The Ladies Man
GB,United Kingdom,Quartet
US,United States of America,Tomcats
DE,Germany,Frailty
IT,Italy,Frailty
US,United States of America,Frailty
GB,United Kingdom,Woman in Gold
US,United States of America,Woman in Gold
DE,Germany,Kinsey
US,United States of America,Kinsey
US,United States of America,Army of Darkness
CA,Canada,Slackers
US,United States of America,Slackers
US,United States of America,What's Eating Gilbert Grape
CA,Canada,The Visual Bible: The Gospel of John
GB,United Kingdom,The Visual Bible: The Gospel of John
GB,United Kingdom,Vera Drake
FR,France,Vera Drake
FR,France,The Guru
GB,United Kingdom,The Guru
US,United States of America,The Guru
US,United States of America,The Perez Family
US,United States of America,O
FJ,Fiji,Return to the Blue Lagoon
US,United States of America,The Molly Maguires
US,United States of America,Romance & Cigarettes
US,United States of America,The Boy
CN,China,The Boy
CA,Canada,The Boy
DE,Germany,Copying Beethoven
US,United States of America,Copying Beethoven
GB,United Kingdom,Brighton Rock
US,United States of America,Saw V
IT,Italy,Machine Gun McCain
US,United States of America,LOL
US,United States of America,In the Land of Women
AU,Australia,Jindabyne
IN,India,Kabhi Alvida Naa Kehna
GB,United Kingdom,An Ideal Husband
US,United States of America,An Ideal Husband
IE,Ireland,The Last Days on Mars
GB,United Kingdom,The Last Days on Mars
ES,Spain,Darkness
US,United States of America,Darkness
US,United States of America,2001: A Space Odyssey
GB,United Kingdom,2001: A Space Odyssey
US,United States of America,There Goes My Baby
IN,India,Housefull
CA,Canada,September Dawn
MX,Mexico,For Greater Glory - The True Story of Cristiada
FR,France,The Bélier Family
CA,Canada,Good Will Hunting
US,United States of America,Good Will Hunting
US,United States of America,Devil
US,United States of America,Misconduct
US,United States of America,Saw III
US,United States of America,Stripes
US,United States of America,Bring It On
FR,France,The Purge: Election Year
US,United States of America,The Purge: Election Year
US,United States of America,Sinister 2
US,United States of America,She's All That
US,United States of America,Saw IV
CA,Canada,White Noise
GB,United Kingdom,White Noise
US,United States of America,White Noise
US,United States of America,Madea's Family Reunion
US,United States of America,The Color of Money
US,United States of America,The Longest Day
US,United States of America,The Mighty Ducks
JP,Japan,The Grudge
US,United States of America,The Grudge
US,United States of America,Happy Gilmore
DE,Germany,Jeepers Creepers
US,United States of America,Jeepers Creepers
US,United States of America,Body Double
GB,United Kingdom,Oliver!
AE,United Arab Emirates,The Best Exotic Marigold Hotel
GB,United Kingdom,The Best Exotic Marigold Hotel
US,United States of America,The Best Exotic Marigold Hotel
US,United States of America,Recess: School's Out
AU,Australia,Mad Max Beyond Thunderdome
US,United States of America,Commando
US,United States of America,Friday After Next
CA,Canada,Insidious: Chapter 3
US,United States of America,Insidious: Chapter 3
US,United States of America,The Last Dragon
GB,United Kingdom,The Lawnmower Man
JP,Japan,The Lawnmower Man
US,United States of America,The Lawnmower Man
US,United States of America,Nick and Norah's Infinite Playlist
US,United States of America,Dogma
US,United States of America,The Banger Sisters
US,United States of America,Twilight Zone: The Movie
US,United States of America,Road House
US,United States of America,A Low Down Dirty Shame
US,United States of America,Swimfan
US,United States of America,American History X
US,United States of America,Employee of the Month
US,United States of America,Can't Hardly Wait
US,United States of America,The Outsiders
US,United States of America,Pete's Dragon
US,United States of America,The Dead Zone
US,United States of America,Sparkle
US,United States of America,Valentine
US,United States of America,The Fourth Kind
US,United States of America,A Prairie Home Companion
US,United States of America,Sugar Hill
US,United States of America,Invasion U.S.A.
US,United States of America,Roll Bounce
US,United States of America,Rushmore
US,United States of America,Skyline
GB,United Kingdom,The Second Best Exotic Marigold Hotel
US,United States of America,The Second Best Exotic Marigold Hotel
US,United States of America,Kit Kittredge: An American Girl
US,United States of America,The Perfect Man
US,United States of America,Mo' Better Blues
HK,Hong Kong,Kung Pow: Enter the Fist
US,United States of America,Kung Pow: Enter the Fist
US,United States of America,Tremors
DE,Germany,Wrong Turn
US,United States of America,Wrong Turn
US,United States of America,The Long Riders
US,United States of America,The Corruptor
US,United States of America,Mud
US,United States of America,Reno 911!: Miami
US,United States of America,One Direction: This Is Us
US,United States of America,"The Goods: Live Hard, Sell Hard"
US,United States of America,Hey Arnold! The Movie
GB,United Kingdom,My Week with Marilyn
DE,Germany,The Matador
US,United States of America,The Matador
US,United States of America,Love Jones
US,United States of America,The Gift
US,United States of America,End of the Spear
US,United States of America,Get Over It
US,United States of America,Office Space
US,United States of America,Drop Dead Gorgeous
CA,Canada,Big Eyes
US,United States of America,Big Eyes
US,United States of America,Very Bad Things
US,United States of America,Sleepover
US,United States of America,MacGruber
GB,United Kingdom,Dirty Pretty Things
US,United States of America,Movie 43
US,United States of America,Over Her Dead Body
US,United States of America,Seeking a Friend for the End of the World
US,United States of America,Cedar Rapids
CA,Canada,The Red Violin
IT,Italy,The Red Violin
GB,United Kingdom,The Red Violin
US,United States of America,The Straight Story
DE,Germany,Deuces Wild
US,United States of America,Deuces Wild
US,United States of America,Bad Words
GB,United Kingdom,"Run, Fatboy, Run"
US,United States of America,Heartbeeps
US,United States of America,Black or White
US,United States of America,On the Line
US,United States of America,Rescue Dawn
US,United States of America,Danny Collins
US,United States of America,"Jeff, Who Lives at Home"
IT,Italy,I Am Love
US,United States of America,Atlas Shrugged Part II
GB,United Kingdom,Romeo Is Bleeding
US,United States of America,Romeo Is Bleeding
US,United States of America,The Limey
GB,United Kingdom,The House of Mirth
FR,France,The House of Mirth
DE,Germany,The House of Mirth
US,United States of America,The House of Mirth
US,United States of America,Malone
DE,Germany,Peaceful Warrior
US,United States of America,Peaceful Warrior
US,United States of America,Bucky Larson: Born to Be a Star
US,United States of America,Bamboozled
US,United States of America,The Forest
NL,Netherlands,Sphinx
US,United States of America,Sphinx
US,United States of America,While We're Young
US,United States of America,A Better Life
CA,Canada,Spider
GB,United Kingdom,Spider
US,United States of America,Gun Shy
GB,United Kingdom,Nicholas Nickleby
US,United States of America,Nicholas Nickleby
US,United States of America,City Island
US,United States of America,The Iceman
[],[],Krrish
FR,France,Cecil B. Demented
US,United States of America,Cecil B. Demented
US,United States of America,Killer Joe
US,United States of America,The Joneses
CA,Canada,Owning Mahowny
GB,United Kingdom,Owning Mahowny
US,United States of America,The Brothers Solomon
CN,China,My Blueberry Nights
FR,France,My Blueberry Nights
HK,Hong Kong,My Blueberry Nights
ES,Spain,Illuminata
US,United States of America,Illuminata
JP,Japan,Illuminata
IT,Italy,Swept Away
GB,United Kingdom,Swept Away
US,United States of America,The Betrayed
BG,Bulgaria,"War, Inc."
CN,China,Shaolin Soccer
HK,Hong Kong,Shaolin Soccer
FR,France,The Brown Bunny
JP,Japan,The Brown Bunny
US,United States of America,The Brown Bunny
FR,France,The Swindle
CH,Switzerland,The Swindle
US,United States of America,Rosewater
FR,France,The Chambermaid on the Titanic
IT,Italy,The Chambermaid on the Titanic
DE,Germany,The Chambermaid on the Titanic
ES,Spain,The Chambermaid on the Titanic
IT,Italy,Coriolanus
CS,Serbia and Montenegro,Coriolanus
US,United States of America,Coriolanus
BE,Belgium,Imaginary Heroes
DE,Germany,Imaginary Heroes
US,United States of America,Imaginary Heroes
GB,United Kingdom,High Heels and Low Lifes
US,United States of America,High Heels and Low Lifes
US,United States of America,World's Greatest Dad
GB,United Kingdom,Severance
DE,Germany,Severance
HU,Hungary,Severance
US,United States of America,Edmond
US,United States of America,Welcome to the Rileys
US,United States of America,Police Academy: Mission to Moscow
MX,Mexico,Cinco de Mayo: La Batalla
US,United States of America,Elsa & Fred
US,United States of America,"An Alan Smithee Film: Burn, Hollywood, Burn"
[],[],The Open Road
US,United States of America,The Good Guy
CA,Canada,Free Style
AU,Australia,Strangerland
US,United States of America,Janky Promoters
US,United States of America,Blonde Ambition
ES,Spain,The Oxford Murders
FR,France,The Oxford Murders
GB,United Kingdom,The Oxford Murders
AU,Australia,The Reef
DE,Germany,Eulogy
GB,United Kingdom,Eulogy
US,United States of America,Eulogy
CA,Canada,White Noise 2: The Light
US,United States of America,White Noise 2: The Light
CA,Canada,Beat the World
CA,Canada,Fifty Dead Men Walking
GB,United Kingdom,Fifty Dead Men Walking
MX,Mexico,Jungle Shuffle
KR,South Korea,Jungle Shuffle
DE,Germany,Adam Resurrected
IL,Israel,Adam Resurrected
US,United States of America,Adam Resurrected
NO,Norway,Of Horses and Men
IS,Iceland,Of Horses and Men
GB,United Kingdom,It's a Wonderful Afterlife
US,United States of America,The Devil's Tomb
CA,Canada,Partition
ZA,South Africa,Partition
GB,United Kingdom,Partition
US,United States of America,Good Intentions
KR,South Korea,"The Good, The Bad, The Weird"
US,United States of America,Nurse 3-D
CA,Canada,Gunless
US,United States of America,Adventureland
US,United States of America,The Lost City
US,United States of America,Re-Kill
US,United States of America,Next Friday
CA,Canada,American Heist
LU,Luxembourg,American Heist
GB,United Kingdom,You Only Live Twice
GB,United Kingdom,Plastic
FR,France,Amour
AT,Austria,Amour
DE,Germany,Amour
US,United States of America,Poltergeist III
US,United States of America,"It's a Mad, Mad, Mad, Mad World"
ES,Spain,Volver
CA,Canada,Heavy Metal
US,United States of America,Gentlemen Broncos
GB,United Kingdom,Richard III
US,United States of America,Richard III
CA,Canada,Into the Grizzly Maze
US,United States of America,Into the Grizzly Maze
FR,France,The Purge: Anarchy
US,United States of America,The Purge: Anarchy
IN,India,Kites
DK,Denmark,Melancholia
FR,France,Melancholia
DE,Germany,Melancholia
SE,Sweden,Melancholia
AU,Australia,Red Dog
IN,India,Jab Tak Hai Jaan
US,United States of America,Alien
GB,United Kingdom,Alien
US,United States of America,The Texas Chain Saw Massacre
US,United States of America,The Runaways
US,United States of America,Fiddler on the Roof
BS,Bahamas,Thunderball
FR,France,Thunderball
GB,United Kingdom,Thunderball
US,United States of America,Thunderball
US,United States of America,Detention
IT,Italy,Loose Cannons
US,United States of America,Set It Off
US,United States of America,The Best Man
US,United States of America,Child's Play
US,United States of America,Sicko
US,United States of America,Down to You
US,United States of America,Harold & Kumar Go to White Castle
DE,Germany,The Contender
GB,United Kingdom,The Contender
US,United States of America,The Contender
US,United States of America,Boiler Room
US,United States of America,Trading Places
US,United States of America,Chasing Papi
CA,Canada,Black Christmas
US,United States of America,Black Christmas
US,United States of America,Breakin' All the Rules
GB,United Kingdom,Henry V
US,United States of America,The Savages
CA,Canada,Skin Trade
TH,Thailand,Skin Trade
US,United States of America,Skin Trade
US,United States of America,The Way of the Gun
US,United States of America,Igby Goes Down
US,United States of America,PCU
US,United States of America,The Ultimate Gift
US,United States of America,The Ice Pirates
US,United States of America,The Lost Boys
US,United States of America,Gracie
US,United States of America,Trust the Man
US,United States of America,Hamlet 2
GB,United Kingdom,Velvet Goldmine
KR,South Korea,The Wailing
US,United States of America,Glee: The Concert Movie
TH,Thailand,The Legend of Suriyothai
IT,Italy,Two Evil Eyes
US,United States of America,Two Evil Eyes
FR,France,Barbecue
FR,France,All or Nothing
GB,United Kingdom,All or Nothing
US,United States of America,Princess Kaiulani
AU,Australia,Opal Dream
CZ,Czech Republic,Flame & Citron
DK,Denmark,Flame & Citron
FI,Finland,Flame & Citron
FR,France,Flame & Citron
DE,Germany,Flame & Citron
NO,Norway,Flame & Citron
SE,Sweden,Flame & Citron
US,United States of America,Undiscovered
GB,United Kingdom,Red Riding: In the Year of Our Lord 1974
FR,France,The Girl on the Train
US,United States of America,Veronika Decides to Die
AU,Australia,Crocodile Dundee
GB,United Kingdom,"Ultramarines: A Warhammer 40,000 Movie"
US,United States of America,Crazy Heart
GB,United Kingdom,The I Inside
US,United States of America,The I Inside
DE,Germany,The I Inside
AU,Australia,Beneath Hill 60
FR,France,Polisse
US,United States of America,Awake
KR,South Korea,Star Wars: Clone Wars: Volume 1
US,United States of America,Star Wars: Clone Wars: Volume 1
US,United States of America,The Inkwell
US,United States of America,The Rose
US,United States of America,Baggage Claim
US,United States of America,Barbarella
US,United States of America,Shipwrecked
NO,Norway,Shipwrecked
SE,Sweden,Shipwrecked
US,United States of America,Election
IN,India,The Namesake
US,United States of America,The Namesake
US,United States of America,The DUFF
US,United States of America,Glitter
US,United States of America,The Haunting in Connecticut 2: Ghosts of Georgia
US,United States of America,Swelter
KR,South Korea,Silmido
GB,United Kingdom,Bright Star
FR,France,Bright Star
AU,Australia,Bright Star
IN,India,My Name Is Khan
US,United States of America,My Name Is Khan
US,United States of America,All Is Lost
[],[],Limbo
US,United States of America,Dope
[],[],Namastey London
IE,Ireland,The Wind That Shakes the Barley
GB,United Kingdom,The Wind That Shakes the Barley
DE,Germany,The Wind That Shakes the Barley
IT,Italy,The Wind That Shakes the Barley
ES,Spain,The Wind That Shakes the Barley
FR,France,The Wind That Shakes the Barley
BE,Belgium,The Wind That Shakes the Barley
CH,Switzerland,The Wind That Shakes the Barley
IN,India,Yeh Jawaani Hai Deewani
US,United States of America,Quo Vadis
US,United States of America,Repo! The Genetic Opera
TR,Turkey,Valley of the Wolves: Iraq
US,United States of America,Pulp Fiction
US,United States of America,The Muppet Movie
US,United States of America,Nightcrawler
US,United States of America,Club Dread
US,United States of America,The Sound of Music
US,United States of America,Antarctic Edge: 70° South
US,United States of America,Splash
US,United States of America,Little Miss Sunshine
US,United States of America,Stand by Me
GB,United Kingdom,28 Days Later
US,United States of America,You Got Served
US,United States of America,Escape from Alcatraz
[],[],Brown Sugar
US,United States of America,A Thin Line Between Love and Hate
US,United States of America,50/50
US,United States of America,Shutter
US,United States of America,That Awkward Moment
[],[],Modern Problems
US,United States of America,Shadow of the Vampire
US,United States of America,Kicks
GB,United Kingdom,Much Ado About Nothing
US,United States of America,Much Ado About Nothing
GB,United Kingdom,On Her Majesty's Secret Service
US,United States of America,On Her Majesty's Secret Service
US,United States of America,New Nightmare
US,United States of America,Drive Me Crazy
US,United States of America,Prom
US,United States of America,Akeelah and the Bee
US,United States of America,Half Baked
CA,Canada,New in Town
US,United States of America,New in Town
CA,Canada,American Psycho
US,United States of America,American Psycho
NL,Netherlands,The Good Girl
DE,Germany,The Good Girl
US,United States of America,The Good Girl
CA,Canada,Bon Cop Bad Cop
US,United States of America,The Boondock Saints II: All Saints Day
US,United States of America,The City of Your Final Destination
US,United States of America,Enough Said
US,United States of America,Easy A
US,United States of America,The Pallbearer
US,United States of America,Held Up
US,United States of America,Woman on Top
GB,United Kingdom,Howards End
US,United States of America,Anomalisa
[],[],The Outrageous Sophie Tucker
GB,United Kingdom,Another Year
FR,France,8 Women
IT,Italy,8 Women
US,United States of America,Showdown in Little Tokyo
DE,Germany,Clay Pigeons
US,United States of America,Clay Pigeons
US,United States of America,It's Kind of a Funny Story
GB,United Kingdom,Made in Dagenham
IE,Ireland,When Did You Last See Your Father?
GB,United Kingdom,When Did You Last See Your Father?
US,United States of America,Prefontaine
GB,United Kingdom,The Wicked Lady
BE,Belgium,The Secret of Kells
FR,France,The Secret of Kells
IE,Ireland,The Secret of Kells
US,United States of America,Begin Again
BR,Brazil,Elite Squad
US,United States of America,Down in the Valley
US,United States of America,Brooklyn Rules
GB,United Kingdom,Restless
US,United States of America,The Singing Detective
GB,United Kingdom,The Land Girls
FR,France,The Land Girls
CA,Canada,Fido
US,United States of America,Annabelle
DE,Germany,The Wendell Baker Story
US,United States of America,The Wendell Baker Story
FR,France,Wild Target
GB,United Kingdom,Wild Target
US,United States of America,Pathology
[],[],Wuthering Heights
US,United States of America,10th & Wolf
CA,Canada,The Rocket: The Legend of Rocket Richard
DK,Denmark,Dear Wendy
FR,France,Dear Wendy
GB,United Kingdom,Dear Wendy
FR,France,Aloft
US,United States of America,Aloft
ES,Spain,Aloft
JP,Japan,Akira
DE,Germany,The Death and Life of Bobby Z
US,United States of America,The Death and Life of Bobby Z
CN,China,My Lucky Star
DE,Germany,Imagine Me & You
GB,United Kingdom,Imagine Me & You
US,United States of America,Imagine Me & You
US,United States of America,Mr. Church
FR,France,Swimming Pool
GB,United Kingdom,Swimming Pool
US,United States of America,Green Street Hooligans: Underground
US,United States of America,The Blood of Heroes
AU,Australia,The Blood of Heroes
US,United States of America,Code of Honor
US,United States of America,Driving Miss Daisy
US,United States of America,Soul Food
HK,Hong Kong,Rumble in the Bronx
US,United States of America,In Too Deep
FR,France,Far from Men
US,United States of America,Thank You for Smoking
US,United States of America,Hostel: Part II
GB,United Kingdom,An Education
US,United States of America,An Education
US,United States of America,House of 1000 Corpses
US,United States of America,Shopgirl
CA,Canada,The Hotel New Hampshire
GB,United Kingdom,The Hotel New Hampshire
US,United States of America,The Hotel New Hampshire
CA,Canada,Narc
US,United States of America,Narc
CA,Canada,Men with Brooms
US,United States of America,Witless Protection
[],[],The Work and the Glory
US,United States of America,Extract
US,United States of America,Masked and Anonymous
GB,United Kingdom,Masked and Anonymous
[],[],Betty Fisher and Other Stories
GB,United Kingdom,Code 46
GB,United Kingdom,Outside Bet
GB,United Kingdom,Albert Nobbs
IE,Ireland,Albert Nobbs
US,United States of America,Black November
NG,Nigeria,Black November
IN,India,Ta Ra Rum Pum
FR,France,Persepolis
US,United States of America,Persepolis
NZ,New Zealand,The Piano
AU,Australia,The Piano
FR,France,The Piano
US,United States of America,The Hole
DE,Germany,The Wave
DK,Denmark,The Neon Demon
FR,France,The Neon Demon
US,United States of America,The Neon Demon
GB,United Kingdom,Harry Brown
[],[],The Omega Code
US,United States of America,Juno
GB,United Kingdom,The Man with the Golden Gun
US,United States of America,The Man with the Golden Gun
CA,Canada,Pound of Flesh
GB,United Kingdom,Diamonds Are Forever
US,United States of America,Diamonds Are Forever
US,United States of America,The Godfather
US,United States of America,Flashdance
US,United States of America,(500) Days of Summer
US,United States of America,Magic Mike
AU,Australia,Darkness Falls
US,United States of America,Darkness Falls
GB,United Kingdom,Live and Let Die
US,United States of America,My Dog Skip
FR,France,"Definitely, Maybe"
DE,Germany,"Definitely, Maybe"
GB,United Kingdom,"Definitely, Maybe"
US,United States of America,"Definitely, Maybe"
[],[],Bran Nue Dae
US,United States of America,Jumping the Broom
FR,France,"Good Night, and Good Luck."
JP,Japan,"Good Night, and Good Luck."
GB,United Kingdom,"Good Night, and Good Luck."
US,United States of America,"Good Night, and Good Luck."
CA,Canada,Capote
US,United States of America,Capote
US,United States of America,Desperado
US,United States of America,Logan's Run
US,United States of America,Action Jackson
GB,United Kingdom,The Descent
US,United States of America,Michael Jordan to the Max
US,United States of America,Devil's Due
US,United States of America,Flirting with Disaster
DE,Germany,The Devil's Rejects
US,United States of America,The Devil's Rejects
US,United States of America,Alien Zone
US,United States of America,A Serious Man
GB,United Kingdom,A Serious Man
FR,France,A Serious Man
US,United States of America,Get Low
US,United States of America,Warlock
US,United States of America,Beyond the Lights
US,United States of America,Freeheld
US,United States of America,A Single Man
US,United States of America,The Last Temptation of Christ
CA,Canada,The Last Temptation of Christ
US,United States of America,Outside Providence
GB,United Kingdom,Bride & Prejudice
US,United States of America,Bride & Prejudice
US,United States of America,Redbelt
AU,Australia,Rabbit-Proof Fence
US,United States of America,Who's Your Caddy?
GB,United Kingdom,Split Second
US,United States of America,The Other Side of Heaven
IN,India,Veer-Zaara
US,United States of America,Cyrus
[],[],A Dog Of Flanders
US,United States of America,Auto Focus
US,United States of America,Factory Girl
GB,United Kingdom,We Need to Talk About Kevin
US,United States of America,We Need to Talk About Kevin
DE,Germany,The Heart of Me
GB,United Kingdom,The Heart of Me
GB,United Kingdom,The Christmas Candle
US,United States of America,The Christmas Candle
US,United States of America,The Mighty Macs
CA,Canada,Losin' It
US,United States of America,Losin' It
ES,Spain,Mother and Child
US,United States of America,Mother and Child
GB,United Kingdom,March or Die
US,United States of America,Facing the Giants
FR,France,The Visitors
US,United States of America,Somewhere
[],[],I Hope They Serve Beer in Hell
US,United States of America,Chairman of the Board
US,United States of America,Hesher
GB,United Kingdom,Dom Hemingway
US,United States of America,Gerry
AR,Argentina,Gerry
FR,France,The Extra Man
US,United States of America,The Extra Man
RU,Russia,Hard to Be a God
US,United States of America,Ca$h
GB,United Kingdom,Wah-Wah
ZA,South Africa,Wah-Wah
FR,France,Wah-Wah
US,United States of America,I Want Someone to Eat Cheese With
CA,Canada,The Boondock Saints
US,United States of America,The Boondock Saints
CN,China,Z Storm
HK,Hong Kong,Z Storm
US,United States of America,Twixt
RU,Russia,The Snow Queen
US,United States of America,Alpha and Omega: The Legend of the Saw Tooth Cave
IE,Ireland,Perrier’s Bounty
GB,United Kingdom,Perrier’s Bounty
US,United States of America,Pale Rider
CA,Canada,Stargate: The Ark of Truth
US,United States of America,Stargate: The Ark of Truth
US,United States of America,Dazed and Confused
US,United States of America,High School Musical 2
[],[],Two Lovers and a Bear
US,United States of America,Criminal Activities
DE,Germany,Aimee & Jaguar
DE,Germany,The Chumscrubber
US,United States of America,The Chumscrubber
US,United States of America,Shade
US,United States of America,House at the End of the Street
CA,Canada,Incendies
FR,France,Incendies
IT,Italy,"Remember Me, My Love"
US,United States of America,Boyz n the Hood
US,United States of America,La Bamba
US,United States of America,The Four Seasons
US,United States of America,Dressed to Kill
US,United States of America,The Adventures of Huck Finn
US,United States of America,Go
US,United States of America,Friends with Money
US,United States of America,The Andromeda Strain
US,United States of America,Bats
DE,Germany,Nowhere in Africa
US,United States of America,Mooz-lum
GB,United Kingdom,Shame
GB,United Kingdom,Layer Cake
US,United States of America,The Work and the Glory II: American Zion
GB,United Kingdom,The East
US,United States of America,The East
US,United States of America,A Home at the End of the World
US,United States of America,The Wrestler
GB,United Kingdom,Aberdeen
NO,Norway,Aberdeen
SE,Sweden,Aberdeen
US,United States of America,The Messenger
NZ,New Zealand,Tracker
GB,United Kingdom,Tracker
JP,Japan,Control
GB,United Kingdom,Control
US,United States of America,Control
AU,Australia,Control
GB,United Kingdom,The Terminator
US,United States of America,The Terminator
DE,Germany,"Good bye, Lenin!"
GB,United Kingdom,The Damned United
US,United States of America,The Return of the Living Dead
US,United States of America,Mallrats
US,United States of America,Grease
GB,United Kingdom,Platoon
US,United States of America,Platoon
GB,United Kingdom,Capricorn One
US,United States of America,Capricorn One
US,United States of America,Fahrenheit 9/11
US,United States of America,Butch Cassidy and the Sundance Kid
US,United States of America,Mary Poppins
US,United States of America,Ordinary People
US,United States of America,West Side Story
US,United States of America,Simply Irresistible
US,United States of America,Caddyshack
US,United States of America,The Brothers
US,United States of America,The Wood
US,United States of America,The Usual Suspects
US,United States of America,A Nightmare on Elm Street 5: The Dream Child
US,United States of America,National Lampoon’s Van Wilder
US,United States of America,Annie Hall
US,United States of America,Duel in the Sun
US,United States of America,Best in Show
US,United States of America,Escape from New York
US,United States of America,School Daze
US,United States of America,Daddy Day Camp
AU,Australia,Mr. Nice Guy
HK,Hong Kong,Mr. Nice Guy
US,United States of America,A Mighty Wind
US,United States of America,Mystic Pizza
GB,United Kingdom,Sliding Doors
US,United States of America,Sliding Doors
US,United States of America,Tales from the Hood
GB,United Kingdom,The Last King of Scotland
DE,Germany,The Last King of Scotland
US,United States of America,The Last King of Scotland
US,United States of America,Casa De Mi Padre
US,United States of America,Halloween 5: The Revenge of Michael Myers
US,United States of America,Bernie
BS,Bahamas,Dolphins and Whales: Tribes of the Ocean
GB,United Kingdom,Dolphins and Whales: Tribes of the Ocean
US,United States of America,Pollock
US,United States of America,200 Cigarettes
US,United States of America,The Words
IE,Ireland,The Guard
US,United States of America,College
US,United States of America,The Virgin Suicides
GB,United Kingdom,Little Voice
US,United States of America,Miss March
US,United States of America,Wish I Was Here
US,United States of America,Hedwig and the Angry Inch
US,United States of America,Only the Strong
CA,Canada,Goddess of Love
US,United States of America,Goddess of Love
CA,Canada,Shattered Glass
US,United States of America,Shattered Glass
US,United States of America,Novocaine
US,United States of America,The Business of Strangers
US,United States of America,The Wild Bunch
US,United States of America,The Wackness
GB,United Kingdom,The First Great Train Robbery
GB,United Kingdom,Morvern Callar
CA,Canada,Morvern Callar
US,United States of America,Reservoir Dogs
US,United States of America,Beastmaster 2: Through the Portal of Time
US,United States of America,The 5th Quarter
FR,France,The Flower of Evil
US,United States of America,The Greatest
CN,China,Snow Flower and the Secret Fan
US,United States of America,Come Early Morning
GB,United Kingdom,Lucky Break
DE,Germany,Lucky Break
US,United States of America,Julia
US,United States of America,"Surfer, Dude"
[],[],Lake of Fire
[],[],Emma
[],[],Certifiably Jonathan
CA,Canada,11:14
US,United States of America,11:14
US,United States of America,Men of War
ES,Spain,Men of War
US,United States of America,Don McKay
FR,France,Deadfall
US,United States of America,Deadfall
CA,Canada,A Shine of Rainbows
IE,Ireland,A Shine of Rainbows
US,United States of America,The Hit List
CA,Canada,Videodrome
FR,France,The Spanish Apartment
US,United States of America,Song One
NL,Netherlands,Winter in Wartime
BE,Belgium,Winter in Wartime
US,United States of America,Freaky Deaky
FR,France,The Train
US,United States of America,The Train
US,United States of America,Trade Of Innocents
TH,Thailand,Trade Of Innocents
TH,Thailand,The Protector
AU,Australia,The Protector
GB,United Kingdom,Stiff Upper Lips
IN,India,Stiff Upper Lips
CA,Canada,Iris
GB,United Kingdom,Iris
IN,India,Bend It Like Beckham
DE,Germany,Bend It Like Beckham
GB,United Kingdom,Bend It Like Beckham
US,United States of America,Bend It Like Beckham
[],[],Sunshine State
US,United States of America,Crossover
[],[],Khiladi 786
ES,Spain,[REC]²
[],[],Standing Ovation
US,United States of America,The Sting
GB,United Kingdom,Chariots of Fire
[],[],Diary of a Mad Black Woman
AU,Australia,Shine
US,United States of America,Don Jon
US,United States of America,High Plains Drifter
DE,Germany,Ghost World
GB,United Kingdom,Ghost World
US,United States of America,Ghost World
US,United States of America,Galaxina
CH,Switzerland,The Chorus
DE,Germany,The Chorus
FR,France,The Chorus
CA,Canada,Mambo Italiano
CA,Canada,Wonderland
US,United States of America,Wonderland
US,United States of America,Do the Right Thing
US,United States of America,Harvard Man
FI,Finland,Le Havre
FR,France,Le Havre
DE,Germany,Le Havre
FR,France,Irreversible
JP,Japan,R100
IN,India,Rang De Basanti
US,United States of America,Animals
US,United States of America,Salvation Boulevard
US,United States of America,The Ten
CA,Canada,A Room for Romeo Brass
GB,United Kingdom,A Room for Romeo Brass
DE,Germany,Headhunters
NO,Norway,Headhunters
IE,Ireland,Grabbers
GB,United Kingdom,Grabbers
CA,Canada,Saint Ralph
GB,United Kingdom,Miss Julie
NO,Norway,Miss Julie
US,United States of America,Somewhere in Time
[],[],Dum Maaro Dum
US,United States of America,Insidious: Chapter 2
US,United States of America,Saw II
US,United States of America,10 Cloverfield Lane
US,United States of America,Jackass: The Movie
US,United States of America,Lights Out
US,United States of America,Paranormal Activity 3
JP,Japan,Ouija
US,United States of America,Ouija
US,United States of America,A Nightmare on Elm Street 3: Dream Warriors
MX,Mexico,Instructions Not Included
US,United States of America,Paranormal Activity 4
US,United States of America,The Robe
GB,United Kingdom,The Return of the Pink Panther
US,United States of America,Freddy's Dead: The Final Nightmare
US,United States of America,Monster
US,United States of America,"20,000 Leagues Under the Sea"
US,United States of America,Paranormal Activity: The Marked Ones
GB,United Kingdom,The Elephant Man
US,United States of America,The Elephant Man
US,United States of America,Dallas Buyers Club
US,United States of America,The Lazarus Effect
US,United States of America,Memento
US,United States of America,Oculus
US,United States of America,Clerks II
FR,France,Billy Elliot
GB,United Kingdom,Billy Elliot
US,United States of America,The Way Way Back
US,United States of America,House Party 2
AU,Australia,The Man from Snowy River
US,United States of America,Doug's 1st Movie
US,United States of America,The Apostle
US,United States of America,Mommie Dearest
FR,France,Spring Breakers
US,United States of America,Spring Breakers
US,United States of America,Our Idiot Brother
CA,Canada,Race
DE,Germany,Race
US,United States of America,The Players Club
US,United States of America,"As Above, So Below"
US,United States of America,Addicted
[],[],Eve's Bayou
US,United States of America,No Escape
US,United States of America,Still Alice
US,United States of America,The Egyptian
US,United States of America,Nighthawks
US,United States of America,Friday the 13th Part VIII: Jason Takes Manhattan
CA,Canada,My Big Fat Greek Wedding
US,United States of America,My Big Fat Greek Wedding
US,United States of America,Halloween: The Curse of Michael Myers
MX,Mexico,Y Tu Mamá También
GB,United Kingdom,Shaun of the Dead
US,United States of America,Shaun of the Dead
FR,France,Shaun of the Dead
US,United States of America,The Haunting of Molly Hartley
US,United States of America,Lone Star
US,United States of America,Halloween 4: The Return of Michael Myers
CA,Canada,April Fool's Day
US,United States of America,April Fool's Day
US,United States of America,Diner
US,United States of America,Lone Wolf McQuade
CA,Canada,Apollo 18
US,United States of America,Apollo 18
US,United States of America,Sunshine Cleaning
US,United States of America,The Beastmaster
US,United States of America,Solomon and Sheba
US,United States of America,Fifty Shades of Black
US,United States of America,Not Easily Broken
US,United States of America,A Farewell to Arms
US,United States of America,The Perfect Match
JP,Japan,Digimon: The Movie
US,United States of America,Digimon: The Movie
US,United States of America,Saved!
CA,Canada,The Barbarian Invasions
FR,France,The Barbarian Invasions
GB,United Kingdom,Robin and Marian
US,United States of America,Robin and Marian
IT,Italy,Once Upon a Time in the West
ES,Spain,Once Upon a Time in the West
US,United States of America,Once Upon a Time in the West
US,United States of America,The Forsaken
GB,United Kingdom,Force 10 from Navarone
US,United States of America,UHF
US,United States of America,Grandma's Boy
US,United States of America,Slums of Beverly Hills
US,United States of America,Made
GB,United Kingdom,Moon
US,United States of America,Keeping Up with the Steins
FR,France,Sea Rex 3D: Journey to a Prehistoric World
GB,United Kingdom,Sea Rex 3D: Journey to a Prehistoric World
CA,Canada,The Sweet Hereafter
[],[],Flying By
FR,France,Of Gods and Men
US,United States of America,Bottle Shock
US,United States of America,Jekyll and Hyde ... Together Again
NZ,New Zealand,Heavenly Creatures
US,United States of America,90 Minutes in Heaven
CA,Canada,Tucker and Dale vs Evil
US,United States of America,Tucker and Dale vs Evil
US,United States of America,Everything Must Go
US,United States of America,Zero Effect
US,United States of America,The Machinist
ES,Spain,The Machinist
US,United States of America,Light Sleeper
US,United States of America,Kill the Messenger
US,United States of America,Rabbit Hole
NL,Netherlands,Party Monster
US,United States of America,Party Monster
US,United States of America,Green Room
US,United States of America,The Oh in Ohio
US,United States of America,Atlas Shrugged Part III: Who is John Galt?
US,United States of America,Bottle Rocket
US,United States of America,Albino Alligator
IN,India,"Gandhi, My Father"
US,United States of America,Standard Operating Procedure
CA,Canada,Out of the Blue
[],[],"Lovely, Still"
US,United States of America,Tycoon
US,United States of America,Desert Blue
CA,Canada,Decoys
US,United States of America,The Visit
US,United States of America,Redacted
GB,United Kingdom,Fascination
DE,Germany,Fascination
US,United States of America,Area 51
ES,Spain,Sleep Tight
GB,United Kingdom,The Cottage
US,United States of America,Dead Like Me: Life After Death
US,United States of America,Farce of the Penguins
GB,United Kingdom,Now Is Good
US,United States of America,Rudderless
US,United States of America,Henry & Me
US,United States of America,Christmas Eve
US,United States of America,We Have Your Husband
BS,Bahamas,Dying of the Light
US,United States of America,Dying of the Light
CY,Cyprus,Born Of War
JO,Jordan,Born Of War
GB,United Kingdom,Born Of War
US,United States of America,Should've Been Romeo
US,United States of America,Running Forever
US,United States of America,Yoga Hosers
US,United States of America,Navy Seals vs. Zombies
CZ,Czech Republic,I Served the King of England
SK,Slovakia,I Served the King of England
DE,Germany,Soul Kitchen
US,United States of America,Sling Blade
GB,United Kingdom,The Awakening
US,United States of America,Hostel
GB,United Kingdom,A Cock and Bull Story
US,United States of America,Take Shelter
US,United States of America,Lady in White
GB,United Kingdom,Driving Lessons
US,United States of America,Let's Kill Ward's Wife
US,United States of America,The Texas Chainsaw Massacre 2
US,United States of America,Pat Garrett & Billy the Kid
FR,France,Only God Forgives
DK,Denmark,Only God Forgives
SE,Sweden,Only God Forgives
TH,Thailand,Only God Forgives
US,United States of America,Only God Forgives
FR,France,Camping Sauvage
US,United States of America,Without Men
GB,United Kingdom,Dear Frankie
CA,Canada,All Hat
GB,United Kingdom,All Hat
US,United States of America,All Hat
FR,France,The Names of Love
CA,Canada,Treading Water
MX,Mexico,Treading Water
US,United States of America,Savage Grace
ES,Spain,Savage Grace
FR,France,Savage Grace
NZ,New Zealand,Out of the Blue
US,United States of America,Police Academy
US,United States of America,The Blue Lagoon
GB,United Kingdom,Four Weddings and a Funeral
US,United States of America,Fast Times at Ridgemont High
US,United States of America,Moby Dick
US,United States of America,25th Hour
US,United States of America,Bound
US,United States of America,Blue Ruin
US,United States of America,Requiem for a Dream
US,United States of America,State Fair
AR,Argentina,Tango
ES,Spain,Tango
GB,United Kingdom,Salvador
US,United States of America,Salvador
US,United States of America,Moms' Night Out
US,United States of America,Donnie Darko
[],[],Saving Private Perez
NL,Netherlands,Character
BE,Belgium,Character
US,United States of America,Spun
US,United States of America,Life During Wartime
KR,South Korea,Sympathy for Lady Vengeance
FR,France,Mozart's Sister
GB,United Kingdom,Mean Machine
US,United States of America,Mean Machine
HK,Hong Kong,Exiled
BO,Bolivia,Blackthorn
FR,France,Blackthorn
ES,Spain,Blackthorn
GB,United Kingdom,Blackthorn
DK,Denmark,Lilya 4-ever
SE,Sweden,Lilya 4-ever
US,United States of America,After.Life
IN,India,Fugly
US,United States of America,One Flew Over the Cuckoo's Nest
US,United States of America,R.L. Stine's Monsterville: The Cabinet of Souls
US,United States of America,Silent Movie
IN,India,Airlift
US,United States of America,Anne of Green Gables
US,United States of America,Falcon Rising
GB,United Kingdom,The Sweeney
ES,Spain,Sexy Beast
GB,United Kingdom,Sexy Beast
DK,Denmark,Easy Money
SE,Sweden,Easy Money
DE,Germany,Easy Money
NZ,New Zealand,Whale Rider
IN,India,Paa
CH,Switzerland,Cargo
US,United States of America,High School Musical
CA,Canada,Love and Death on Long Island
GB,United Kingdom,Love and Death on Long Island
RU,Russia,Night Watch
US,United States of America,3 Strikes
JP,Japan,The Crying Game
GB,United Kingdom,The Crying Game
IE,Ireland,The Crying Game
US,United States of America,Porky's
CA,Canada,Porky's
CA,Canada,Survival of the Dead
US,United States of America,Survival of the Dead
US,United States of America,Night of the Living Dead
JP,Japan,Lost in Translation
US,United States of America,Lost in Translation
US,United States of America,The Greatest Show on Earth
US,United States of America,Monster's Ball
CH,Switzerland,Maggie
US,United States of America,Maggie
US,United States of America,Leaving Las Vegas
US,United States of America,Hansel and Gretel Get Baked
US,United States of America,The Front Page
US,United States of America,The Boy Next Door
US,United States of America,Trapeze
US,United States of America,The Kids Are All Right
US,United States of America,They Live
US,United States of America,A Haunted House 2
US,United States of America,The Great Escape
US,United States of America,What the #$*! Do We (K)now!?
US,United States of America,The Last Exorcism Part II
US,United States of America,Boyhood
GB,United Kingdom,Scoop
US,United States of America,The Wash
US,United States of America,The Cooler
US,United States of America,The Misfits
US,United States of America,The Night Listener
US,United States of America,The Jerky Boys
ES,Spain,The Orphanage
MX,Mexico,The Orphanage
DE,Germany,The Rules of Attraction
US,United States of America,The Rules of Attraction
US,United States of America,Topaz
US,United States of America,Let's Go to Prison
US,United States of America,Four Rooms
US,United States of America,Secretary
US,United States of America,The Real Cancun
US,United States of America,Zipper
CA,Canada,Talk Radio
US,United States of America,Talk Radio
US,United States of America,Waiting for Guffman
US,United States of America,Love Stinks
US,United States of America,You Kill Me
US,United States of America,Thumbsucker
US,United States of America,Poolhall Junkies
US,United States of America,Red State
GB,United Kingdom,Mirrormask
US,United States of America,Mirrormask
US,United States of America,Samsara
IT,Italy,The Barbarians
US,United States of America,The Barbarians
US,United States of America,The Art of Getting By
GB,United Kingdom,The Loss of Sexual Innocence
US,United States of America,The Loss of Sexual Innocence
FR,France,Holy Motors
US,United States of America,Joe
GB,United Kingdom,Shooting Fish
US,United States of America,Prison
BR,Brazil,Futuro Beach
DE,Germany,Futuro Beach
AU,Australia,Psycho Beach Party
US,United States of America,Psycho Beach Party
[],[],The Big Tease
MX,Mexico,"Guten Tag, Ramón"
DE,Germany,"Guten Tag, Ramón"
US,United States of America,Trust
US,United States of America,An Everlasting Piece
GB,United Kingdom,Among Giants
FR,France,Adore
AU,Australia,Adore
US,United States of America,The Velocity of Gary
ES,Spain,Mondays in the Sun
FR,France,Mondays in the Sun
IT,Italy,Mondays in the Sun
US,United States of America,Stake Land
US,United States of America,The Last Time I Committed Suicide
US,United States of America,Another Happy Day
GB,United Kingdom,A Lonely Place to Die
CA,Canada,Nothing
RU,Russia,The Geographer Drank His Globe Away
US,United States of America,1776
MA,Morocco,Desert Dancer
RO,Romania,Desert Dancer
AE,United Arab Emirates,Desert Dancer
GB,United Kingdom,Desert Dancer
CA,Canada,Inescapable
DE,Germany,Inescapable
ZA,South Africa,Inescapable
US,United States of America,Hell's Angels
[],[],Purple Violets
US,United States of America,The Veil
AU,Australia,The Loved Ones
US,United States of America,Airplane!
US,United States of America,The Helpers
US,United States of America,How to Fall in Love
ZA,South Africa,The Perfect Wave
GB,United Kingdom,A Man for All Seasons
US,United States of America,Network
US,United States of America,Gone with the Wind
US,United States of America,Major Dundee
US,United States of America,Annie Get Your Gun
GB,United Kingdom,Four Lions
BR,Brazil,The House of Sand
CA,Canada,Defendor
GB,United Kingdom,Defendor
US,United States of America,Defendor
US,United States of America,Chain of Command
US,United States of America,The Pirate
DK,Denmark,The Good Heart
FR,France,The Good Heart
IS,Iceland,The Good Heart
US,United States of America,The Good Heart
GB,United Kingdom,The History Boys
US,United States of America,Midnight Cowboy
GB,United Kingdom,The Full Monty
US,United States of America,Friday
US,United States of America,Menace II Society
US,United States of America,Creepshow 2
US,United States of America,The Ballad of Cable Hogue
US,United States of America,In Cold Blood
US,United States of America,Harper
GB,United Kingdom,Frenzy
CA,Canada,The Witch
US,United States of America,The Witch
US,United States of America,I Got the Hook Up
US,United States of America,She's the One
GB,United Kingdom,Gods and Monsters
US,United States of America,Gods and Monsters
AR,Argentina,The Secret in Their Eyes
ES,Spain,The Secret in Their Eyes
US,United States of America,Train
US,United States of America,Evil Dead II
US,United States of America,Pootie Tang
US,United States of America,Sharknado
MX,Mexico,The Other Conquest
NO,Norway,Troll Hunter
US,United States of America,Ira & Abby
US,United States of America,Winter Passing
US,United States of America,D.E.B.S.
US,United States of America,The Masked Saint
US,United States of America,Taxman
[],[],The Secret
US,United States of America,2:13
US,United States of America,"Batman: The Dark Knight Returns, Part 2"
US,United States of America,Time to Choose
US,United States of America,Krush Groove
BG,Bulgaria,In the Name of the King III
CA,Canada,In the Name of the King III
US,United States of America,Wicked Blood
US,United States of America,Stranded
GB,United Kingdom,Lords of London
US,United States of America,High Anxiety
US,United States of America,Next Day Air
FR,France,March of the Penguins
US,United States of America,Margin Call
[],[],August
US,United States of America,Choke
US,United States of America,Whiplash
BR,Brazil,City of God
FR,France,City of God
GB,United Kingdom,Human Traffic
IE,Ireland,Human Traffic
US,United States of America,To Write Love on Her Arms
US,United States of America,The Dead Girl
DK,Denmark,The Hunt
SE,Sweden,The Hunt
US,United States of America,A Christmas Story
CA,Canada,A Christmas Story
US,United States of America,Rosemary's Baby
MX,Mexico,Bella
US,United States of America,Bella
CA,Canada,Class of 1984
US,United States of America,The Opposite Sex
GB,United Kingdom,Dreaming of Joseph Lees
US,United States of America,Dreaming of Joseph Lees
FR,France,The Class
US,United States of America,Adam
EC,Ecuador,Maria Full of Grace
CO,Colombia,Maria Full of Grace
US,United States of America,Maria Full of Grace
US,United States of America,Beginners
US,United States of America,Feast
US,United States of America,Animal House
GB,United Kingdom,Goldfinger
US,United States of America,Goldfinger
US,United States of America,Fuel
CA,Canada,Antiviral
US,United States of America,It's a Wonderful Life
GB,United Kingdom,Trainspotting
US,United States of America,The Original Kings of Comedy
US,United States of America,Paranormal Activity 2
FR,France,The Purge
US,United States of America,The Purge
FR,France,Waking Ned
GB,United Kingdom,Waking Ned
US,United States of America,Waking Ned
US,United States of America,Bowling for Columbine
CN,China,Coming Home
US,United States of America,A Nightmare on Elm Street Part 2: Freddy's Revenge
GB,United Kingdom,A Room with a View
US,United States of America,Sinister
US,United States of America,Martin Lawrence Live: Runteldat
US,United States of America,Cat on a Hot Tin Roof
US,United States of America,Beneath the Planet of the Apes
US,United States of America,Spaced Invaders
CA,Canada,Air Bud
US,United States of America,Air Bud
JP,Japan,Pokémon: Spell of the Unknown
US,United States of America,Friday the 13th Part VI: Jason Lives
GB,United Kingdom,The Bridge on the River Kwai
US,United States of America,The Bridge on the River Kwai
NZ,New Zealand,Slow West
GB,United Kingdom,Slow West
US,United States of America,Family Plot
US,United States of America,The Apartment
US,United States of America,Jason Goes to Hell: The Final Friday
US,United States of America,Torn Curtain
US,United States of America,Dave Chappelle's Block Party
US,United States of America,Elmer Gantry
DE,Germany,Judgment at Nuremberg
US,United States of America,Judgment at Nuremberg
US,United States of America,Trippin'
US,United States of America,Red River
US,United States of America,Phat Girlz
GR,Greece,Before Midnight
US,United States of America,Before Midnight
US,United States of America,Teen Wolf Too
US,United States of America,Phantasm II
US,United States of America,Woman Thou Art Loosed
[],[],Real Women Have Curves
CA,Canada,Water
GB,United Kingdom,East Is East
[],[],Valley of the Heart's Delight
US,United States of America,Whipped
GB,United Kingdom,Kama Sutra - A Tale of Love
IN,India,Kama Sutra - A Tale of Love
US,United States of America,Kama Sutra - A Tale of Love
JP,Japan,Kama Sutra - A Tale of Love
DE,Germany,Kama Sutra - A Tale of Love
US,United States of America,Please Give
US,United States of America,Willy Wonka & the Chocolate Factory
US,United States of America,Warlock: The Armageddon
GB,United Kingdom,8 Heads in a Duffel Bag
US,United States of America,8 Heads in a Duffel Bag
US,United States of America,Days of Heaven
US,United States of America,Thirteen Conversations About One Thing
US,United States of America,Jawbreaker
US,United States of America,Basquiat
BR,Brazil,Frances Ha
US,United States of America,Frances Ha
ZA,South Africa,Tsotsi
US,United States of America,Happiness
US,United States of America,DysFunktional Family
US,United States of America,Tusk
US,United States of America,Tim and Eric's Billion Dollar Movie
KR,South Korea,Oldboy
US,United States of America,Letters to God
US,United States of America,Hobo with a Shotgun
CA,Canada,Hobo with a Shotgun
[],[],Compadres
US,United States of America,Freeway
GB,United Kingdom,Demonic
US,United States of America,Demonic
US,United States of America,Love's Abiding Joy
GB,United Kingdom,Fish Tank
NL,Netherlands,Fish Tank
US,United States of America,Damsels in Distress
US,United States of America,Creature
US,United States of America,Bachelorette
US,United States of America,Brave New Girl
DE,Germany,Summer Storm
[],[],Fort McCoy
US,United States of America,Chain Letter
US,United States of America,Just Looking
CA,Canada,The Divide
DE,Germany,The Divide
US,United States of America,The Divide
[],[],The Eclipse
US,United States of America,My Big Fat Independent Movie
[],[],The Deported
US,United States of America,Tanner Hall
BR,Brazil,Open Road
US,United States of America,Open Road
US,United States of America,They Came Together
US,United States of America,30 Nights of Paranormal Activity With the Devil Inside the Girl With the Dragon Tattoo
US,United States of America,Never Back Down 2: The Beatdown
US,United States of America,Point Blank
US,United States of America,Four Single Fathers
IT,Italy,Four Single Fathers
US,United States of America,Enter the Dangerous Mind
US,United States of America,Something Wicked
US,United States of America,AWOL-72
[],[],Iguana
US,United States of America,Chicago Overcoat
US,United States of America,Barry Munday
BR,Brazil,Central Station
US,United States of America,Pocketful of Miracles
US,United States of America,Close Range
[],[],Boynton Beach Club
US,United States of America,Do You Believe?
US,United States of America,Amnesiac
US,United States of America,Freakonomics
FR,France,High Tension
AU,Australia,Griff the Invisible
US,United States of America,Unnatural
IN,India,Lage Raho Munna Bhai
US,United States of America,Hustle & Flow
US,United States of America,Some Like It Hot
US,United States of America,Friday the 13th Part VII: The New Blood
US,United States of America,The Wizard of Oz
US,United States of America,Young Frankenstein
US,United States of America,Diary of the Dead
US,United States of America,Ulee's Gold
US,United States of America,The Black Stallion
IN,India,Sardaarji
DK,Denmark,Journey to Saturn
US,United States of America,Donovan's Reef
NL,Netherlands,The Dress
US,United States of America,A Guy Named Joe
US,United States of America,Blazing Saddles
US,United States of America,Friday the 13th: The Final Chapter
DK,Denmark,Ida
FR,France,Ida
PL,Poland,Ida
GB,United Kingdom,Ida
GB,United Kingdom,Maurice
US,United States of America,Impact Point
US,United States of America,Beer League
FR,France,Riding Giants
US,United States of America,Riding Giants
ES,Spain,Timecrimes
CN,China,Silver Medalist
US,United States of America,Timber Falls
US,United States of America,Singin' in the Rain
US,United States of America,"Fat, Sick & Nearly Dead"
AU,Australia,"Fat, Sick & Nearly Dead"
US,United States of America,A Haunted House
US,United States of America,2016: Obama's America
US,United States of America,That Thing You Do!
US,United States of America,Halloween III: Season of the Witch
US,United States of America,Escape from the Planet of the Apes
US,United States of America,Hud
US,United States of America,Kevin Hart: Let Me Explain
US,United States of America,My Own Private Idaho
US,United States of America,Garden State
AT,Austria,Before Sunrise
CH,Switzerland,Before Sunrise
US,United States of America,Before Sunrise
CA,Canada,Evil Words
CA,Canada,Jesus' Son
US,United States of America,Jesus' Son
US,United States of America,Religulous
US,United States of America,Saving Face
GB,United Kingdom,Brick Lane
IN,India,Brick Lane
US,United States of America,Robot & Frank
CA,Canada,My Life Without Me
ES,Spain,My Life Without Me
US,United States of America,The Spectacular Now
US,United States of America,Eye of the Dolphin
[],[],8: The Mormon Proposition
IN,India,The Other End of the Line
GB,United Kingdom,The Other End of the Line
US,United States of America,The Other End of the Line
DE,Germany,Anatomy
[],[],No End in Sight
MX,Mexico,Sleep Dealer
US,United States of America,Sleep Dealer
US,United States of America,Super
US,United States of America,Christmas Mail
US,United States of America,Stung
DE,Germany,Stung
US,United States of America,Antibirth
US,United States of America,Get on the Bus
PL,Poland,Thr3e
US,United States of America,Thr3e
US,United States of America,Idiocracy
GB,United Kingdom,The Rise of the Krays
GB,United Kingdom,This Is England
GB,United Kingdom,U.F.O.
US,United States of America,The Diary of a Teenage Girl
US,United States of America,Bathing Beauty
US,United States of America,Go for It!
US,United States of America,"Dancer, Texas Pop. 81"
US,United States of America,Show Boat
[],[],Redemption Road
CA,Canada,The Calling
US,United States of America,The Calling
US,United States of America,The Brave Little Toaster
US,United States of America,Fantasia
US,United States of America,8 Days
US,United States of America,Friday the 13th Part III
US,United States of America,Friday the 13th: A New Beginning
US,United States of America,The Last Sin Eater
US,United States of America,The Valley of Decision
MY,Malaysia,Eden
ES,Spain,Eden
US,United States of America,Eden
GB,United Kingdom,Chicken Tikka Masala
US,United States of America,There's Always Woodstock
CA,Canada,Jack Brooks: Monster Slayer
GB,United Kingdom,In the Shadow of the Moon
US,United States of America,In the Shadow of the Moon
US,United States of America,The Best Years of Our Lives
GB,United Kingdom,Bully
US,United States of America,Bully
FR,France,Bully
NO,Norway,Elling
US,United States of America,Mi America
ES,Spain,[REC]
[],[],Lies in Plain Sight
[],[],Sharkskin
GB,United Kingdom,Containment
US,United States of America,The Timber
GB,United Kingdom,From Russia with Love
US,United States of America,The Toxic Avenger Part II
US,United States of America,Sleeper
US,United States of America,It Follows
US,United States of America,Everything You Always Wanted to Know About Sex *But Were Afraid to Ask
US,United States of America,To Kill a Mockingbird
AU,Australia,Mad Max 2: The Road Warrior
HK,Hong Kong,The Legend of Drunken Master
US,United States of America,Boom Town
US,United States of America,Boys Don't Cry
FR,France,Silent House
US,United States of America,Silent House
DE,Germany,The Lives of Others
US,United States of America,Courageous
US,United States of America,The Hustler
FR,France,The Triplets of Belleville
BE,Belgium,The Triplets of Belleville
CA,Canada,The Triplets of Belleville
GB,United Kingdom,The Triplets of Belleville
CA,Canada,Smoke Signals
US,United States of America,Smoke Signals
US,United States of America,American Splendor
US,United States of America,Before Sunset
MX,Mexico,Amores perros
US,United States of America,Thirteen
US,United States of America,Gentleman's Agreement
US,United States of America,Winter's Bone
GB,United Kingdom,Touching the Void
US,United States of America,Alexander's Ragtime Band
US,United States of America,Me and You and Everyone We Know
US,United States of America,Inside Job
GB,United Kingdom,We Are Your Friends
US,United States of America,We Are Your Friends
FR,France,We Are Your Friends
US,United States of America,Ghost Dog: The Way of the Samurai
US,United States of America,Harsh Times
US,United States of America,Captive
US,United States of America,Full Frontal
GB,United Kingdom,Witchboard
US,United States of America,Witchboard
US,United States of America,Shortbus
IL,Israel,Waltz with Bashir
FR,France,Waltz with Bashir
DE,Germany,Waltz with Bashir
[],[],"The Book of Mormon Movie, Volume 1: The Journey"
US,United States of America,Meek's Cutoff
US,United States of America,Inside Deep Throat
US,United States of America,Dinner Rush
[],[],Clockwatchers
US,United States of America,The Virginity Hit
FR,France,Subway
GB,United Kingdom,24 7: Twenty Four Seven
US,United States of America,House of D
US,United States of America,Teeth
US,United States of America,Six-String Samurai
[],[],Hum To Mohabbat Karega
CA,Canada,It's All Gone Pete Tong
GB,United Kingdom,It's All Gone Pete Tong
US,United States of America,Saint John of Las Vegas
US,United States of America,Stonewall
IN,India,Roadside Romeo
US,United States of America,Roadside Romeo
[],[],This Thing of Ours
US,United States of America,The Lost Medallion: The Adventures of Billy Stone
US,United States of America,The Last Five Years
US,United States of America,The Missing Person
US,United States of America,Return of the Living Dead 3
GB,United Kingdom,London
US,United States of America,London
US,United States of America,Sherrybaby
US,United States of America,Circle
GB,United Kingdom,Eden Lake
US,United States of America,Plush
GB,United Kingdom,Lesbian Vampire Killers
ZA,South Africa,Gangster's Paradise: Jerusalema
GB,United Kingdom,Freeze Frame
IE,Ireland,Freeze Frame
CA,Canada,Grave Encounters
US,United States of America,Grave Encounters
IE,Ireland,Stitches
US,United States of America,Nine Dead
GB,United Kingdom,"To Be Frank, Sinatra at 100"
US,United States of America,Bananas
US,United States of America,Supercapitalist
HK,Hong Kong,Supercapitalist
US,United States of America,Rockaway
US,United States of America,The Lady from Shanghai
US,United States of America,No Man's Land: The Rise of Reeker
GB,United Kingdom,Hellraiser
US,United States of America,Highway
US,United States of America,Small Apartments
US,United States of America,Coffee Town
[],[],The Ghastly Love of Johnny X
US,United States of America,All Is Bright
DE,Germany,The Torture Chamber of Dr. Sadism
US,United States of America,Straight A's
GB,United Kingdom,A Funny Thing Happened on the Way to the Forum
US,United States of America,A Funny Thing Happened on the Way to the Forum
US,United States of America,Slacker Uprising
US,United States of America,The Legend of Hell's Gate: An American Conspiracy
US,United States of America,The Walking Deceased
US,United States of America,The Curse of Downers Grove
US,United States of America,Shark Lake
US,United States of America,River's Edge
US,United States of America,Northfork
CA,Canada,The Marine 4: Moving Target
ES,Spain,Buried
US,United States of America,Buried
FR,France,Buried
GB,United Kingdom,Submarine
US,United States of America,Submarine
GB,United Kingdom,The Square
US,United States of America,The Square
EG,Egypt,The Square
FR,France,One to Another
IN,India,ABCD (Any Body Can Dance)
US,United States of America,Hang 'em High
GB,United Kingdom,Man on Wire
US,United States of America,Man on Wire
NZ,New Zealand,Abandoned
[],[],Brotherly Love
US,United States of America,The Last Exorcism
FR,France,The Last Exorcism
CA,Canada,Nowhere Boy
GB,United Kingdom,Nowhere Boy
US,United States of America,"First Love, Last Rites"
US,United States of America,A Streetcar Named Desire
GB,United Kingdom,Dr. Strangelove or: How I Learned to Stop Worrying and Love the Bomb
US,United States of America,Dr. Strangelove or: How I Learned to Stop Worrying and Love the Bomb
MX,Mexico,The Crime of Padre Amaro
US,United States of America,Beasts of the Southern Wild
US,United States of America,May
US,United States of America,Battle for the Planet of the Apes
US,United States of America,Songcatcher
US,United States of America,Higher Ground
IN,India,Vaalu
US,United States of America,The Greatest Movie Ever Sold
[],[],Ed and His Dead Mother
BT,Bhutan,Travellers and Magicians
GB,United Kingdom,Travellers and Magicians
AU,Australia,Travellers and Magicians
US,United States of America,Deadline - U.S.A.
US,United States of America,Sublime
[],[],A Beginner's Guide to Snuff
CA,Canada,Independence Daysaster
US,United States of America,Dysfunctional Friends
DE,Germany,Run Lola Run
CA,Canada,Against the Wild
MX,Mexico,Under the Same Moon
US,United States of America,Under the Same Moon
US,United States of America,Conquest of the Planet of the Apes
US,United States of America,In the Bedroom
US,United States of America,You Can't Take It With You
[],[],Fighting Tommy Riley
US,United States of America,I Spit on Your Grave
US,United States of America,"Happy, Texas"
US,United States of America,My Summer of Love
IN,India,The Lunchbox
FR,France,The Lunchbox
DE,Germany,The Lunchbox
GB,United Kingdom,Yes
US,United States of America,Yes
US,United States of America,From Here to Eternity
US,United States of America,She Wore a Yellow Ribbon
US,United States of America,Grace Unplugged
US,United States of America,Foolish
[],[],N-Secure
FR,France,Mississippi Mermaid
IT,Italy,Mississippi Mermaid
LB,Lebanon,Caramel
FR,France,Caramel
ES,Spain,Out of the Dark
US,United States of America,Out of the Dark
CO,Colombia,Out of the Dark
FR,France,The Bubble
IL,Israel,The Bubble
US,United States of America,The Conversation
IN,India,Dil Jo Bhi Kahey...
[],[],Royal Kill
[],[],I Love Your Work
US,United States of America,Cabin Fever
US,United States of America,Waitress
US,United States of America,Bloodsport
US,United States of America,Mr. Smith Goes to Washington
US,United States of America,Kids
US,United States of America,The Squid and the Whale
US,United States of America,Kissing Jessica Stein
US,United States of America,Kickboxer: Vengeance
US,United States of America,Spellbound
CA,Canada,Exotica
US,United States of America,Buffalo '66
US,United States of America,Insidious
CA,Canada,Insidious
US,United States of America,Repo Man
AR,Argentina,Nine Queens
[],[],The Gatekeepers
US,United States of America,The Ballad of Jack and Rose
US,United States of America,The To Do List
FR,France,Killing Zoe
US,United States of America,Killing Zoe
US,United States of America,The Believer
US,United States of America,Snow Angels
[],[],Unsullied
US,United States of America,Session 9
US,United States of America,Hatchet
US,United States of America,Modern Times
[],[],Stolen Summer
US,United States of America,My Name Is Bruce
[],[],The Salon
US,United States of America,Road Hard
US,United States of America,Forty Shades of Blue
US,United States of America,Amigo
CA,Canada,Pontypool
US,United States of America,Trucker
[],[],Me You and Five Bucks
CA,Canada,The Lords of Salem
US,United States of America,The Lords of Salem
GB,United Kingdom,The Lords of Salem
NZ,New Zealand,Housebound
US,United States of America,Wal-Mart: The High Cost of Low Price
[],[],Fetching Cody
[],[],Last I Heard
IT,Italy,Closer to the Moon
PL,Poland,Closer to the Moon
RO,Romania,Closer to the Moon
US,United States of America,Closer to the Moon
CA,Canada,Mutant World
[],[],Growing Up Smith
US,United States of America,Checkmate
US,United States of America,#Horror
US,United States of America,Wind Walkers
US,United States of America,Snow White and the Seven Dwarfs
AR,Argentina,The Holy Girl
IT,Italy,The Holy Girl
NL,Netherlands,The Holy Girl
ES,Spain,The Holy Girl
US,United States of America,Shalako
DE,Germany,Shalako
[],[],Incident at Loch Ness
US,United States of America,The Dog Lover
CA,Canada,GirlHouse
FR,France,The Blue Room
US,United States of America,House at the End of the Drive
US,United States of America,Batman
GB,United Kingdom,"Lock, Stock and Two Smoking Barrels"
US,United States of America,The Ballad of Gregorio Cortez
DK,Denmark,The Celebration
SE,Sweden,The Celebration
[],[],Trees Lounge
[],[],Journey from the Fall
[],[],The Basket
CA,Canada,Eddie: The Sleepwalking Cannibal
DK,Denmark,Eddie: The Sleepwalking Cannibal
KG,Kyrgyz Republic,Queen of the Mountains
CA,Canada,Def-Con 4
US,United States of America,The Hebrew Hammer
IN,India,Neal 'n' Nikki
US,United States of America,The 41–Year–Old Virgin Who Knocked Up Sarah Marshall and Felt Superbad About It
US,United States of America,Forget Me Not
US,United States of America,Rebecca
US,United States of America,Friday the 13th Part 2
US,United States of America,The Lost Weekend
CA,Canada,Below Zero
US,United States of America,C.H.U.D.
[],[],Filly Brown
US,United States of America,The Lion of Judah
US,United States of America,Niagara
US,United States of America,How Green Was My Valley
US,United States of America,Da Sweet Blood of Jesus
CA,Canada,Crowsnest
US,United States of America,"Sex, Lies, and Videotape"
US,United States of America,Saw
US,United States of America,Super Troopers
DZ,Algeria,The Algerian
US,United States of America,The Algerian
MX,Mexico,The Amazing Catfish
FR,France,The Amazing Catfish
US,United States of America,From a Whisper to a Scream
IN,India,Monsoon Wedding
US,United States of America,You Can Count on Me
US,United States of America,The Trouble with Harry
US,United States of America,But I'm a Cheerleader
US,United States of America,Home Run
US,United States of America,The Blue Bird
US,United States of America,"The Good, the Bad and the Ugly"
IT,Italy,"The Good, the Bad and the Ugly"
ES,Spain,"The Good, the Bad and the Ugly"
DE,Germany,"The Good, the Bad and the Ugly"
BR,Brazil,The Second Mother
US,United States of America,Blue Like Jazz
[],[],Down & Out With The Dolls
US,United States of America,"Pink Ribbons, Inc."
CA,Canada,"Pink Ribbons, Inc."
FR,France,Desire
[],[],The Blade of Don Juan
[],[],Grand Theft Parsons
US,United States of America,Extreme Movie
US,United States of America,The Charge of the Light Brigade
US,United States of America,Casablanca
US,United States of America,Airborne
[],[],Cotton Comes to Harlem
US,United States of America,The Wicked Within
[],[],Bleeding Hearts
US,United States of America,Waiting...
GB,United Kingdom,Dead Man's Shoes
[],[],Sex With Strangers
CA,Canada,Dracula: Pages from a Virgin's Diary
ZA,South Africa,Faith Like Potatoes
CA,Canada,Beyond the Black Rainbow
ID,Indonesia,The Raid
US,United States of America,The Raid
FR,France,The Raid
[],[],The Dead Undead
[],[],The Vatican Exorcisms
AU,Australia,Lake Mungo
IN,India,Rocket Singh: Salesman of the Year
US,United States of America,Silent Running
US,United States of America,Rocky
NO,Norway,The Sleepwalker
US,United States of America,The Sleepwalker
GB,United Kingdom,Tom Jones
US,United States of America,Unfriended
US,United States of America,Taxi Driver
US,United States of America,The Howling
JM,Jamaica,Dr. No
GB,United Kingdom,Dr. No
US,United States of America,Chernobyl Diaries
US,United States of America,God's Not Dead 2
US,United States of America,Cry_Wolf
JP,Japan,Godzilla 2000
US,United States of America,Blue Valentine
US,United States of America,The Perfect Host
US,United States of America,Transamerica
US,United States of America,The Devil Inside
US,United States of America,Beyond the Valley of the Dolls
US,United States of America,Love Me Tender
US,United States of America,An Inconvenient Truth
PK,Pakistan,Karachi se Lahore
US,United States of America,Sands of Iwo Jima
GB,United Kingdom,Shine a Light
US,United States of America,Shine a Light
CA,Canada,The Green Inferno
CL,Chile,The Green Inferno
US,United States of America,The Green Inferno
FR,France,Departure
GB,United Kingdom,Departure
US,United States of America,The Sessions
GB,United Kingdom,Clean
FR,France,Clean
CA,Canada,Clean
US,United States of America,"Food, Inc."
US,United States of America,October Baby
US,United States of America,Next Stop Wonderland
US,United States of America,The Skeleton Twins
US,United States of America,Martha Marcy May Marlene
US,United States of America,Obvious Child
US,United States of America,Frozen River
US,United States of America,20 Feet from Stardom
US,United States of America,Two Girls and a Guy
DE,Germany,Walking and Talking
GB,United Kingdom,Walking and Talking
US,United States of America,Walking and Talking
US,United States of America,Who Killed the Electric Car?
GY,Guyana,Guiana 1838
US,United States of America,Guiana 1838
US,United States of America,The Broken Hearts Club: A Romantic Comedy
US,United States of America,Bubba Ho-tep
[],[],Slam
US,United States of America,Brigham City
IN,India,Fiza
IL,Israel,Ajami
DE,Germany,Ajami
JP,Japan,Orgazmo
US,United States of America,Orgazmo
US,United States of America,All the Real Girls
US,United States of America,Dream with the Fishes
[],[],Blue Car
US,United States of America,Palo Alto
GB,United Kingdom,Wristcutters: A Love Story
US,United States of America,Wristcutters: A Love Story
US,United States of America,I Origins
US,United States of America,The Battle of Shaker Heights
DK,Denmark,The Act of Killing
NO,Norway,The Act of Killing
GB,United Kingdom,The Act of Killing
GB,United Kingdom,Taxi to the Dark Side
[],[],Once in a Lifetime: The Extraordinary Story of the New York Cosmos
NZ,New Zealand,Antarctica: A Year on Ice
US,United States of America,A LEGO Brickumentary
DK,Denmark,A LEGO Brickumentary
[],[],Hardflip
IN,India,Chocolate: Deep Dark Secrets
US,United States of America,The House of the Devil
IR,Iran,The Circle
US,United States of America,Safe Men
US,United States of America,Speedway Junky
US,United States of America,The Last Big Thing
US,United States of America,The Specials
[],[],16 to Life
US,United States of America,Alone With Her
US,United States of America,Creative Control
US,United States of America,Special
[],[],Sparkler
US,United States of America,The Helix... Loaded
US,United States of America,In Her Line of Fire
US,United States of America,The Jimmy Show
MX,Mexico,Heli
US,United States of America,Loving Annabelle
US,United States of America,Hits
US,United States of America,Jimmy and Judy
US,United States of America,Frat Party
GB,United Kingdom,The Party's Over
[],[],Proud
[],[],Interview with the Assassin
US,United States of America,The Poker House
US,United States of America,Childless
US,United States of America,ZMD: Zombies of Mass Destruction
[],[],Snow White: A Deadly Summer
ES,Spain,Hidden Away
US,United States of America,My Last Day Without You
US,United States of America,Steppin: The Movie
US,United States of America,Doc Holliday's Revenge
US,United States of America,Black Rock
GB,United Kingdom,Truth or Dare
[],[],The Pet
CA,Canada,Bang Bang Baby
US,United States of America,Fear Clinic
US,United States of America,Zombie Hunter
[],[],A Fine Step
US,United States of America,Charly
US,United States of America,Banshee Chapter
DE,Germany,Banshee Chapter
[],[],Water & Power
US,United States of America,Ask Me Anything
[],[],And Then Came Love
[],[],Food Chains
US,United States of America,On the Waterfront
CA,Canada,L!fe Happens
US,United States of America,L!fe Happens
BE,Belgium,"4 Months, 3 Weeks and 2 Days"
RO,Romania,"4 Months, 3 Weeks and 2 Days"
US,United States of America,Everything Put Together
[],[],The Horror Network Vol. 1
US,United States of America,Hard Candy
US,United States of America,The Quiet
FR,France,Circumstance
IR,Iran,Circumstance
US,United States of America,Circumstance
US,United States of America,Fruitvale Station
US,United States of America,The Brass Teapot
US,United States of America,Bambi
US,United States of America,The Hammer
US,United States of America,Latter Days
GP,Guadaloupe,Elza
FR,France,Elza
US,United States of America,1982
US,United States of America,"For a Good Time, Call..."
US,United States of America,Celeste & Jesse Forever
US,United States of America,Time Changer
GB,United Kingdom,London to Brighton
US,United States of America,American Hero
US,United States of America,Windsor Drive
IR,Iran,A Separation
FR,France,A Separation
GB,United Kingdom,Crying with Laughter
US,United States of America,Welcome to the Dollhouse
US,United States of America,Ruby in Paradise
US,United States of America,Raising Victor Vargas
DE,Germany,Pandora's Box
[],[],Harrison Montgomery
AR,Argentina,Live-In Maid
US,United States of America,Deterrence
US,United States of America,The Mudge Boy
[],[],The Young Unknowns
[],[],Iraq for Sale: The War Profiteers
US,United States of America,Not Cool
NO,Norway,Dead Snow
US,United States of America,Saints and Soldiers
US,United States of America,Vessel
US,United States of America,American Graffiti
US,United States of America,Aqua Teen Hunger Force Colon Movie Film for Theaters
US,United States of America,Safety Not Guaranteed
US,United States of America,Kevin Hart: Laugh at My Pain
GB,United Kingdom,Kill List
US,United States of America,The Innkeepers
IT,Italy,The Conformist
DE,Germany,The Conformist
FR,France,The Conformist
GB,United Kingdom,Donkey Punch
US,United States of America,All the Boys Love Mandy Lane
[],[],Bled
US,United States of America,High Noon
US,United States of America,Hoop Dreams
US,United States of America,Rize
US,United States of America,L.I.E.
[],[],The Sisterhood of Night
US,United States of America,B-Girl
US,United States of America,Half Nelson
US,United States of America,Naturally Native
US,United States of America,Hav Plenty
[],[],Adulterers
US,United States of America,Escape from Tomorrow
[],[],Starsuckers
US,United States of America,The Hadza:  Last of the First
US,United States of America,After
[],[],Treachery
US,United States of America,Walter
US,United States of America,Top Hat
US,United States of America,The Blair Witch Project
US,United States of America,Woodstock
US,United States of America,The Kentucky Fried Movie
[],[],Mercy Streets
US,United States of America,Carousel of Revenge
[],[],Broken Vessels
GB,United Kingdom,They Will Have to Kill Us First
[],[],Light from the Darkroom
FR,France,The Country Doctor
US,United States of America,The Maid's Room
GB,United Kingdom,A Hard Day's Night
[],[],The Harvest (La Cosecha)
US,United States of America,Love Letters
SI,Slovenia,Juliet and Alfa Romeo
US,United States of America,Fireproof
FR,France,Faith Connections
IN,India,Faith Connections
US,United States of America,Benji
US,United States of America,Open Water
US,United States of America,High Road
US,United States of America,Kingdom of the Spiders
US,United States of America,Mad Hot Ballroom
US,United States of America,The Station Agent
US,United States of America,To Save A Life
[],[],Wordplay
US,United States of America,Beyond the Mat
US,United States of America,The Singles Ward
AF,Afghanistan,Osama
IE,Ireland,Osama
JP,Japan,Osama
[],[],Sholem Aleichem: Laughing In The Darkness
US,United States of America,Groove
US,United States of America,The R.M.
[],[],Twin Falls Idaho
US,United States of America,Mean Creek
US,United States of America,Hurricane Streets
[],[],Never Again
US,United States of America,Civil Brand
[],[],Lonesome Jim
US,United States of America,Drinking Buddies
US,United States of America,Deceptive Practice: The Mysteries and Mentors of Ricky Jay
JP,Japan,Seven Samurai
[],[],The Other Dream Team
CH,Switzerland,Johnny Suede
FR,France,Johnny Suede
US,United States of America,Johnny Suede
US,United States of America,Finishing The Game
FR,France,Rubber
AO,Angola,Rubber
US,United States of America,Kiss the Bride
US,United States of America,The Slaughter Rule
US,United States of America,Good Kill
GB,United Kingdom,Monsters
US,United States of America,The Californians
[],[],The Living Wake
US,United States of America,Detention of the Dead
CN,China,Crazy Stone
HK,Hong Kong,Crazy Stone
FR,France,Scott Walker: 30 Century Man
GB,United Kingdom,Scott Walker: 30 Century Man
US,United States of America,Scott Walker: 30 Century Man
US,United States of America,Girls Gone Dead
[],[],America Is Still the Place
US,United States of America,Subconscious
US,United States of America,Enter Nowhere
DO,Dominican Republic,El Rey de Najayo
US,United States of America,Fight to the Finish
US,United States of America,Alleluia! The Devil's Carnival
US,United States of America,The Sound and the Shadow
US,United States of America,Rodeo Girl
US,United States of America,Born to Fly: Elizabeth Streb vs. Gravity
GB,United Kingdom,Born to Fly: Elizabeth Streb vs. Gravity
[],[],The Little Ponderosa Zoo
US,United States of America,The Toxic Avenger
[],[],Straight Out of Brooklyn
IE,Ireland,Bloody Sunday
GB,United Kingdom,Bloody Sunday
[],[],Diamond Ruff
GB,United Kingdom,Conversations with Other Women
US,United States of America,Conversations with Other Women
US,United States of America,Poultrygeist: Night of the Chicken Dead
[],[],Mutual Friends
US,United States of America,42nd Street
[],[],Rise of the Entrepreneur: The Search for a Better Way
US,United States of America,Metropolitan
SE,Sweden,As It Is in Heaven
[],[],Roadside
US,United States of America,Napoleon Dynamite
US,United States of America,Paranormal Activity
US,United States of America,Dogtown and Z-Boys
GB,United Kingdom,Monty Python and the Holy Grail
US,United States of America,Quinceañera
[],[],Gory Gory Hallelujah
US,United States of America,Tarnation
[],[],I Want Your Money
US,United States of America,Love in the Time of Monsters
IT,Italy,The Beyond
US,United States of America,What Happens in Vegas
CA,Canada,The Dark Hours
GB,United Kingdom,My Beautiful Laundrette
[],[],Fabled
CA,Canada,Show Me
US,United States of America,Show Me
SE,Sweden,Cries and Whispers
[],[],The Looking Glass
US,United States of America,Intolerance
US,United States of America,Trekkies
US,United States of America,The Broadway Melody
US,United States of America,The Evil Dead
FR,France,Maniac
US,United States of America,Maniac
US,United States of America,Death Race 2000
DE,Germany,Censored Voices
IL,Israel,Censored Voices
US,United States of America,Murderball
US,United States of America,American Ninja 2: The Confrontation
[],[],51 Birch Street
US,United States of America,Rotor DR1
US,United States of America,12 Angry Men
US,United States of America,My Dog Tulip
US,United States of America,It Happened One Night
GR,Greece,Dogtooth
US,United States of America,Tupac: Resurrection
US,United States of America,Tumbleweeds
DE,Germany,Super Hybrid
US,United States of America,Super Hybrid
US,United States of America,The Prophecy
FR,France,When the Cat's Away
US,United States of America,Pieces of April
[],[],The Big Swap
US,United States of America,Old Joy
US,United States of America,Baghead
US,United States of America,Wendy and Lucy
US,United States of America,3 Backyards
FR,France,Pierrot le Fou
IT,Italy,Pierrot le Fou
CM,Cameroon,Sisters in Law
GB,United Kingdom,Sisters in Law
IN,India,Ayurveda: Art of Being
CH,Switzerland,Ayurveda: Art of Being
DE,Germany,Ayurveda: Art of Being
US,United States of America,Nothing But a Man
US,United States of America,American Beast
US,United States of America,Locker 13
[],[],Midnight Cabaret
US,United States of America,Anderson's Cross
US,United States of America,Bizarre
FR,France,Bizarre
US,United States of America,Graduation Day
US,United States of America,Some Guy Who Kills People
US,United States of America,Compliance
US,United States of America,Chasing Amy
US,United States of America,Lovely & Amazing
[],[],Death Calls
US,United States of America,Better Luck Tomorrow
US,United States of America,The Incredibly True Adventure of Two Girls In Love
US,United States of America,Chuck & Buck
US,United States of America,Shotgun Stories
US,United States of America,American Desi
IN,India,American Desi
US,United States of America,Amidst the Devil's Wings
CA,Canada,Cube
AU,Australia,Love and Other Catastrophes
US,United States of America,I Married a Strange Person!
US,United States of America,November
US,United States of America,The Christmas Bunny
US,United States of America,Like Crazy
[],[],Teeth and Blood
GB,United Kingdom,Sugar Town
US,United States of America,Sugar Town
US,United States of America,The Motel
US,United States of America,The Canyons
US,United States of America,On the Outs
US,United States of America,Along the Roadside
GB,United Kingdom,Exam
[],[],The Sticky Fingers of Time
US,United States of America,Sunday School Musical
[],[],Rust
US,United States of America,Ink
FR,France,The Case of the Grinning Cat
US,United States of America,Butterfly
[],[],UnDivided
[],[],The Frozen
US,United States of America,Horse Camp
US,United States of America,Give Me Shelter
US,United States of America,The Big Parade
US,United States of America,Little Big Top
GB,United Kingdom,Bronson
US,United States of America,Western Religion
US,United States of America,Burn
[],[],Urbania
[],[],The Stewardesses
US,United States of America,"The Beast from 20,000 Fathoms"
[],[],Perfect Cowboy
AU,Australia,Mad Max
US,United States of America,Swingers
IT,Italy,A Fistful of Dollars
DE,Germany,A Fistful of Dollars
ES,Spain,A Fistful of Dollars
US,United States of America,She Done Him Wrong
[],[],Short Cut to Nirvana: Kumbh Mela
US,United States of America,The Grace Card
US,United States of America,Middle of Nowhere
DE,Germany,Three
US,United States of America,The Business of Fancydancing
[],[],Call + Response
US,United States of America,Malevolence
US,United States of America,Reality Show
DK,Denmark,Ordet
US,United States of America,Good Dick
US,United States of America,The Man from Earth
US,United States of America,The Trials Of Darryl Hunt
[],[],Samantha: An American Girl Holiday
[],[],Cavite
US,United States of America,Yesterday Was a Lie
US,United States of America,Theresa Is a Mother
US,United States of America,H.
AR,Argentina,H.
US,United States of America,Archaeology of a Woman
IR,Iran,Children of Heaven
US,United States of America,A Charlie Brown Christmas
GB,United Kingdom,Weekend
US,United States of America,She's Gotta Have It
US,United States of America,Butterfly Girl
RO,Romania,The World Is Mine
US,United States of America,Another Earth
US,United States of America,Sweet Sweetback's Baadasssss Song
US,United States of America,Tadpole
IE,Ireland,Once
US,United States of America,The Woman Chaser
[],[],The Horse Boy
GB,United Kingdom,When the Lights Went Out
US,United States of America,Heroes of Dirt
US,United States of America,Aroused
US,United States of America,Top Spin
US,United States of America,Roger & Me
US,United States of America,An American in Hollywood
US,United States of America,Sound of My Voice
[],[],The Blood of My Brother: A Story of Death in Iraq
US,United States of America,The Lost Skeleton of Cadavra
US,United States of America,Your Sister's Sister
CA,Canada,A Dog's Breakfast
FR,France,The Married Woman
US,United States of America,The Birth of a Nation
US,United States of America,The Work and The Story
US,United States of America,The Gallows
US,United States of America,Eraserhead
[],[],Hollywood Shuffle
US,United States of America,The Mighty
[],[],Penitentiary
[],[],Dude Where's My Dog?
US,United States of America,Cheap Thrills
CA,Canada,Indie Game: The Movie
GB,United Kingdom,Straightheads
US,United States of America,Open Secret
US,United States of America,Echo Dr.
SE,Sweden,The Night Visitor
US,United States of America,The Night Visitor
US,United States of America,The Past Is a Grotesque Animal
US,United States of America,"Peace, Propaganda & the Promised Land"
US,United States of America,Pi
US,United States of America,"I Love You, Don't Touch Me!"
US,United States of America,The Signal
US,United States of America,20 Dates
US,United States of America,Queen Crab
US,United States of America,Super Size Me
US,United States of America,The FP
US,United States of America,Happy Christmas
[],[],Her Cry: La Llorona Investigation
US,United States of America,The Brain That Wouldn't Die
US,United States of America,Tiger Orange
[],[],Supporting Characters
US,United States of America,Absentia
US,United States of America,The Brothers McMullen
CA,Canada,The Dirties
BR,Brazil,Gabriela
US,United States of America,Tiny Furniture
US,United States of America,Hayride
[],[],The Naked Ape
US,United States of America,Counting
GB,United Kingdom,The Call of Cthulhu
[],[],Bending Steel
US,United States of America,The Image Revolution
US,United States of America,This Is Martin Bonner
[],[],A True Story
US,United States of America,George Washington
US,United States of America,Smiling Fish & Goat On Fire
GB,United Kingdom,Down Terrace
[],[],Dawn of the Crescent Moon
[],[],Raymond Did It
US,United States of America,The Last Waltz
US,United States of America,"Run, Hide, Die"
[],[],The Exploding Girl
[],[],The Legend of God's Gun
[],[],Mutual Appreciation
US,United States of America,Clerks
US,United States of America,Pink Narcissus
US,United States of America,Funny Ha Ha
CA,Canada,In the Company of Men
US,United States of America,In the Company of Men
US,United States of America,Manito
CA,Canada,Rampage
DE,Germany,Rampage
US,United States of America,Slacker
[],[],Dutch Kills
US,United States of America,Dry Spell
US,United States of America,Flywheel
US,United States of America,Backmask
[],[],The Puffy Chair
KE,Kenya,Stories of Our Lives
US,United States of America,Breaking Upwards
[],[],All Superheroes Must Die
US,United States of America,Pink Flamingos
IE,Ireland,Tin Can Man
JP,Japan,Cure
US,United States of America,On The Downlow
US,United States of America,Sanctuary: Quite a Conundrum
US,United States of America,Bang
US,United States of America,Primer
MX,Mexico,El Mariachi
US,United States of America,El Mariachi
[],[],Newlyweds
US,United States of America,"Signed, Sealed, Delivered"
US,United States of America,Shanghai Calling
CN,China,Shanghai Calling
US,United States of America,My Date with Drew
