iso_639_1,name,movie
en,English,Avatar
es,Español,Avatar
en,English,Pirates of the Caribbean: At World's End
fr,Français,Spectre
en,English,Spectre
es,Español,Spectre
it,Italiano,Spectre
de,Deutsch,Spectre
en,English,The Dark Knight Rises
en,English,John Carter
en,English,Spider-Man 3
fr,Français,Spider-Man 3
en,English,Tangled
en,English,Avengers: Age of Ultron
en,English,Harry Potter and the Half-Blood Prince
en,English,Batman v Superman: Dawn of Justice
en,English,Superman Returns
fr,Français,Superman Returns
de,Deutsch,Superman Returns
en,English,Quantum of Solace
es,Español,Quantum of Solace
it,Italiano,Quantum of Solace
fr,Français,Quantum of Solace
de,Deutsch,Quantum of Solace
en,English,Pirates of the Caribbean: Dead Man's Chest
tr,Türkçe,Pirates of the Caribbean: Dead Man's Chest
el,ελληνικά,Pirates of the Caribbean: Dead Man's Chest
zh,普通话,Pirates of the Caribbean: Dead Man's Chest
en,English,The Lone Ranger
en,English,Man of Steel
en,English,The Chronicles of Narnia: Prince Caspian
en,English,The Avengers
en,English,Pirates of the Caribbean: On Stranger Tides
es,Español,Pirates of the Caribbean: On Stranger Tides
en,English,Men in Black 3
en,English,The Hobbit: The Battle of the Five Armies
en,English,The Amazing Spider-Man
en,English,Robin Hood
th,ภาษาไทย,Robin Hood
en,English,The Hobbit: The Desolation of Smaug
is,Íslenska,The Golden Compass
en,English,The Golden Compass
ru,Pусский,The Golden Compass
fr,Français,The Golden Compass
en,English,King Kong
en,English,Titanic
fr,Français,Titanic
de,Deutsch,Titanic
sv,svenska,Titanic
it,Italiano,Titanic
ru,Pусский,Titanic
ro,Română,Captain America: Civil War
en,English,Captain America: Civil War
de,Deutsch,Captain America: Civil War
ru,Pусский,Captain America: Civil War
en,English,Battleship
th,ภาษาไทย,Battleship
en,English,Jurassic World
en,English,Skyfall
en,English,Spider-Man 2
ru,Pусский,Spider-Man 2
zh,普通话,Spider-Man 2
en,English,Iron Man 3
en,English,Alice in Wonderland
en,English,X-Men: The Last Stand
en,English,Monsters University
en,English,Transformers: Revenge of the Fallen
es,Español,Transformers: Revenge of the Fallen
en,English,Transformers: Age of Extinction
en,English,Oz: The Great and Powerful
en,English,The Amazing Spider-Man 2
en,English,TRON: Legacy
en,English,Cars 2
ja,日本語,Cars 2
it,Italiano,Cars 2
fr,Français,Cars 2
en,English,Green Lantern
en,English,Toy Story 3
es,Español,Toy Story 3
en,English,Terminator Salvation
it,Italiano,Terminator Salvation
en,English,Furious 7
en,English,World War Z
en,English,Transformers: Dark of the Moon
en,English,X-Men: Days of Future Past
en,English,Star Trek Into Darkness
en,English,Jack the Giant Slayer
en,English,The Great Gatsby
en,English,Prince of Persia: The Sands of Time
en,English,Pacific Rim
en,English,Indiana Jones and the Kingdom of the Crystal Skull
de,Deutsch,Indiana Jones and the Kingdom of the Crystal Skull
ru,Pусский,Indiana Jones and the Kingdom of the Crystal Skull
en,English,The Good Dinosaur
en,English,Brave
en,English,Star Trek Beyond
en,English,WALL·E
la,Latin,Rush Hour 3
en,English,Rush Hour 3
fr,Français,Rush Hour 3
ja,日本語,Rush Hour 3
zh,普通话,Rush Hour 3
en,English,2012
fr,Français,2012
hi,हिन्दी,2012
it,Italiano,2012
la,Latin,2012
zh,普通话,2012
pt,Português,2012
ru,Pусский,2012
bo,,2012
en,English,A Christmas Carol
en,English,Jupiter Ascending
en,English,The Legend of Tarzan
en,English,"The Chronicles of Narnia: The Lion, the Witch and the Wardrobe"
de,Deutsch,"The Chronicles of Narnia: The Lion, the Witch and the Wardrobe"
en,English,Dawn of the Planet of the Apes
en,English,X-Men: Apocalypse
en,English,The Dark Knight
zh,普通话,The Dark Knight
en,English,Up
en,English,Monsters vs Aliens
en,English,Iron Man
fa,فارسی,Iron Man
ur,اردو,Iron Man
ar,العربية,Iron Man
en,English,Hugo
en,English,Wild Wild West
en,English,The Mummy: Tomb of the Dragon Emperor
zh,普通话,The Mummy: Tomb of the Dragon Emperor
sa,,The Mummy: Tomb of the Dragon Emperor
en,English,Suicide Squad
en,English,Evan Almighty
en,English,Edge of Tomorrow
en,English,Waterworld
de,Deutsch,Waterworld
es,Español,Waterworld
en,English,G.I. Joe: The Rise of Cobra
fr,Français,G.I. Joe: The Rise of Cobra
gd,,G.I. Joe: The Rise of Cobra
en,English,Inside Out
en,English,The Jungle Book
en,English,Iron Man 2
ru,Pусский,Iron Man 2
fr,Français,Iron Man 2
en,English,Snow White and the Huntsman
en,English,Maleficent
en,English,The Lovers
en,English,47 Ronin
ja,日本語,47 Ronin
en,English,Captain America: The Winter Soldier
en,English,Shrek Forever After
en,English,Tomorrowland
en,English,Big Hero 6
en,English,Divergent
en,English,Wreck-It Ralph
en,English,The Polar Express
en,English,Independence Day: Resurgence
en,English,How to Train Your Dragon
en,English,Terminator 3: Rise of the Machines
en,English,Guardians of the Galaxy
en,English,Interstellar
en,English,Daddy Day Care
en,English,Inception
ja,日本語,Inception
fr,Français,Inception
it,Italiano,Shin Godzilla
de,Deutsch,Shin Godzilla
en,English,Shin Godzilla
ja,日本語,Shin Godzilla
en,English,The Hobbit: An Unexpected Journey
en,English,The Fast and the Furious
en,English,The Curious Case of Benjamin Button
de,Deutsch,X-Men: First Class
en,English,X-Men: First Class
es,Español,X-Men: First Class
fr,Français,X-Men: First Class
ru,Pусский,X-Men: First Class
en,English,Frozen
en,English,The Hunger Games: Mockingjay - Part 2
en,English,The Sorcerer's Apprentice
en,English,Poseidon
es,Español,Poseidon
en,English,Alice Through the Looking Glass
fr,Français,Shrek the Third
en,English,Warcraft
en,English,Terminator Genisys
en,English,The Chronicles of Narnia: The Voyage of the Dawn Treader
fr,Français,Pearl Harbor
en,English,Pearl Harbor
ja,日本語,Pearl Harbor
es,Español,Transformers
en,English,Transformers
en,English,Alexander
en,English,Batman Begins
ur,اردو,Batman Begins
zh,普通话,Batman Begins
en,English,Harry Potter and the Order of the Phoenix
en,English,Harry Potter and the Goblet of Fire
fr,Français,Harry Potter and the Goblet of Fire
en,English,Hancock
ja,日本語,Hancock
en,English,I Am Legend
en,English,Charlie and the Chocolate Factory
en,English,Ratatouille
en,English,Madagascar: Escape 2 Africa
it,Italiano,Madagascar: Escape 2 Africa
th,ภาษาไทย,Madagascar: Escape 2 Africa
en,English,Night at the Museum: Battle of the Smithsonian
en,English,X-Men Origins: Wolverine
en,English,The Matrix Revolutions
fr,Français,The Matrix Revolutions
en,English,The Boxtrolls
en,English,The Matrix Reloaded
en,English,Thor: The Dark World
en,English,Mad Max: Fury Road
en,English,Angels & Demons
it,Italiano,Angels & Demons
la,Latin,Angels & Demons
fr,Français,Angels & Demons
de,Deutsch,Angels & Demons
zh,普通话,Angels & Demons
en,English,Thor
en,English,Bolt
en,English,Kung Fu Panda 3
en,English,G-Force
en,English,Wrath of the Titans
en,English,Dark Shadows
de,Deutsch,Mission: Impossible - Rogue Nation
en,English,Mission: Impossible - Rogue Nation
sv,svenska,Mission: Impossible - Rogue Nation
en,English,The Wolfman
en,English,How to Train Your Dragon 2
en,English,Bee Movie
en,English,Kung Fu Panda 2
en,English,The Last Airbender
de,Deutsch,Mission: Impossible III
en,English,Mission: Impossible III
it,Italiano,Mission: Impossible III
zh,普通话,Mission: Impossible III
cs,Český,Mission: Impossible III
cn,广州话 / 廣州話,Mission: Impossible III
en,English,White House Down
en,English,Mars Needs Moms
en,English,Flushed Away
en,English,Pan
en,English,Mr. Peabody & Sherman
en,English,Troy
en,English,Mission: Impossible - Ghost Protocol
ru,Pусский,Mission: Impossible - Ghost Protocol
fr,Français,Mission: Impossible - Ghost Protocol
ar,العربية,Mission: Impossible - Ghost Protocol
sv,svenska,Mission: Impossible - Ghost Protocol
en,English,Madagascar 3: Europe's Most Wanted
es,Español,Madagascar 3: Europe's Most Wanted
th,ภาษาไทย,Madagascar 3: Europe's Most Wanted
en,English,Die Another Day
ko,한국어/조선말,Die Another Day
cn,广州话 / 廣州話,Die Another Day
de,Deutsch,Die Another Day
es,Español,Die Another Day
is,Íslenska,Die Another Day
it,Italiano,Die Another Day
en,English,Ghostbusters
en,English,Armageddon
ru,Pусский,Armageddon
en,English,Men in Black II
en,English,Beowulf
fr,Français,Rise of the Guardians
en,English,Rise of the Guardians
en,English,Fun with Dick and Jane
en,English,The Last Samurai
ja,日本語,The Last Samurai
en,English,Exodus: Gods and Kings
en,English,Star Trek
en,English,Spider-Man
en,English,Gods of Egypt
en,English,Stealth
de,Deutsch,Stealth
ko,한국어/조선말,Stealth
ru,Pусский,Stealth
es,Español,Stealth
en,English,Watchmen
en,English,Lethal Weapon 4
cn,广州话 / 廣州話,Lethal Weapon 4
zh,普通话,Lethal Weapon 4
en,English,Hulk
es,Español,Hulk
en,English,G.I. Joe: Retaliation
en,English,Sahara
fr,Français,Sahara
ar,العربية,Sahara
en,English,Walking Tall
en,English,Final Fantasy: The Spirits Within
fr,Français,Captain America: The First Avenger
no,Norsk,Captain America: The First Avenger
en,English,Captain America: The First Avenger
en,English,The World Is Not Enough
ru,Pусский,The World Is Not Enough
fr,Français,Master and Commander: The Far Side of the World
pt,Português,Master and Commander: The Far Side of the World
en,English,Master and Commander: The Far Side of the World
en,English,The Twilight Saga: Breaking Dawn - Part 2
en,English,Happy Feet Two
pt,Português,The Incredible Hulk
es,Español,The Incredible Hulk
en,English,The Incredible Hulk
en,English,The BFG
en,English,The Revenant
fr,Français,The Revenant
en,English,Turbo
en,English,Rango
en,English,Penguins of Madagascar
en,English,The Bourne Ultimatum
fr,Français,The Bourne Ultimatum
ar,العربية,The Bourne Ultimatum
ru,Pусский,The Bourne Ultimatum
es,Español,The Bourne Ultimatum
en,English,Kung Fu Panda
en,English,Ant-Man
en,English,The Hunger Games: Catching Fire
en,English,Home
en,English,War of the Worlds
en,English,Bad Boys II
es,Español,Bad Boys II
en,English,After Earth
es,Español,Puss in Boots
en,English,Puss in Boots
en,English,Salt
ru,Pусский,Salt
ko,한국어/조선말,Salt
en,English,Noah
en,English,The Adventures of Tintin
en,English,Harry Potter and the Prisoner of Azkaban
en,English,Australia
ja,日本語,Australia
en,English,Dinosaur
en,English,Night at the Museum: Secret of the Tomb
en,English,Megamind
en,English,Harry Potter and the Philosopher's Stone
en,English,R.I.P.D.
en,English,Pirates of the Caribbean: The Curse of the Black Pearl
en,English,The Hunger Games: Mockingjay - Part 1
en,English,The Da Vinci Code
fr,Français,The Da Vinci Code
la,Latin,The Da Vinci Code
es,Español,The Da Vinci Code
en,English,Rio 2
pt,Português,Rio 2
en,English,X2
de,Deutsch,X2
it,Italiano,X2
en,English,Fast Five
es,Español,Fast Five
pt,Português,Fast Five
it,Italiano,Fast Five
en,English,Sherlock Holmes: A Game of Shadows
en,English,Clash of the Titans
en,English,Total Recall
en,English,The 13th Warrior
no,Norsk,The 13th Warrior
en,English,The Bourne Legacy
ru,Pусский,The Bourne Legacy
en,English,Batman & Robin
en,English,How the Grinch Stole Christmas
en,English,The Day After Tomorrow
ja,日本語,The Day After Tomorrow
fr,Français,The Day After Tomorrow
ar,العربية,The Day After Tomorrow
es,Español,The Day After Tomorrow
en,English,Mission: Impossible II
en,English,The Perfect Storm
en,English,Fantastic 4: Rise of the Silver Surfer
ja,日本語,Fantastic 4: Rise of the Silver Surfer
ar,العربية,Fantastic 4: Rise of the Silver Surfer
zh,普通话,Fantastic 4: Rise of the Silver Surfer
zh,普通话,Life of Pi
en,English,Life of Pi
fr,Français,Life of Pi
hi,हिन्दी,Life of Pi
ja,日本語,Life of Pi
ta,தமிழ்,Life of Pi
en,English,Ghost Rider
en,English,Jason Bourne
en,English,Charlie's Angels: Full Throttle
zh,普通话,Charlie's Angels: Full Throttle
es,Español,Charlie's Angels: Full Throttle
gd,,Prometheus
en,English,Prometheus
en,English,Stuart Little 2
en,English,Elysium
en,English,The Chronicles of Riddick
en,English,RoboCop
en,English,Star Wars: Episode II - Attack of the Clones
en,English,Speed Racer
en,English,How Do You Know
en,English,Knight and Day
de,Deutsch,Knight and Day
es,Español,Knight and Day
en,English,Oblivion
en,English,Star Wars: Episode III - Revenge of the Sith
en,English,"Monsters, Inc."
en,English,The Wolverine
en,English,Star Wars: Episode I - The Phantom Menace
en,English,The Croods
fr,Français,Asterix at the Olympic Games
pt,Português,Asterix at the Olympic Games
en,English,Windtalkers
ja,日本語,Windtalkers
nv,,Windtalkers
en,English,Ender's Game
en,English,The Huntsman: Winter's War
en,English,Teenage Mutant Ninja Turtles
en,English,Gravity
en,English,Dante's Peak
en,English,Teenage Mutant Ninja Turtles: Out of the Shadows
en,English,Collateral Damage
es,Español,Collateral Damage
en,English,Fantastic Four
en,English,Night at the Museum
it,Italiano,Night at the Museum
he,עִבְרִית,Night at the Museum
en,English,San Andreas
de,Deutsch,Tomorrow Never Dies
en,English,Tomorrow Never Dies
da,Dansk,Tomorrow Never Dies
zh,普通话,Tomorrow Never Dies
cn,广州话 / 廣州話,Tomorrow Never Dies
en,English,The Patriot
fr,Français,Ocean's Twelve
it,Italiano,Ocean's Twelve
nl,Nederlands,Ocean's Twelve
zh,普通话,Ocean's Twelve
en,English,Ocean's Twelve
en,English,Goosebumps
en,English,Mr. & Mrs. Smith
es,Español,Mr. & Mrs. Smith
en,English,Insurgent
en,English,The Aviator
en,English,Gulliver's Travels
en,English,The Green Hornet
zh,普通话,The Green Hornet
en,English,300: Rise of an Empire
en,English,The Smurfs
zh,普通话,Home on the Range
en,English,Home on the Range
en,English,Allegiant
en,English,Real Steel
en,English,The Smurfs 2
en,English,Speed 2: Cruise Control
pt,Português,Speed 2: Cruise Control
en,English,The Lincoln Lawyer
en,English,Live Free or Die Hard
it,Italiano,Live Free or Die Hard
fr,Français,Live Free or Die Hard
en,English,The Lord of the Rings: The Fellowship of the Ring
de,Deutsch,Around the World in 80 Days
en,English,Around the World in 80 Days
fr,Français,Around the World in 80 Days
hi,हिन्दी,Around the World in 80 Days
tr,Türkçe,Around the World in 80 Days
cn,广州话 / 廣州話,Around the World in 80 Days
en,English,Ali
en,English,The Cat in the Hat
en,English,"I, Robot"
en,English,Eragon
ar,العربية,Kingdom of Heaven
en,English,Kingdom of Heaven
it,Italiano,Kingdom of Heaven
la,Latin,Kingdom of Heaven
en,English,Stuart Little
fr,Français,The Princess and the Frog
en,English,The Princess and the Frog
en,English,The Martian
zh,普通话,The Martian
en,English,The Island
en,English,Town & Country
en,English,Gone in Sixty Seconds
en,English,Gladiator
en,English,Minority Report
sv,svenska,Minority Report
en,English,Harry Potter and the Chamber of Secrets
en,English,Casino Royale
fr,Français,Casino Royale
en,English,Planet of the Apes
en,English,Terminator 2: Judgment Day
es,Español,Terminator 2: Judgment Day
en,English,Public Enemies
en,English,American Gangster
en,English,True Lies
fr,Français,True Lies
ar,العربية,True Lies
de,Deutsch,True Lies
en,English,The Taking of Pelham 1 2 3
en,English,Little Fockers
en,English,Transcendence
en,English,The Other Guys
en,English,Eraser
en,English,Django Unchained
fr,Français,Django Unchained
de,Deutsch,Django Unchained
la,Latin,The Hunchback of Notre Dame
en,English,The Hunchback of Notre Dame
en,English,The Emperor's New Groove
en,English,The Expendables 2
la,Latin,National Treasure
en,English,National Treasure
es,Español,National Treasure
en,English,Mulan
zh,普通话,Mulan
en,English,Where the Wild Things Are
en,English,Epic
en,English,The Tourist
fr,Français,The Tourist
it,Italiano,The Tourist
ru,Pусский,The Tourist
es,Español,The Tourist
en,English,End of Days
it,Italiano,End of Days
la,Latin,End of Days
af,Afrikaans,Blood Diamond
en,English,Blood Diamond
fr,Français,The Wolf of Wall Street
en,English,The Wolf of Wall Street
en,English,Batman Forever
en,English,Starship Troopers
en,English,Cloud Atlas
en,English,Legend of the Guardians: The Owls of Ga'Hoole
es,Español,Catwoman
en,English,Catwoman
en,English,The Pelican Brief
en,English,Hercules
en,English,Treasure Planet
en,English,Land of the Lost
en,English,The Expendables 3
en,English,Point Break
en,English,Son of the Mask
en,English,Man on a Ledge
en,English,In the Heart of the Sea
en,English,The Adventures of Pluto Nash
en,English,Green Zone
ar,العربية,Green Zone
en,English,The Peanuts Movie
en,English,The Spanish Prisoner
en,English,The Mummy Returns
ar,العربية,The Mummy Returns
en,English,Gangs of New York
ga,Gaeilge,Gangs of New York
la,Latin,Gangs of New York
zh,普通话,Gangs of New York
zh,普通话,The Flowers of War
ja,日本語,The Flowers of War
en,English,The Flowers of War
en,English,Surf's Up
en,English,The Stepford Wives
en,English,Black Hawk Down
so,Somali,Black Hawk Down
en,English,The Campaign
en,English,The Fifth Element
sv,svenska,The Fifth Element
de,Deutsch,The Fifth Element
en,English,Sex and the City 2
ar,العربية,Sex and the City 2
en,English,The Road to El Dorado
en,English,Ice Age: Continental Drift
en,English,Cinderella
en,English,The Lovely Bones
en,English,Finding Nemo
en,English,The Lord of the Rings: The Return of the King
en,English,The Lord of the Rings: The Two Towers
en,English,Seventh Son
en,English,Lara Croft: Tomb Raider
en,English,Atlantis: The Lost Empire
fr,Français,Atlantis: The Lost Empire
es,Español,Atlantis: The Lost Empire
en,English,Jurassic Park III
es,Español,Jurassic Park III
en,English,Rise of the Planet of the Apes
en,English,The Spiderwick Chronicles
en,English,A Good Day to Die Hard
ru,Pусский,A Good Day to Die Hard
en,English,The Alamo
es,Español,The Alamo
fr,Français,The Incredibles
en,English,The Incredibles
en,English,Cutthroat Island
la,Latin,Cutthroat Island
en,English,Percy Jackson & the Olympians: The Lightning Thief
en,English,Men in Black
es,Español,Men in Black
en,English,Toy Story 2
en,English,Unstoppable
cn,广州话 / 廣州話,Rush Hour 2
en,English,Rush Hour 2
zh,普通话,Rush Hour 2
en,English,What Lies Beneath
en,English,Contact
en,English,Cloudy with a Chance of Meatballs
en,English,Ice Age: Dawn of the Dinosaurs
en,English,The Secret Life of Walter Mitty
en,English,Charlie's Angels
de,Deutsch,Charlie's Angels
fi,suomi,Charlie's Angels
ja,日本語,Charlie's Angels
cn,广州话 / 廣州話,Charlie's Angels
en,English,The Departed
cn,广州话 / 廣州話,The Departed
en,English,Tropic Thunder
zh,普通话,Tropic Thunder
en,English,The Girl with the Dragon Tattoo
en,English,Die Hard: With a Vengeance
de,Deutsch,Die Hard: With a Vengeance
ro,Română,Die Hard: With a Vengeance
en,English,Sherlock Holmes
fr,Français,Sherlock Holmes
en,English,Ben-Hur
en,English,Alvin and the Chipmunks: The Road Chip
en,English,Valkyrie
de,Deutsch,Valkyrie
en,English,You Don't Mess with the Zohan
he,עִבְרִית,You Don't Mess with the Zohan
en,English,Pixels
en,English,A.I. Artificial Intelligence
en,English,The Haunted Mansion
en,English,The Doors
en,English,Hollow Man
en,English,The Interpreter
fr,Français,The Interpreter
pt,Português,The Interpreter
en,English,Percy Jackson: Sea of Monsters
en,English,Lara Croft Tomb Raider: The Cradle of Life
zh,普通话,Lara Croft Tomb Raider: The Cradle of Life
zh,普通话,Now You See Me 2
en,English,Now You See Me 2
da,Dansk,The Nutcracker: The Untold Story
en,English,The Nutcracker: The Untold Story
en,English,The Saint
ru,Pусский,The Saint
cn,广州话 / 廣州話,Spy Game
en,English,Spy Game
de,Deutsch,Spy Game
ar,العربية,Spy Game
fr,Français,Spy Game
en,English,Mission to Mars
en,English,Rio
pt,Português,Rio
en,English,Bicentennial Man
en,English,Top Gun
de,Deutsch,Volcano
es,Español,Volcano
en,English,Volcano
en,English,The Devil's Own
en,English,K-19: The Widowmaker
en,English,Conan the Barbarian
en,English,Cinderella Man
en,English,Seabiscuit
en,English,Twister
ru,Pусский,Cast Away
en,English,Cast Away
en,English,Happy Feet
en,English,The Bourne Supremacy
ru,Pусский,The Bourne Supremacy
de,Deutsch,The Bourne Supremacy
it,Italiano,The Bourne Supremacy
en,English,Air Force One
ru,Pусский,Air Force One
it,Italiano,Ocean's Eleven
en,English,Ocean's Eleven
en,English,The Three Musketeers
en,English,Hotel Transylvania
en,English,Enchanted
en,English,Safe House
af,Afrikaans,Safe House
es,Español,Safe House
en,English,102 Dalmatians
en,English,Open Season
en,English,Tower Heist
en,English,The Holiday
en,English,Enemy of the State
en,English,It's Complicated
fr,Français,It's Complicated
es,Español,Ocean's Thirteen
en,English,Ocean's Thirteen
fr,Français,Ocean's Thirteen
de,Deutsch,Enemy at the Gates
en,English,Enemy at the Gates
ru,Pусский,Enemy at the Gates
pt,Português,The Rundown
en,English,The Rundown
en,English,Last Action Hero
en,English,Memoirs of a Geisha
ja,日本語,Memoirs of a Geisha
en,English,The Fast and the Furious: Tokyo Drift
ja,日本語,The Fast and the Furious: Tokyo Drift
en,English,Arthur Christmas
en,English,Meet Joe Black
en,English,All That Jazz
en,English,Mirror Mirror
en,English,Scott Pilgrim vs. the World
en,English,The Core
en,English,Nutty Professor II: The Klumps
en,English,Scooby-Doo
en,English,Dredd
en,English,Click
pt,Português,Click
ja,日本語,Click
en,English,Creepshow
it,Italiano,Creepshow
en,English,Cats & Dogs 2 : The Revenge of Kitty Galore
th,ภาษาไทย,Cats & Dogs 2 : The Revenge of Kitty Galore
fr,Français,Jumper
en,English,Deep Impact
en,English,Hellboy II: The Golden Army
en,English,Zodiac
en,English,The 6th Day
en,English,Bruce Almighty
en,English,The Expendables
es,Español,The Expendables
en,English,Mission: Impossible
fr,Français,Mission: Impossible
cs,Český,Mission: Impossible
en,English,The Hunger Games
en,English,The Hangover Part II
th,ภาษาไทย,The Hangover Part II
en,English,Batman Returns
en,English,Over the Hedge
en,English,Lilo & Stitch
en,English,Charlotte's Web
en,English,RED 2
fr,Français,RED 2
ru,Pусский,RED 2
en,English,The Longest Yard
en,English,Alvin and the Chipmunks: Chipwrecked
en,English,Grown Ups 2
en,English,Fury
en,English,Get Smart
ru,Pусский,Get Smart
fr,Français,Something's Gotta Give
en,English,Something's Gotta Give
en,English,Shutter Island
de,Deutsch,Shutter Island
en,English,Four Christmases
en,English,Robots
it,Italiano,Robots
en,English,Face/Off
la,Latin,Face/Off
en,English,Bedtime Stories
en,English,Road to Perdition
en,English,Just Go with It
en,English,Con Air
en,English,Eagle Eye
en,English,Cold Mountain
en,English,The Book of Eli
en,English,Flubber
en,English,The Haunting
en,English,Space Jam
en,English,The Pink Panther
zh,普通话,The Day the Earth Stood Still
en,English,The Day the Earth Stood Still
en,English,Conspiracy Theory
en,English,Six Days Seven Nights
de,Deutsch,Six Days Seven Nights
th,ภาษาไทย,Six Days Seven Nights
en,English,Yogi Bear
en,English,Spirit: Stallion of the Cimarron
en,English,Zookeeper
en,English,Lost in Space
en,English,The Manchurian Candidate
en,English,Déjà Vu
en,English,Hotel Transylvania 2
th,ภาษาไทย,Hotel Transylvania 2
en,English,Fantasia 2000
en,English,The Time Machine
sw,Kiswahili,Mighty Joe Young
en,English,Mighty Joe Young
de,Deutsch,Swordfish
en,English,Swordfish
en,English,Hidalgo
en,English,The Legend of Zorro
it,Italiano,The Legend of Zorro
es,Español,The Legend of Zorro
en,English,What Dreams May Come
en,English,Little Nicky
fr,Français,Little Nicky
en,English,The Brothers Grimm
fr,Français,The Brothers Grimm
de,Deutsch,The Brothers Grimm
it,Italiano,The Brothers Grimm
en,English,Mars Attacks!
fr,Français,Mars Attacks!
fr,Français,Evolution
en,English,The Edge
fr,Français,The Edge
ru,Pусский,The Edge
en,English,Surrogates
fr,Français,Surrogates
en,English,Thirteen Days
ru,Pусский,Thirteen Days
en,English,Daylight
en,English,Walking With Dinosaurs
en,English,Eye for an Eye
fr,Français,Eye for an Eye
ko,한국어/조선말,Eye for an Eye
es,Español,Eye for an Eye
en,English,Battlefield Earth
fr,Français,Battlefield Earth
en,English,Looney Tunes: Back in Action
en,English,Nine
fr,Français,Nine
it,Italiano,Nine
en,English,Timeline
fr,Français,Timeline
en,English,The Postman
fr,Français,The Postman
en,English,Wanted
en,English,Babe: Pig in the City
en,English,The Last Witch Hunter
en,English,Red Planet
en,English,Arthur and the Invisibles
fr,Français,Oceans
en,English,A Sound of Thunder
zh,普通话,A Sound of Thunder
[],[],Lisa Picard Is Famous
en,English,Pompeii
[],[],Top Cat Begins
en,English,A Beautiful Mind
en,English,The Lion King
en,English,Journey 2: The Mysterious Island
en,English,Cloudy with a Chance of Meatballs 2
en,English,Red Dragon
en,English,Jack and Jill
en,English,2 Fast 2 Furious
es,Español,2 Fast 2 Furious
en,English,The Little Prince
ru,Pусский,The Invasion
en,English,The Invasion
ru,Pусский,The Adventures of Rocky & Bullwinkle
en,English,The Secret Life of Pets
en,English,The League of Extraordinary Gentlemen
de,Deutsch,The League of Extraordinary Gentlemen
it,Italiano,The League of Extraordinary Gentlemen
en,English,Despicable Me 2
en,English,Independence Day
en,English,The Lost World: Jurassic Park
en,English,Madagascar
fr,Français,Madagascar
pt,Português,Madagascar
es,Español,Madagascar
th,ภาษาไทย,Madagascar
en,English,Children of Men
en,English,X-Men
en,English,The Rock
en,English,Ice Age: The Meltdown
en,English,50 First Dates
en,English,Hairspray
en,English,Exorcist: The Beginning
en,English,Inspector Gadget
no,Norsk,Inspector Gadget
fr,Français,Inspector Gadget
es,Español,Inspector Gadget
fr,Français,Now You See Me
en,English,Now You See Me
en,English,Grown Ups
bg,български език,The Terminal
en,English,The Terminal
fr,Français,The Terminal
ru,Pусский,The Terminal
es,Español,The Terminal
en,English,Hotel for Dogs
en,English,Vertical Limit
ur,اردو,Vertical Limit
ar,العربية,Charlie Wilson's War
en,English,Charlie Wilson's War
ru,Pусский,Charlie Wilson's War
ur,اردو,Charlie Wilson's War
he,עִבְרִית,Charlie Wilson's War
en,English,Shark Tale
en,English,Dreamgirls
en,English,Be Cool
ru,Pусский,Be Cool
ar,العربية,Munich
de,Deutsch,Munich
el,ελληνικά,Munich
en,English,Munich
fr,Français,Munich
he,עִבְרִית,Munich
it,Italiano,Munich
ru,Pусский,Munich
en,English,Tears of the Sun
en,English,Killers
it,Italiano,The Man from U.N.C.L.E.
en,English,The Man from U.N.C.L.E.
ru,Pусский,The Man from U.N.C.L.E.
de,Deutsch,The Man from U.N.C.L.E.
es,Español,Spanglish
en,English,Spanglish
en,English,Monster House
en,English,Bandits
en,English,First Knight
fr,Français,First Knight
en,English,Anna and the King
th,ภาษาไทย,Anna and the King
en,English,Attack the Block
el,ελληνικά,Immortals
en,English,Immortals
en,English,Hostage
en,English,Titan A.E.
zh,普通话,Titan A.E.
en,English,Hollywood Homicide
en,English,Soldier
cs,Český,Snake Eyes
en,English,Snake Eyes
en,English,Carriers
en,English,Monkeybone
en,English,Flight of the Phoenix
en,English,Unbreakable
en,English,Minions
en,English,Sucker Punch
de,Deutsch,Sucker Punch
en,English,Sphere
en,English,The Angry Birds Movie
en,English,Fool's Gold
en,English,Funny People
ar,العربية,The Kingdom
en,English,The Kingdom
en,English,Talladega Nights: The Ballad of Ricky Bobby
en,English,Dr. Dolittle 2
en,English,Braveheart
fr,Français,Braveheart
la,Latin,Braveheart
gd,,Braveheart
en,English,Jarhead
es,Español,Jarhead
ar,العربية,Jarhead
la,Latin,Jarhead
en,English,The Simpsons Movie
en,English,The Majestic
en,English,Cars
it,Italiano,Cars
ja,日本語,Cars
yi,,Cars
en,English,Driven
de,Deutsch,Driven
es,Español,Driven
en,English,Two Brothers
fr,Français,Two Brothers
th,ภาษาไทย,Two Brothers
en,English,The Village
en,English,Doctor Dolittle
en,English,Signs
pt,Português,Signs
en,English,Shrek 2
en,English,Wolf
en,English,Runaway Bride
cs,Český,xXx
en,English,xXx
de,Deutsch,xXx
es,Español,xXx
ru,Pусский,xXx
en,English,The SpongeBob Movie: Sponge Out of Water
en,English,Ransom
de,Deutsch,Inglourious Basterds
en,English,Inglourious Basterds
fr,Français,Inglourious Basterds
it,Italiano,Inglourious Basterds
en,English,Hook
en,English,Die Hard 2
es,Español,Die Hard 2
en,English,S.W.A.T.
es,Español,S.W.A.T.
fr,Français,S.W.A.T.
en,English,Vanilla Sky
en,English,Lady in the Water
it,Italiano,AVP: Alien vs. Predator
en,English,AVP: Alien vs. Predator
en,English,War Horse
en,English,Alvin and the Chipmunks: The Squeakquel
fr,Français,Alvin and the Chipmunks: The Squeakquel
en,English,We Were Soldiers
vi,Tiếng Việt,We Were Soldiers
fr,Français,We Were Soldiers
en,English,Olympus Has Fallen
ko,한국어/조선말,Olympus Has Fallen
en,English,Star Trek: Insurrection
en,English,Battle: Los Angeles
en,English,Big Fish
en,English,The Monuments Men
de,Deutsch,The Monuments Men
ru,Pусский,The Monuments Men
fr,Français,The Monuments Men
en,English,The Abyss
en,English,Wall Street: Money Never Sleeps
en,English,Dracula Untold
es,Español,The Siege
en,English,The Siege
ar,العربية,The Siege
en,English,Stardust
en,English,Underworld: Awakening
ru,Pусский,Underworld: Awakening
en,English,Seven Years in Tibet
en,English,The Dilemma
en,English,Bad Company
ja,日本語,Doom
en,English,Doom
en,English,I Spy
hu,Magyar,I Spy
ru,Pусский,I Spy
en,English,Rock of Ages
th,ภาษาไทย,Rock of Ages
en,English,Hart's War
de,Deutsch,Hart's War
en,English,Killer Elite
de,Deutsch,Rollerball
fr,Français,Rollerball
ja,日本語,Rollerball
ko,한국어/조선말,Rollerball
ru,Pусский,Rollerball
ar,العربية,Rollerball
en,English,Rollerball
en,English,Ballistic: Ecks vs. Sever
es,Español,Ballistic: Ecks vs. Sever
en,English,Hard Rain
en,English,Osmosis Jones
en,English,Legends of Oz: Dorothy's Return
en,English,Blackhat
it,Italiano,Blackhat
zh,普通话,Blackhat
es,Español,Blackhat
bo,,Sky Captain and the World of Tomorrow
de,Deutsch,Sky Captain and the World of Tomorrow
en,English,Sky Captain and the World of Tomorrow
en,English,Basic Instinct 2
de,Deutsch,Basic Instinct 2
en,English,Flyboys
fr,Français,Flyboys
en,English,Escape Plan
de,Deutsch,Escape Plan
ar,العربية,Escape Plan
ur,اردو,Escape Plan
en,English,The Legend of Hercules
ar,العربية,The Sum of All Fears
en,English,The Sum of All Fears
ru,Pусский,The Sum of All Fears
uk,Український,The Sum of All Fears
de,Deutsch,The Sum of All Fears
en,English,The Twilight Saga: Eclipse
en,English,The Score
fr,Français,The Score
ar,العربية,The Insider
en,English,The Insider
ja,日本語,The Insider
fa,فارسی,The Insider
en,English,Despicable Me
en,English,Money Train
en,English,Ted 2
en,English,Agora
en,English,Mystery Men
en,English,Hall Pass
en,English,The Finest Hours
ar,العربية,Body of Lies
en,English,Body of Lies
en,English,Dinner for Schmucks
en,English,Abraham Lincoln: Vampire Hunter
en,English,Entrapment
en,English,The X Files
en,English,The Last Legion
cs,Český,Saving Private Ryan
de,Deutsch,Saving Private Ryan
en,English,Saving Private Ryan
fr,Français,Saving Private Ryan
en,English,Need for Speed
en,English,What Women Want
fr,Français,What Women Want
en,English,Ice Age
en,English,Dreamcatcher
en,English,Marley & Me
en,English,Lincoln
en,English,The Matrix
en,English,Apollo 13
en,English,The Santa Clause 2
en,English,Les Misérables
en,English,You've Got Mail
en,English,Step Brothers
es,Español,Step Brothers
en,English,The Mask of Zorro
en,English,Due Date
es,Español,Due Date
it,Italiano,Unbroken
en,English,Unbroken
ja,日本語,Unbroken
en,English,Space Cowboys
en,English,Cliffhanger
en,English,Broken Arrow
fr,Français,The Green Mile
en,English,The Green Mile
en,English,The Kid
en,English,World Trade Center
en,English,Mona Lisa Smile
en,English,The Dictator
he,עִבְרִית,The Dictator
en,English,Eyes Wide Shut
en,English,Annie
en,English,Focus
en,English,This Means War
eo,Esperanto,Blade: Trinity
en,English,Blade: Trinity
en,English,Red Dawn
ru,Pусский,Red Dawn
es,Español,Red Dawn
en,English,Primary Colors
en,English,The Adjustment Bureau
en,English,Resident Evil: Retribution
en,English,Death Race
en,English,The Long Kiss Goodnight
en,English,Proof of Life
en,English,Zathura: A Space Adventure
es,Español,2 Guns
en,English,2 Guns
en,English,Fight Club
en,English,We Are Marshall
en,English,Hudson Hawk
it,Italiano,Hudson Hawk
en,English,Lucky Numbers
en,English,"I, Frankenstein"
en,English,Oliver Twist
en,English,Elektra
ja,日本語,Elektra
en,English,Sin City: A Dame to Kill For
en,English,Random Hearts
en,English,Everest
en,English,Perfume: The Story of a Murderer
en,English,Austin Powers in Goldmember
ja,日本語,Austin Powers in Goldmember
de,Deutsch,Austin Powers in Goldmember
fr,Français,Austin Powers in Goldmember
en,English,The Man Who Shot Liberty Valance
en,English,Astro Boy
en,English,Jurassic Park
es,Español,Jurassic Park
en,English,Wyatt Earp
en,English,Clear and Present Danger
en,English,Dragon Blade
zh,普通话,Dragon Blade
en,English,Little Man
en,English,U-571
fr,Français,U-571
de,Deutsch,U-571
ru,Pусский,U-571
en,English,The American President
en,English,The Love Guru
he,עִבְרִית,The Prince of Egypt
en,English,The Prince of Egypt
en,English,3000 Miles to Graceland
es,Español,The Hateful Eight
en,English,The Hateful Eight
en,English,Blades of Glory
ja,日本語,Blades of Glory
en,English,Hop
ja,日本語,Hop
th,ภาษาไทย,Hop
en,English,300
en,English,Meet the Fockers
en,English,Wild Hogs
en,English,Chicken Little
en,English,Gone Girl
en,English,The Bourne Identity
fr,Français,The Bourne Identity
de,Deutsch,The Bourne Identity
nl,Nederlands,The Bourne Identity
it,Italiano,The Bourne Identity
en,English,GoldenEye
ru,Pусский,GoldenEye
es,Español,GoldenEye
en,English,The General's Daughter
en,English,The Truman Show
en,English,Cats & Dogs
fr,Français,Cats & Dogs
de,Deutsch,Cats & Dogs
th,ภาษาไทย,Cats & Dogs
uk,Український,The Italian Job
en,English,The Italian Job
it,Italiano,The Italian Job
en,English,Two Weeks Notice
en,English,Antz
en,English,Couples Retreat
en,English,Payback
en,English,Days of Thunder
en,English,Cheaper by the Dozen 2
en,English,Maze Runner: The Scorch Trials
pt,Português,Eat Pray Love
en,English,Eat Pray Love
it,Italiano,Eat Pray Love
en,English,The Family Man
en,English,Jack Reacher
en,English,RED
ru,Pусский,RED
en,English,Any Given Sunday
en,English,The Horse Whisperer
es,Español,Collateral
en,English,Collateral
en,English,The Scorpion King
th,ภาษาไทย,The Scorpion King
en,English,Ladder 49
en,English,Deep Blue Sea
en,English,This Is It
en,English,Contagion
cn,广州话 / 廣州話,Contagion
zh,普通话,Contagion
en,English,Kangaroo Jack
en,English,Coraline
ru,Pусский,Hellboy
en,English,Hellboy
en,English,The Happening
fr,Français,The Happening
en,English,Man on Fire
es,Español,Man on Fire
en,English,The Shaggy Dog
en,English,Starsky & Hutch
ko,한국어/조선말,Starsky & Hutch
en,English,Jingle All the Way
en,English,A Civil Action
en,English,ParaNorman
en,English,The Jackal
ru,Pусский,The Jackal
en,English,Paycheck
fr,Français,Up Close & Personal
en,English,The Tale of Despereaux
cn,广州话 / 廣州話,The Tuxedo
en,English,The Tuxedo
en,English,Under Siege 2: Dark Territory
en,English,Jack Ryan: Shadow Recruit
es,Español,Joy
en,English,Joy
en,English,London Has Fallen
en,English,Alien: Resurrection
en,English,Shooter
en,English,Practical Magic
en,English,The Lego Movie
en,English,Miss Congeniality 2: Armed and Fabulous
en,English,Reign of Fire
en,English,Gangster Squad
en,English,Year One
en,English,The Nun's Story
en,English,Invictus
cn,广州话 / 廣州話,State of Play
en,English,State of Play
en,English,Duplicity
de,Deutsch,Duplicity
ru,Pусский,Duplicity
es,Español,Duplicity
en,English,My Favorite Martian
it,Italiano,My Favorite Martian
en,English,The Sentinel
en,English,Planet 51
es,Español,Planet 51
en,English,Star Trek: Nemesis
fr,Français,Intolerable Cruelty
en,English,Intolerable Cruelty
en,English,Trouble with the Curve
en,English,Edge of Darkness
en,English,The Relic
en,English,The Black Dahlia
en,English,Analyze That
ru,Pусский,Righteous Kill
en,English,Righteous Kill
es,Español,Righteous Kill
en,English,Mercury Rising
en,English,The Soloist
en,English,The Legend of Bagger Vance
en,English,Almost Famous
en,English,Garfield: A Tail of Two Kitties
pt,Português,Garfield: A Tail of Two Kitties
en,English,xXx: State of the Union
pt,Português,Priest
en,English,Priest
th,ภาษาไทย,Priest
cn,广州话 / 廣州話,Sinbad: Legend of the Seven Seas
en,English,Sinbad: Legend of the Seven Seas
it,Italiano,Sinbad: Legend of the Seven Seas
en,English,Event Horizon
la,Latin,Event Horizon
en,English,Dragonfly
es,Español,Dragonfly
en,English,Frankenweenie
en,English,The Last Castle
en,English,Supernova
en,English,Winter's Tale
en,English,The Mortal Instruments: City of Bones
en,English,Meet Dave
en,English,Holy Man
en,English,Dark Water
en,English,Edtv
en,English,Inkheart
en,English,The Spirit
fr,Français,The Spirit
ru,Pусский,The Spirit
en,English,Mortdecai
en,English,Just Like Heaven
zh,普通话,Just Like Heaven
es,Español,Just Like Heaven
en,English,In the Name of the King: A Dungeon Siege Tale
en,English,Beyond Borders
am,,Beyond Borders
km,,Beyond Borders
de,Deutsch,Beyond Borders
ce,,Beyond Borders
zh,普通话,The Monkey King 2
en,English,The Great Raid
ja,日本語,The Great Raid
en,English,Deadpool
en,English,American Sniper
en,English,The Flintstones in Viva Rock Vegas
en,English,Rambo III
ru,Pусский,Rambo III
en,English,Leatherheads
de,Deutsch,Leatherheads
en,English,The Ridiculous 6
en,English,Did You Hear About the Morgans?
it,Italiano,Did You Hear About the Morgans?
ru,Pусский,Did You Hear About the Morgans?
es,Español,Did You Hear About the Morgans?
uk,Український,Did You Hear About the Morgans?
en,English,The Internship
en,English,Resident Evil: Afterlife
es,Español,Resident Evil: Afterlife
ja,日本語,Resident Evil: Afterlife
en,English,Red Tails
fr,Français,Red Tails
de,Deutsch,Red Tails
en,English,The Devil's Advocate
fr,Français,The Devil's Advocate
de,Deutsch,The Devil's Advocate
it,Italiano,The Devil's Advocate
zh,普通话,The Devil's Advocate
es,Español,The Devil's Advocate
en,English,That's My Boy
en,English,DragonHeart
en,English,After the Sunset
en,English,Ghost Rider: Spirit of Vengeance
en,English,Captain Corelli's Mandolin
de,Deutsch,Captain Corelli's Mandolin
el,ελληνικά,Captain Corelli's Mandolin
it,Italiano,Captain Corelli's Mandolin
en,English,The Pacifier
ko,한국어/조선말,The Pacifier
en,English,Forrest Gump
en,English,Alvin and the Chipmunks
es,Español,Alvin and the Chipmunks
fr,Français,Alvin and the Chipmunks
ja,日本語,Alvin and the Chipmunks
en,English,Meet the Parents
en,English,Pocahontas
en,English,Superman
en,English,The Nutty Professor
en,English,Alien³
en,English,Hitch
en,English,George of the Jungle
es,Español,George of the Jungle
en,English,American Wedding
en,English,Captain Phillips
so,Somali,Captain Phillips
he,עִבְרִית,Date Night
en,English,Date Night
en,English,Casper
en,English,The Hunted
en,English,The Equalizer
en,English,Maid in Manhattan
fr,Français,Maid in Manhattan
en,English,Crimson Tide
en,English,The Pursuit of Happyness
cn,广州话 / 廣州話,The Pursuit of Happyness
ar,العربية,Flightplan
de,Deutsch,Flightplan
en,English,Flightplan
fr,Français,Flightplan
it,Italiano,Flightplan
ja,日本語,Flightplan
en,English,Disclosure
en,English,City of Angels
pl,Polski,City of Angels
en,English,Kill Bill: Vol. 1
ja,日本語,Kill Bill: Vol. 1
fr,Français,Kill Bill: Vol. 1
en,English,Bowfinger
en,English,Kill Bill: Vol. 2
zh,普通话,Kill Bill: Vol. 2
es,Español,Kill Bill: Vol. 2
cn,广州话 / 廣州話,Kill Bill: Vol. 2
en,English,Tango & Cash
en,English,Death Becomes Her
en,English,Shanghai Noon
zh,普通话,Shanghai Noon
es,Español,Shanghai Noon
en,English,Executive Decision
en,English,Mr. Popper's Penguins
en,English,The Forbidden Kingdom
zh,普通话,The Forbidden Kingdom
en,English,Free Birds
en,English,Evita
es,Español,Evita
en,English,Ronin
fr,Français,Ronin
ru,Pусский,Ronin
en,English,The Ghost and the Darkness
en,English,Paddington
en,English,The Watch
en,English,Instinct
en,English,Stuck on You
en,English,Semi-Pro
en,English,The Pirates! In an Adventure with Scientists!
en,English,Changeling
en,English,Gods and Generals
en,English,Chain Reaction
en,English,The Fan
it,Italiano,The Phantom of the Opera
en,English,The Phantom of the Opera
sv,svenska,Elizabeth: The Golden Age
en,English,Elizabeth: The Golden Age
es,Español,Elizabeth: The Golden Age
en,English,Æon Flux
en,English,Turbulence
en,English,Imagine That
de,Deutsch,Muppets Most Wanted
en,English,Muppets Most Wanted
en,English,Thunderbirds
en,English,Burlesque
co,,A Very Long Engagement
fr,Français,A Very Long Engagement
de,Deutsch,A Very Long Engagement
en,English,Lolita
en,English,D-Tox
cs,Český,Blade II
ro,Română,Blade II
en,English,Blade II
en,English,Beloved
en,English,Seven Pounds
es,Español,Seven Pounds
en,English,Bullet to the Head
en,English,The Godfather: Part III
it,Italiano,The Godfather: Part III
de,Deutsch,The Godfather: Part III
la,Latin,The Godfather: Part III
en,English,Elizabethtown
en,English,Lucky You
en,English,"You, Me and Dupree"
en,English,Superman II
en,English,Gigli
en,English,All the King's Men
en,English,Shaft
es,Español,Shaft
de,Deutsch,Shaft
en,English,Anastasia
ru,Pусский,Anastasia
fr,Français,Anastasia
fr,Français,Moulin Rouge!
es,Español,Moulin Rouge!
en,English,Moulin Rouge!
en,English,Domestic Disturbance
en,English,Black Mass
en,English,Flags of Our Fathers
en,English,Law Abiding Citizen
es,Español,Grindhouse
en,English,Grindhouse
en,English,Catch Me If You Can
fr,Français,Catch Me If You Can
en,English,Zero Dark Thirty
ar,العربية,Zero Dark Thirty
en,English,The Break-Up
en,English,Mamma Mia!
el,ελληνικά,Mamma Mia!
de,Deutsch,From Paris with Love
en,English,From Paris with Love
fr,Français,From Paris with Love
zh,普通话,From Paris with Love
en,English,Valentine's Day
en,English,The Dukes of Hazzard
en,English,The Thin Red Line
ru,Pусский,The Thin Red Line
en,English,The Change-Up
en,English,Man on the Moon
en,English,Casino
en,English,Bulletproof Monk
bo,,Bulletproof Monk
pa,ਪੰਜਾਬੀ,Bulletproof Monk
de,Deutsch,Bulletproof Monk
en,English,"Me, Myself & Irene"
de,Deutsch,"Me, Myself & Irene"
en,English,Barnyard
en,English,Deck the Halls
en,English,The Twilight Saga: New Moon
it,Italiano,The Twilight Saga: New Moon
en,English,Shrek
en,English,Robin Hood: Prince of Thieves
en,English,Jerry Maguire
pl,Polski,Jerry Maguire
en,English,Ted
en,English,As Good as It Gets
en,English,Patch Adams
en,English,Anchorman 2: The Legend Continues
en,English,The Peacemaker
ru,Pусский,The Peacemaker
sr,Srpski,The Peacemaker
bs,Bosanski,The Peacemaker
hr,Hrvatski,The Peacemaker
en,English,Mr. Deeds
en,English,Super 8
en,English,Erin Brockovich
fr,Français,Erin Brockovich
en,English,How to Lose a Guy in 10 Days
en,English,22 Jump Street
en,English,Interview with the Vampire
fr,Français,Interview with the Vampire
et,Eesti,Yes Man
en,English,Yes Man
ko,한국어/조선말,Yes Man
en,English,Central Intelligence
en,English,Stepmom
en,English,Daddy's Home
en,English,Into the Woods
en,English,Inside Man
sq,shqip,Inside Man
en,English,Congo
fr,Français,Congo
en,English,We Bought a Zoo
en,English,Knowing
en,English,Failure to Launch
en,English,The Ring Two
en,English,"Crazy, Stupid, Love."
en,English,Garfield
es,Español,Christmas with the Kranks
en,English,Christmas with the Kranks
en,English,Moneyball
en,English,Outbreak
ko,한국어/조선말,Outbreak
fr,Français,Outbreak
en,English,Non-Stop
de,Deutsch,Non-Stop
en,English,Race to Witch Mountain
en,English,V for Vendetta
en,English,Shanghai Knights
zh,普通话,Shanghai Knights
en,English,Curious George
en,English,Herbie Fully Loaded
en,English,Don't Say a Word
fr,Français,Don't Say a Word
it,Italiano,Don't Say a Word
es,Español,Don't Say a Word
en,English,Hansel & Gretel: Witch Hunters
en,English,Unfaithful
fr,Français,Unfaithful
fr,Français,I Am Number Four
en,English,I Am Number Four
ar,العربية,Syriana
en,English,Syriana
fa,فارسی,Syriana
ur,اردو,Syriana
fr,Français,Syriana
zh,普通话,Syriana
ar,العربية,13 Hours: The Secret Soldiers of Benghazi
en,English,13 Hours: The Secret Soldiers of Benghazi
en,English,The Book of Life
en,English,Firewall
en,English,Anna Karenina
fr,Français,Anna Karenina
en,English,Absolute Power
es,Español,Absolute Power
en,English,G.I. Jane
cn,广州话 / 廣州話,The Game
de,Deutsch,The Game
en,English,The Game
en,English,Silent Hill
en,English,The Replacements
en,English,American Reunion
en,English,The Negotiator
en,English,Into the Storm
en,English,Beverly Hills Cop III
en,English,Gremlins 2: The New Batch
en,English,The Judge
en,English,Resident Evil: Apocalypse
de,Deutsch,Bridget Jones: The Edge of Reason
th,ภาษาไทย,Bridget Jones: The Edge of Reason
en,English,Bridget Jones: The Edge of Reason
en,English,Out of Time
cs,Český,On Deadly Ground
en,English,On Deadly Ground
en,English,The Adventures of Sharkboy and Lavagirl
en,English,The Beach
fr,Français,The Beach
hr,Hrvatski,The Beach
sv,svenska,The Beach
th,ภาษาไทย,The Beach
en,English,Raising Helen
en,English,Ninja Assassin
en,English,For Love of the Game
en,English,Striptease
en,English,Marmaduke
en,English,Hereafter
fr,Français,Hereafter
en,English,Murder by Numbers
en,English,Assassins
es,Español,Assassins
nl,Nederlands,Assassins
en,English,Hannibal Rising
de,Deutsch,Hannibal Rising
ru,Pусский,Hannibal Rising
it,Italiano,The Story of Us
en,English,The Story of Us
en,English,The Host
en,English,Basic
en,English,Blood Work
es,Español,Blood Work
en,English,The International
fr,Français,The International
de,Deutsch,The International
it,Italiano,The International
ru,Pусский,The International
en,English,Escape from L.A.
en,English,The Iron Giant
en,English,The Life Aquatic with Steve Zissou
is,Íslenska,The Life Aquatic with Steve Zissou
pt,Português,The Life Aquatic with Steve Zissou
fr,Français,The Life Aquatic with Steve Zissou
tl,,The Life Aquatic with Steve Zissou
de,Deutsch,The Life Aquatic with Steve Zissou
it,Italiano,The Life Aquatic with Steve Zissou
en,English,Free State of Jones
de,Deutsch,Free State of Jones
en,English,The Life of David Gale
es,Español,The Life of David Gale
en,English,Man of the House
en,English,Run All Night
en,English,Eastern Promises
ru,Pусский,Eastern Promises
tr,Türkçe,Eastern Promises
uk,Український,Eastern Promises
ur,اردو,Eastern Promises
en,English,Into the Blue
en,English,The Messenger: The Story of Joan of Arc
la,Latin,The Messenger: The Story of Joan of Arc
en,English,Your Highness
en,English,Dream House
en,English,Mad City
en,English,Baby's Day Out
fr,Français,Baby's Day Out
de,Deutsch,Baby's Day Out
en,English,The Scarlet Letter
en,English,Fair Game
en,English,Domino
pl,Polski,Domino
en,English,Jade
en,English,Gamer
en,English,Beautiful Creatures
en,English,Chappie
en,English,Death to Smoochy
en,English,Zoolander 2
en,English,The Big Bounce
en,English,What Planet Are You From?
en,English,Drive Angry
en,English,The Blind Side
en,English,Street Fighter: The Legend of Chun-Li
en,English,The One
en,English,The Adventures of Ford Fairlane
en,English,The Boat That Rocked
es,Español,Traffic
en,English,Traffic
de,Deutsch,Indiana Jones and the Last Crusade
el,ελληνικά,Indiana Jones and the Last Crusade
en,English,Indiana Jones and the Last Crusade
en,English,The Bone Collector
en,English,Panic Room
en,English,The Tooth Fairy
pl,Polski,The Tooth Fairy
en,English,Three Kings
ar,العربية,Three Kings
en,English,Child 44
en,English,Rat Race
en,English,K-PAX
en,English,Kate & Leopold
fr,Français,Kate & Leopold
en,English,Bedazzled
ru,Pусский,Bedazzled
es,Español,Bedazzled
en,English,The Cotton Club
it,Italiano,The Cotton Club
en,English,3:10 to Yuma
en,English,Taken 3
en,English,Out of Sight
en,English,The Cable Guy
hi,हिन्दी,Earth
en,English,Dick Tracy
en,English,The Thomas Crown Affair
en,English,America's Sweethearts
en,English,Riding in Cars with Boys
en,English,First Blood
ru,Pусский,Solaris
en,English,Happily N'Ever After
en,English,Mary Reilly
en,English,My Best Friend's Wedding
fr,Français,My Best Friend's Wedding
it,Italiano,My Best Friend's Wedding
en,English,Insomnia
en,English,Star Trek: First Contact
en,English,Jonah Hex
en,English,Courage Under Fire
en,English,Liar Liar
en,English,The Infiltrator
es,Español,The Infiltrator
en,English,Inchon
en,English,The Flintstones
en,English,Taken 2
tr,Türkçe,Taken 2
ar,العربية,Taken 2
en,English,Scary Movie 3
en,English,Miss Congeniality
es,Español,Miss Congeniality
fr,Français,Miss Congeniality
ru,Pусский,Miss Congeniality
en,English,Journey to the Center of the Earth
is,Íslenska,Journey to the Center of the Earth
it,Italiano,Journey to the Center of the Earth
en,English,The Princess Diaries 2: Royal Engagement
en,English,The Client
en,English,The Bucket List
en,English,Patriot Games
cs,Český,Monster-in-Law
en,English,Monster-in-Law
pt,Português,Monster-in-Law
en,English,Prisoners
en,English,Training Day
ru,Pусский,Training Day
es,Español,Training Day
ko,한국어/조선말,Training Day
en,English,Galaxy Quest
en,English,Scary Movie 2
en,English,The Muppets
ru,Pусский,Blade
en,English,Blade
en,English,Coach Carter
en,English,Changing Lanes
en,English,Anaconda
en,English,Coyote Ugly
en,English,Love Actually
fr,Français,Love Actually
pt,Português,Love Actually
en,English,A Bug's Life
en,English,From Hell
hu,Magyar,From Hell
ru,Pусский,From Hell
en,English,The Specialist
en,English,Tin Cup
en,English,"Yours, Mine and Ours"
en,English,Kicking & Screaming
it,Italiano,Kicking & Screaming
en,English,The Hitchhiker's Guide to the Galaxy
en,English,Fat Albert
en,English,Resident Evil: Extinction
en,English,Vacation
en,English,Blended
en,English,Last Holiday
fr,Français,Last Holiday
en,English,The River Wild
en,English,The Indian in the Cupboard
en,English,Savages
en,English,Cellular
ja,日本語,Johnny English
en,English,Johnny English
fr,Français,Johnny English
en,English,The Ant Bully
en,English,Dune
it,Italiano,Dune
en,English,Across the Universe
en,English,Revolutionary Road
en,English,16 Blocks
en,English,Babylon A.D.
ru,Pусский,Babylon A.D.
en,English,The Glimmer Man
en,English,Multiplicity
en,English,Aliens in the Attic
en,English,The Pledge
en,English,The Producers
en,English,The Phantom
en,English,All the Pretty Horses
es,Español,All the Pretty Horses
en,English,Nixon
en,English,The Ghost Writer
ko,한국어/조선말,Deep Rising
en,English,Deep Rising
de,Deutsch,Miracle at St. Anna
it,Italiano,Miracle at St. Anna
en,English,Miracle at St. Anna
zh,普通话,Curse of the Golden Flower
th,ภาษาไทย,Bangkok Dangerous
en,English,Bangkok Dangerous
en,English,Big Trouble
en,English,The Fugitive
en,English,Love in the Time of Cholera
en,English,Shadow Conspiracy
hu,Magyar,Shadow Conspiracy
de,Deutsch,Johnny English Reborn
cn,广州话 / 廣州話,Johnny English Reborn
en,English,Johnny English Reborn
zh,普通话,Johnny English Reborn
ru,Pусский,Johnny English Reborn
en,English,Foodfight!
en,English,Argo
fa,فارسی,Argo
en,English,The Bounty Hunter
en,English,Sleepers
en,English,Rambo: First Blood Part II
vi,Tiếng Việt,Rambo: First Blood Part II
en,English,The Juror
en,English,Pinocchio
en,English,Heaven's Gate
fr,Français,Heaven's Gate
de,Deutsch,Heaven's Gate
pl,Polski,Heaven's Gate
ru,Pусский,Heaven's Gate
en,English,Underworld: Evolution
fr,Français,Underworld: Evolution
hu,Magyar,Underworld: Evolution
en,English,Victor Frankenstein
en,English,Finding Forrester
en,English,28 Days
en,English,Unleashed
de,Deutsch,Unleashed
es,Español,Unleashed
en,English,The Sweetest Thing
en,English,The Firm
en,English,Charlie St. Cloud
en,English,The Mechanic
en,English,21 Jump Street
en,English,Notting Hill
es,Español,Notting Hill
en,English,Chicken Run
en,English,Along Came Polly
fr,Français,Boomerang
en,English,Boomerang
en,English,The Heat
es,Español,The Heat
bg,български език,The Heat
en,English,Sky High
en,English,Cleopatra
pt,Português,Cleopatra
en,English,Here Comes the Boom
en,English,High Crimes
es,Español,High Crimes
en,English,The Mirror Has Two Faces
en,English,The Mothman Prophecies
la,Latin,The Sixth Sense
es,Español,The Sixth Sense
en,English,The Sixth Sense
cs,Český,Brüno
en,English,Brüno
de,Deutsch,Brüno
en,English,Licence to Kill
es,Español,Licence to Kill
en,English,Red Riding Hood
cs,Český,15 Minutes
en,English,15 Minutes
el,ελληνικά,15 Minutes
ru,Pусский,15 Minutes
en,English,Super Mario Bros.
ar,العربية,Lord of War
de,Deutsch,Lord of War
en,English,Lord of War
fr,Français,Lord of War
ru,Pусский,Lord of War
es,Español,Lord of War
uk,Український,Lord of War
tr,Türkçe,Lord of War
zh,普通话,Hero
en,English,One for the Money
ko,한국어/조선말,The Interview
en,English,The Interview
en,English,The Warrior's Way
th,ภาษาไทย,The Warrior's Way
fr,Français,Micmacs
en,English,8 Mile
en,English,Why I Did (Not) Eat My Father
fr,Français,Why I Did (Not) Eat My Father
en,English,A Knight's Tale
en,English,The Medallion
en,English,The Big Year
en,English,The Karate Kid
en,English,American Hustle
en,English,The Proposal
en,English,Double Jeopardy
en,English,Back to the Future Part II
zh,普通话,Lucy
en,English,Lucy
fr,Français,Lucy
es,Español,Lucy
ko,한국어/조선말,Lucy
en,English,Fifty Shades of Grey
en,English,Spy Kids 3-D: Game Over
en,English,A Time to Kill
en,English,Cheaper by the Dozen
en,English,Lone Survivor
en,English,Back to the Future Part III
en,English,A League of Their Own
en,English,The Conjuring 2
en,English,The Social Network
en,English,He's Just Not That Into You
en,English,Scary Movie 4
en,English,Scream 3
en,English,Get Hard
la,Latin,Dracula
ro,Română,Dracula
bg,български език,Dracula
el,ελληνικά,Dracula
en,English,Dracula
en,English,Julie & Julia
fr,Français,Julie & Julia
[],[],42
en,English,The Talented Mr. Ripley
it,Italiano,The Talented Mr. Ripley
en,English,The Last of the Mohicans
fr,Français,The Last of the Mohicans
en,English,Dumb and Dumber To
en,English,Eight Below
en,English,The Intern
en,English,Ride Along 2
en,English,Ray
en,English,Sin City
es,Español,Vantage Point
en,English,Vantage Point
en,English,"I Love You, Man"
en,English,Shallow Hal
en,English,JFK
es,Español,JFK
cs,Český,Behind Enemy Lines
en,English,Behind Enemy Lines
es,Español,Behind Enemy Lines
sh,,Behind Enemy Lines
en,English,Big Momma's House 2
en,English,The Mexican
es,Español,The Mexican
en,English,17 Again
en,English,The Other Woman
en,English,The Final Destination
ru,Pусский,Bridge of Spies
en,English,Bridge of Spies
de,Deutsch,Bridge of Spies
en,English,Get Him to the Greek
en,English,Shall We Dance?
en,English,Small Soldiers
fr,Français,Small Soldiers
hu,Magyar,Small Soldiers
es,Español,Small Soldiers
en,English,Spawn
en,English,The Count of Monte Cristo
en,English,Unknown
de,Deutsch,Unknown
tr,Türkçe,Unknown
ar,العربية,Unknown
en,English,The Prestige
en,English,Horrible Bosses 2
en,English,Escape from Planet Earth
en,English,Apocalypto
en,English,The Living Daylights
ar,العربية,The Living Daylights
fr,Français,The Living Daylights
de,Deutsch,The Living Daylights
ru,Pусский,The Living Daylights
cs,Český,The Living Daylights
sk,Slovenčina,The Living Daylights
en,English,Predators
es,Español,Predators
ru,Pусский,Predators
en,English,Legal Eagles
en,English,Secret Window
en,English,The Lake House
en,English,The Skeleton Key
en,English,The Odd Life of Timothy Green
es,Español,The Odd Life of Timothy Green
en,English,Made of Honor
fr,Français,Made of Honor
ru,Pусский,Made of Honor
en,English,Jersey Boys
en,English,The Rainmaker
en,English,Gothika
en,English,Amistad
es,Español,Amistad
en,English,Medicine Man
en,English,Aliens vs Predator: Requiem
en,English,Ri¢hie Ri¢h
la,Latin,Ri¢hie Ri¢h
en,English,Sweet Home Alabama
en,English,Autumn in New York
en,English,Music and Lyrics
en,English,Paul
en,English,The Guilt Trip
en,English,Scream 4
en,English,8MM
en,English,Sex Tape
ru,Pусский,Hanging Up
en,English,Final Destination 5
cn,广州话 / 廣州話,Final Destination 5
en,English,Mickey Blue Eyes
en,English,Pay It Forward
en,English,Fever Pitch
pl,Polski,Fever Pitch
pt,Português,Fever Pitch
en,English,Drillbit Taylor
en,English,A Million Ways to Die in the West
en,English,The Shadow
en,English,Extremely Loud & Incredibly Close
en,English,Paul Blart: Mall Cop 2
en,English,Morning Glory
uk,Український,Morning Glory
en,English,Get Rich or Die Tryin'
en,English,The Art of War
en,English,Rent
en,English,Bless the Child
en,English,The Out-of-Towners
en,English,The Island of Dr. Moreau
en,English,The Musketeer
hu,Magyar,The Musketeer
en,English,The Other Boleyn Girl
en,English,Sweet November
en,English,The 5th Wave
es,Español,The Reaping
en,English,The Reaping
en,English,Mean Streets
it,Italiano,Mean Streets
en,English,Renaissance Man
es,Español,Renaissance Man
en,English,Colombiana
es,Español,Colombiana
en,English,Quest for Camelot
en,English,City By The Sea
en,English,At First Sight
en,English,Torque
en,English,City Hall
en,English,Showgirls
en,English,New York Minute
en,English,Marie Antoinette
fr,Français,Marie Antoinette
la,Latin,Marie Antoinette
en,English,Kiss of Death
en,English,Get Carter
en,English,The Impossible
es,Español,The Impossible
sv,svenska,The Impossible
th,ภาษาไทย,The Impossible
en,English,Creed
en,English,Ishtar
en,English,Fantastic Mr. Fox
en,English,Life or Something Like It
en,English,Memoirs of an Invisible Man
fr,Français,Amélie
ru,Pусский,Amélie
en,English,Alfie
en,English,Big Miracle
en,English,The Deep End of the Ocean
en,English,FearDotCom
ru,Pусский,FearDotCom
en,English,A Thousand Words
en,English,Cirque du Freak: The Vampire's Assistant
en,English,Duplex
en,English,Soul Men
en,English,Raise the Titanic
en,English,Universal Soldier: The Return
en,English,Pandorum
vi,Tiếng Việt,Pandorum
de,Deutsch,Pandorum
en,English,Impostor
en,English,Extreme Ops
en,English,Just Visiting
fr,Français,Just Visiting
en,English,Sunshine
en,English,Delgo
pl,Polski,Delgo
es,Español,The Gunman
en,English,The Gunman
en,English,Stormbreaker
en,English,Disturbia
es,Español,Disturbia
en,English,Hackers
it,Italiano,Hackers
ja,日本語,Hackers
ru,Pусский,Hackers
fr,Français,A Monster in Paris
en,English,The Hunting Party
hu,Magyar,The Hunting Party
sh,,The Hunting Party
en,English,The Hudsucker Proxy
zh,普通话,The Warlords
en,English,Nomad: The Warrior
kk,қазақ,Nomad: The Warrior
ro,Română,Nomad: The Warrior
en,English,Snowpiercer
fr,Français,Snowpiercer
ja,日本語,Snowpiercer
ko,한국어/조선말,Snowpiercer
en,English,The Last Shot
en,English,The Crow
ml,,Baahubali: The Beginning
te,తెలుగు,Baahubali: The Beginning
hi,हिन्दी,Baahubali: The Beginning
ta,தமிழ்,Baahubali: The Beginning
en,English,The Time Traveler's Wife
en,English,Because I Said So
en,English,Serenity
zh,普通话,Serenity
en,English,Against the Ropes
en,English,Superman III
it,Italiano,Superman III
es,Español,Superman III
th,ภาษาไทย,Superman III
en,English,Grudge Match
zh,普通话,Red Cliff
th,ภาษาไทย,Red Cliff
en,English,Safe
zh,普通话,Safe
ru,Pусский,Safe
en,English,The Ugly Truth
en,English,Sgt. Bilko
en,English,Spy Kids 2: The Island of Lost Dreams
en,English,Star Trek: Generations
cn,广州话 / 廣州話,The Grandmaster
ja,日本語,The Grandmaster
zh,普通话,The Grandmaster
en,English,Water for Elephants
pl,Polski,Water for Elephants
cn,广州话 / 廣州話,Dragon Nest: Warriors' Dawn
en,English,Dragon Nest: Warriors' Dawn
zh,普通话,Dragon Nest: Warriors' Dawn
ru,Pусский,Dragon Nest: Warriors' Dawn
en,English,The Hurricane
en,English,Enough
en,English,Heartbreakers
ru,Pусский,Heartbreakers
en,English,This Is the End
en,English,Angel Eyes
en,English,Joe Somebody
en,English,The Ninth Gate
fr,Français,The Ninth Gate
la,Latin,The Ninth Gate
pl,Polski,The Ninth Gate
pt,Português,The Ninth Gate
es,Español,The Ninth Gate
en,English,Extreme Measures
en,English,The Town
en,English,Rock Star
en,English,Precious
it,Italiano,Precious
da,Dansk,White Squall
en,English,White Squall
fr,Français,White Squall
de,Deutsch,White Squall
en,English,The Thing
no,Norsk,The Thing
en,English,Riddick
en,English,What to Expect When You're Expecting
en,English,Switchback
en,English,Texas Rangers
en,English,City of Ember
en,English,The Master
en,English,Virgin Territory
ru,Pусский,Virgin Territory
en,English,The Express
en,English,Burn After Reading
en,English,Nim's Island
en,English,Rush
de,Deutsch,Rush
it,Italiano,Rush
fr,Français,Rush
en,English,Magnolia
fr,Français,Magnolia
de,Deutsch,Magnolia
en,English,Cop Out
es,Español,Cop Out
en,English,We're the Millers
en,English,How to Be Single
en,English,Dolphin Tale
en,English,Twilight
en,English,John Q
es,Español,John Q
en,English,Blue Streak
ru,Pусский,The Inhabited Island
en,English,Breakdown
en,English,Never Say Never Again
fr,Français,Never Say Never Again
ar,العربية,Never Say Never Again
es,Español,Never Say Never Again
ru,Pусский,Hot Tub Time Machine
en,English,Hot Tub Time Machine
en,English,Dolphin Tale 2
en,English,Reindeer Games
en,English,A Man Apart
es,Español,A Man Apart
ru,Pусский,Aloha
en,English,Aloha
en,English,Ghosts of Mississippi
de,Deutsch,Snow Falling on Cedars
ja,日本語,Snow Falling on Cedars
en,English,Snow Falling on Cedars
en,English,The Rite
it,Italiano,The Rite
hu,Magyar,The Rite
ru,Pусский,The Rite
la,Latin,The Rite
cy,Cymraeg,The Rite
en,English,Gattaca
eo,Esperanto,Gattaca
en,English,Isn't She Great
en,English,Space Chimps
en,English,Head of State
en,English,The Hangover
cn,广州话 / 廣州話,Ip Man 3
en,English,Ip Man 3
zh,普通话,Ip Man 3
th,ภาษาไทย,Ip Man 3
de,Deutsch,Austin Powers: The Spy Who Shagged Me
en,English,Austin Powers: The Spy Who Shagged Me
en,English,Batman
fr,Français,Batman
en,English,There Be Dragons
en,English,Lethal Weapon 3
es,Español,Spy Kids
en,English,Spy Kids
en,English,Horrible Bosses
en,English,True Grit
en,English,The Devil Wears Prada
fr,Français,The Devil Wears Prada
en,English,Star Trek: The Motion Picture
en,English,Identity Thief
en,English,Cape Fear
en,English,21
en,English,Trainwreck
fr,Français,Guess Who
en,English,Guess Who
pl,Polski,Guess Who
pt,Português,Guess Who
de,Deutsch,The English Patient
it,Italiano,The English Patient
ar,العربية,The English Patient
en,English,The English Patient
en,English,L.A. Confidential
en,English,In & Out
en,English,Species
en,English,A Nightmare on Elm Street
en,English,The Cell
en,English,The Man in the Iron Mask
en,English,Secretariat
en,English,Carrie
en,English,TMNT
en,English,Radio
en,English,Friends with Benefits
en,English,Neighbors 2: Sorority Rising
en,English,Poltergeist
en,English,Saving Mr. Banks
ar,العربية,Malcolm X
en,English,Malcolm X
en,English,This Is 40
en,English,Old Dogs
uk,Український,Old Dogs
en,English,Underworld: Rise of the Lycans
en,English,The Ladykillers
vi,Tiếng Việt,The Ladykillers
en,English,The Bad News Bears
es,Español,The Bad News Bears
en,English,License to Wed
en,English,The Benchwarmers
es,Español,The Benchwarmers
en,English,Must Love Dogs
hy,,Must Love Dogs
ja,日本語,Donnie Brasco
en,English,Donnie Brasco
it,Italiano,Donnie Brasco
en,English,Resident Evil
en,English,Max Payne
ru,Pусский,Max Payne
es,Español,Max Payne
en,English,In Time
en,English,The Back-Up Plan
en,English,Something Borrowed
en,English,Black Knight
en,English,Street Fighter
ja,日本語,Street Fighter
en,English,The Pianist
de,Deutsch,The Pianist
ru,Pусский,The Pianist
en,English,The Nativity Story
pt,Português,The Nativity Story
en,English,House of Wax
ru,Pусский,House of Wax
en,English,Closer
zh,普通话,Premium Rush
en,English,Premium Rush
en,English,J. Edgar
en,English,Mirrors
en,English,Queen of the Damned
en,English,Predator 2
en,English,Untraceable
en,English,Bait
la,Latin,Blast from the Past
en,English,Blast from the Past
fr,Français,Blast from the Past
de,Deutsch,Blast from the Past
en,English,Flash Gordon
en,English,Jersey Girl
en,English,Alex Cross
de,Deutsch,Alex Cross
en,English,Midnight in the Garden of Good and Evil
en,English,Heist
en,English,Nanny McPhee and the Big Bang
en,English,Hoffa
it,Italiano,Hoffa
la,Latin,Hoffa
en,English,The X Files: I Want to Believe
en,English,Ella Enchanted
en,English,Concussion
en,English,Abduction
en,English,Valiant
en,English,Wonder Boys
en,English,Superhero Movie
en,English,Broken City
en,English,Cursed
en,English,The Order
es,Español,Hot Pursuit
en,English,Hot Pursuit
en,English,The Four Feathers
en,English,Parker
en,English,Wimbledon
en,English,Furry Vengeance
en,English,Winnie the Pooh
en,English,Krull
en,English,Lions for Lambs
en,English,Flight of the Intruder
en,English,Walk Hard: The Dewey Cox Story
en,English,The Shipping News
en,English,American Outlaws
en,English,The Young Victoria
hu,Magyar,The Young Victoria
en,English,Whiteout
ru,Pусский,Whiteout
en,English,The Tree of Life
en,English,Knock Off
it,Italiano,Knock Off
en,English,Sabotage
ru,Pусский,Punisher: War Zone
en,English,Punisher: War Zone
en,English,Zoom
fr,Français,The Walk
en,English,The Walk
en,English,Warriors of Virtue
zh,普通话,Warriors of Virtue
en,English,A Good Year
fr,Français,A Good Year
ru,Pусский,A Good Year
en,English,Radio Flyer
en,English,Bound by Honor
en,English,Smilla's Sense of Snow
iu,,Smilla's Sense of Snow
en,English,Femme Fatale
fr,Français,Femme Fatale
es,Español,Femme Fatale
en,English,Lion of the Desert
fr,Français,Lion of the Desert
es,Español,Lion of the Desert
en,English,Playing for Keeps
fr,Français,The Horseman on the Roof
it,Italiano,The Horseman on the Roof
en,English,Ride with the Devil
cn,广州话 / 廣州話,Biutiful
zh,普通话,Biutiful
es,Español,Biutiful
wo,Wolof,Biutiful
en,English,Bandidas
es,Español,Bandidas
en,English,The Darkest Hour
en,English,Black Water Transit
en,English,The Maze Runner
en,English,Unfinished Business
en,English,The Age of Innocence
it,Italiano,The Age of Innocence
en,English,The Fountain
en,English,Chill Factor
sv,svenska,Stolen
en,English,Stolen
ja,日本語,Ponyo
en,English,The Longest Ride
en,English,The Astronaut's Wife
en,English,I Dreamed of Africa
en,English,Mandela: Long Walk to Freedom
af,Afrikaans,Mandela: Long Walk to Freedom
xh,,Mandela: Long Walk to Freedom
de,Deutsch,Reds
fi,suomi,Reds
fr,Français,Reds
ru,Pусский,Reds
en,English,Reds
en,English,A Few Good Men
it,Italiano,Exit Wounds
en,English,Big Momma's House
de,Deutsch,Thunder and the House of Magic
fr,Français,Thunder and the House of Magic
en,English,Thunder and the House of Magic
en,English,Step Up Revolution
en,English,Snakes on a Plane
th,ภาษาไทย,Snakes on a Plane
vi,Tiếng Việt,The Watcher
en,English,The Watcher
en,English,The Punisher
en,English,Goal!: The Dream Begins
es,Español,Goal!: The Dream Begins
en,English,Pushing Tin
en,English,Return of the Jedi
en,English,Doomsday
en,English,The Reader
de,Deutsch,The Reader
el,ελληνικά,The Reader
la,Latin,The Reader
en,English,Wanderlust
en,English,Elf
en,English,Phenomenon
en,English,Snow Dogs
en,English,Scrooged
es,Español,Nacho Libre
en,English,Nacho Libre
en,English,Bridesmaids
en,English,Stigmata
it,Italiano,Stigmata
pt,Português,Stigmata
en,English,Men of Honor
en,English,Takers
en,English,The Big Wedding
es,Español,The Big Wedding
la,Latin,The Big Wedding
en,English,"Big Mommas: Like Father, Like Son"
en,English,Source Code
en,English,Alive
pt,Português,Alive
en,English,The Number 23
en,English,The Young and Prodigious T.S. Spivet
en,English,1941
de,Deutsch,1941
ja,日本語,1941
en,English,Dreamer: Inspired By a True Story
en,English,A History of Violence
en,English,Transporter 2
fr,Français,Transporter 2
it,Italiano,Transporter 2
en,English,The Quick and the Dead
en,English,Laws of Attraction
en,English,Bringing Out the Dead
en,English,The Good German
de,Deutsch,The Good German
zh,普通话,The Good German
ru,Pусский,The Good German
en,English,Repo Men
en,English,Dragon Wars: D-War
ko,한국어/조선말,Dragon Wars: D-War
en,English,Bogus
en,English,The Incredible Burt Wonderstone
en,English,Cats Don't Dance
de,Deutsch,Cats Don't Dance
en,English,Cradle Will Rock
en,English,George and the Dragon
km,,Apocalypse Now
en,English,Apocalypse Now
fr,Français,Apocalypse Now
vi,Tiếng Việt,Apocalypse Now
en,English,Going the Distance
en,English,Mr. Holland's Opus
en,English,Criminal
en,English,Out of Africa
sw,Kiswahili,Out of Africa
en,English,Flight
en,English,Moonraker
it,Italiano,Moonraker
en,English,The Grand Budapest Hotel
fr,Français,The Grand Budapest Hotel
en,English,Hearts in Atlantis
en,English,Arachnophobia
es,Español,Arachnophobia
en,English,Frequency
en,English,Get Shorty
hu,Magyar,Chicago
en,English,Chicago
en,English,Big Daddy
it,Italiano,Big Daddy
en,English,American Pie 2
en,English,Toy Story
en,English,Speed
en,English,The Vow
en,English,Extraordinary Measures
en,English,Remember the Titans
en,English,The Hunt for Red October
ru,Pусский,The Hunt for Red October
en,English,The Butler
en,English,DodgeBall: A True Underdog Story
de,Deutsch,DodgeBall: A True Underdog Story
en,English,The Addams Family
en,English,Ace Ventura: When Nature Calls
en,English,The Princess Diaries
en,English,The First Wives Club
en,English,Se7en
af,Afrikaans,District 9
ny,,District 9
st,,District 9
xh,,District 9
zu,isiZulu,District 9
en,English,District 9
en,English,The SpongeBob SquarePants Movie
en,English,Mystic River
en,English,Million Dollar Baby
ga,Gaeilge,Million Dollar Baby
en,English,Analyze This
en,English,The Notebook
en,English,27 Dresses
en,English,Hannah Montana: The Movie
en,English,Rugrats in Paris: The Movie
en,English,The Prince of Tides
kw,,Legends of the Fall
en,English,Legends of the Fall
en,English,Up in the Air
en,English,About Schmidt
en,English,Warm Bodies
en,English,Looper
en,English,Down to Earth
en,English,Babe
en,English,Hope Springs
en,English,Forgetting Sarah Marshall
ja,日本語,Forgetting Sarah Marshall
de,Deutsch,Forgetting Sarah Marshall
es,Español,Four Brothers
en,English,Four Brothers
en,English,Baby Mama
en,English,Hope Floats
en,English,Bride Wars
en,English,Without a Paddle
en,English,13 Going on 30
fr,Français,13 Going on 30
pt,Português,13 Going on 30
en,English,Midnight in Paris
fr,Français,Midnight in Paris
de,Deutsch,Midnight in Paris
es,Español,Midnight in Paris
en,English,The Nut Job
en,English,Blow
en,English,Message in a Bottle
en,English,Star Trek V: The Final Frontier
en,English,Like Mike
en,English,The Naked Gun 33⅓: The Final Insult
en,English,Texas Chainsaw 3D
en,English,A View to a Kill
en,English,The Curse of the Were-Rabbit
en,English,P.S. I Love You
en,English,Racing Stripes
en,English,Atonement
fr,Français,Atonement
en,English,Letters to Juliet
it,Italiano,Letters to Juliet
es,Español,Letters to Juliet
en,English,Black Rain
ja,日本語,Black Rain
en,English,The Three Stooges
en,English,Corpse Bride
en,English,Glory Road
es,Español,Sicario
en,English,Sicario
en,English,Southpaw
en,English,Drag Me to Hell
es,Español,Drag Me to Hell
hu,Magyar,Drag Me to Hell
cs,Český,Drag Me to Hell
en,English,The Age of Adaline
en,English,Secondhand Lions
en,English,Step Up 3D
en,English,Blue Crush
en,English,Stranger Than Fiction
en,English,30 Days of Night
en,English,The Cabin in the Woods
ja,日本語,The Cabin in the Woods
en,English,Meet the Spartans
cs,Český,Midnight Run
en,English,Midnight Run
en,English,The Running Man
en,English,Little Shop of Horrors
en,English,Hanna
fr,Français,Hanna
de,Deutsch,Hanna
it,Italiano,Hanna
ar,العربية,Hanna
es,Español,Hanna
en,English,Mortal Kombat: Annihilation
en,English,Larry Crowne
en,English,Take the Lead
en,English,Gridiron Gang
en,English,What's the Worst That Could Happen?
en,English,9
en,English,Side Effects
fr,Français,Side Effects
da,Dansk,The Prince & Me
de,Deutsch,The Prince & Me
en,English,The Prince & Me
en,English,Dumb and Dumberer: When Harry Met Lloyd
en,English,Bulworth
en,English,Get on Up
en,English,One True Thing
en,English,Virtuosity
en,English,My Super Ex-Girlfriend
en,English,Deliver Us from Evil
en,English,Sanctum
en,English,Little Black Book
en,English,The Five-Year Engagement
en,English,Mr. 3000
en,English,Along Came a Spider
ru,Pусский,Along Came a Spider
en,English,The Next Three Days
en,English,Ultraviolet
vi,Tiếng Việt,Ultraviolet
en,English,Assault on Precinct 13
sr,Srpski,Assault on Precinct 13
es,Español,Assault on Precinct 13
cn,广州话 / 廣州話,The Replacement Killers
cs,Český,The Replacement Killers
en,English,The Replacement Killers
en,English,Fled
en,English,Eight Legged Freaks
en,English,Love & Other Drugs
en,English,88 Minutes
en,English,North Country
en,English,The Whole Ten Yards
he,עִבְרִית,The Whole Ten Yards
hu,Magyar,The Whole Ten Yards
en,English,Splice
en,English,Florence Foster Jenkins
pt,Português,Howard the Duck
en,English,Howard the Duck
en,English,Pride and Glory
cs,Český,The Cave
en,English,The Cave
en,English,Alex & Emma
fr,Français,Alex & Emma
en,English,Wicker Park
en,English,Once Upon a Time in Mexico
es,Español,Once Upon a Time in Mexico
en,English,Fright Night
en,English,The New World
en,English,Wing Commander
en,English,In Dreams
en,English,Dragonball Evolution
ja,日本語,Dragonball Evolution
hi,हिन्दी,Dragonball Evolution
en,English,The Last Stand
en,English,Godsend
en,English,Chasing Liberty
fr,Français,Chasing Liberty
he,עִבְרִית,Chasing Liberty
it,Italiano,Chasing Liberty
es,Español,Chasing Liberty
de,Deutsch,Chasing Liberty
en,English,Hoodwinked Too! Hood VS. Evil
en,English,An Unfinished Life
fr,Français,An Unfinished Life
en,English,The Imaginarium of Doctor Parnassus
ru,Pусский,The Imaginarium of Doctor Parnassus
fr,Français,The Imaginarium of Doctor Parnassus
en,English,Barney's Version
en,English,Runner Runner
en,English,Antitrust
en,English,Glory
en,English,Die Hard
de,Deutsch,Die Hard
it,Italiano,Die Hard
en,English,Once Upon a Time in America
fr,Français,Once Upon a Time in America
it,Italiano,Once Upon a Time in America
en,English,Dead Man Down
fr,Français,Dead Man Down
sq,shqip,Dead Man Down
es,Español,Dead Man Down
en,English,The Merchant of Venice
en,English,The Good Thief
en,English,Supercross
en,English,Miss Potter
en,English,The Promise
de,Deutsch,The Promise
zh,普通话,The Promise
en,English,DOA: Dead or Alive
en,English,The Assassination of Jesse James by the Coward Robert Ford
en,English,Role Models
fr,Français,1911
zh,普通话,1911
en,English,1911
fr,Français,Little Nicholas
en,English,Wild Card
ar,العربية,Machine Gun Preacher
en,English,Machine Gun Preacher
de,Deutsch,Animals United
en,English,The Big Short
en,English,Goodbye Bafana
xh,,Goodbye Bafana
en,English,United Passions
fr,Français,Grace of Monaco
en,English,Grace of Monaco
ru,Pусский,Savva. Heart of the Warrior
en,English,Ripley's Game
en,English,Sausage Party
en,English,Pitch Perfect 2
en,English,Walk the Line
ru,Pусский,Walk the Line
he,עִבְרִית,Keeping the Faith
en,English,Keeping the Faith
es,Español,Keeping the Faith
en,English,The Borrowers
en,English,Frost/Nixon
es,Español,Frost/Nixon
en,English,Confessions of a Dangerous Mind
en,English,Inside Llewyn Davis
es,Español,Serving Sara
en,English,Serving Sara
en,English,The Boss
en,English,Cry Freedom
en,English,Mumford
en,English,Seed of Chucky
en,English,The Jacket
en,English,Aladdin
en,English,Straight Outta Compton
en,English,Indiana Jones and the Temple of Doom
si,,Indiana Jones and the Temple of Doom
en,English,The Rugrats Movie
en,English,Taking Woodstock
en,English,Miracle
en,English,Dawn of the Dead
it,Italiano,Dawn of the Dead
en,English,The Wedding Planner
ja,日本語,Space Pirate Captain Harlock
en,English,The Royal Tenenbaums
it,Italiano,The Royal Tenenbaums
en,English,Identity
en,English,Last Vegas
el,ελληνικά,For Your Eyes Only
en,English,For Your Eyes Only
it,Italiano,For Your Eyes Only
en,English,Serendipity
en,English,Timecop
en,English,Zoolander
en,English,"Alexander and the Terrible, Horrible, No Good, Very Bad Day"
en,English,Safe Haven
pt,Português,Safe Haven
en,English,Hocus Pocus
en,English,No Reservations
en,English,Kick-Ass
en,English,30 Minutes or Less
de,Deutsch,30 Minutes or Less
es,Español,30 Minutes or Less
en,English,Dracula 2000
en,English,Joyful Noise
en,English,Pride & Prejudice
en,English,Blade Runner
de,Deutsch,Blade Runner
cn,广州话 / 廣州話,Blade Runner
ja,日本語,Blade Runner
hu,Magyar,Blade Runner
en,English,Rob Roy
en,English,3 Days to Kill
en,English,We Own the Night
ru,Pусский,We Own the Night
en,English,Lost Souls
fr,Français,Lost Souls
en,English,Dark City
en,English,Winged Migration
fr,Français,Winged Migration
en,English,Just My Luck
en,English,"Mystery, Alaska"
en,English,The Spy Next Door
en,English,A Simple Wish
en,English,The Duchess
en,English,Ghosts of Mars
en,English,Our Brand Is Crisis
en,English,Pride and Prejudice and Zombies
en,English,Kundun
zh,普通话,Kundun
bo,,Kundun
en,English,How to Lose Friends & Alienate People
en,English,Kick-Ass 2
es,Español,Alatriste
en,English,Brick Mansions
de,Deutsch,Octopussy
en,English,Octopussy
ru,Pусский,Octopussy
es,Español,Octopussy
en,English,Knocked Up
hr,Hrvatski,My Sister's Keeper
en,English,My Sister's Keeper
en,English,Welcome Home Roscoe Jenkins
en,English,A Passage to India
hi,हिन्दी,A Passage to India
en,English,Notes on a Scandal
fr,Français,Notes on a Scandal
ar,العربية,Rendition
en,English,Rendition
en,English,Return to Oz
en,English,Star Trek VI: The Undiscovered Country
en,English,Divine Secrets of the Ya-Ya Sisterhood
en,English,Kiss the Girls
zh,普通话,Kiss the Girls
en,English,The Blues Brothers
en,English,The Sisterhood of the Traveling Pants 2
en,English,About a Boy
en,English,Lake Placid
en,English,Lucky Number Slevin
en,English,The Right Stuff
ru,Pусский,The Right Stuff
en,English,Anonymous
en,English,The NeverEnding Story
en,English,The Newton Boys
en,English,Case 39
en,English,Suspect Zero
en,English,Martian Child
en,English,Spy Kids: All the Time in the World
en,English,Money Monster
en,English,The 51st State
en,English,Flawless
en,English,Mindhunters
fr,Français,What Just Happened
en,English,What Just Happened
he,עִבְרִית,What Just Happened
fr,Français,The Statement
de,Deutsch,The Statement
en,English,The Statement
it,Italiano,The Statement
la,Latin,The Statement
en,English,The Magic Flute
en,English,Paul Blart: Mall Cop
zh,普通话,Freaky Friday
en,English,Freaky Friday
en,English,The 40 Year Old Virgin
es,Español,The 40 Year Old Virgin
en,English,In Good Company
it,Italiano,In Good Company
en,English,Shakespeare in Love
en,English,A Walk Among the Tombstones
en,English,Kindergarten Cop
es,Español,Kindergarten Cop
en,English,Pineapple Express
en,English,Ever After: A Cinderella Story
en,English,Open Range
en,English,Flatliners
fr,Français,Flatliners
es,Español,Flatliners
en,English,A Bridge Too Far
nl,Nederlands,A Bridge Too Far
pl,Polski,A Bridge Too Far
de,Deutsch,A Bridge Too Far
la,Latin,A Bridge Too Far
en,English,Red Eye
ru,Pусский,Red Eye
en,English,Final Destination 2
en,English,"O Brother, Where Art Thou?"
en,English,Legion
en,English,Pain & Gain
cs,Český,Clockstoppers
en,English,Clockstoppers
en,English,Silverado
en,English,Brothers
fr,Français,Brothers
en,English,Agent Cody Banks 2: Destination London
en,English,New Year's Eve
en,English,Original Sin
de,Deutsch,Original Sin
ja,日本語,Original Sin
la,Latin,Original Sin
es,Español,Original Sin
en,English,The Bodyguard
en,English,The Raven
en,English,Welcome to Mooseport
en,English,Highlander: The Final Dimension
en,English,Blood and Wine
en,English,Snow White: A Tale of Terror
de,Deutsch,Schindler's List
pl,Polski,Schindler's List
he,עִבְרִית,Schindler's List
en,English,Schindler's List
en,English,The Curse of the Jade Scorpion
pl,Polski,The Curse of the Jade Scorpion
en,English,Accidental Love
en,English,Flipper
en,English,Self/less
de,Deutsch,The Constant Gardener
en,English,The Constant Gardener
it,Italiano,The Constant Gardener
sw,Kiswahili,The Constant Gardener
he,עִבְרִית,The Passion of the Christ
la,Latin,The Passion of the Christ
en,English,Mrs. Doubtfire
it,Italiano,Rain Man
en,English,Rain Man
en,English,Gran Torino
es,Español,W.
en,English,W.
en,English,Taken
fr,Français,Taken
ar,العربية,Taken
sq,shqip,Taken
en,English,The Best of Me
en,English,The Help
en,English,The Fifth Estate
en,English,Scooby-Doo 2: Monsters Unleashed
en,English,Forbidden Kingdom
ru,Pусский,Forbidden Kingdom
en,English,Freddy vs. Jason
en,English,Ride Along
en,English,The Face of an Angel
fr,Français,The Face of an Angel
en,English,Jimmy Neutron: Boy Genius
ru,Pусский,Cloverfield
en,English,Cloverfield
en,English,Teenage Mutant Ninja Turtles II: The Secret of the Ooze
en,English,The Untouchables
en,English,No Country for Old Men
es,Español,No Country for Old Men
en,English,Bridget Jones's Diary
en,English,Chocolat
fr,Français,Chocolat
en,English,"Legally Blonde 2: Red, White & Blonde"
en,English,Parental Guidance
en,English,No Strings Attached
en,English,Tombstone
la,Latin,Tombstone
es,Español,Tombstone
en,English,Agent Cody Banks
en,English,Romeo Must Die
zh,普通话,Romeo Must Die
en,English,The Omen
it,Italiano,The Omen
la,Latin,The Omen
en,English,Final Destination 3
en,English,The Lucky One
en,English,Bridge to Terabithia
en,English,August Rush
en,English,Finding Neverland
en,English,A Madea Christmas
en,English,The Grey
en,English,Hide and Seek
en,English,Anchorman: The Legend of Ron Burgundy
it,Italiano,GoodFellas
en,English,GoodFellas
en,English,Nanny McPhee
en,English,Scarface
es,Español,Scarface
en,English,Nothing to Lose
cs,Český,The Last Emperor
en,English,The Last Emperor
ja,日本語,The Last Emperor
zh,普通话,The Last Emperor
ru,Pусский,The Last Emperor
en,English,Contraband
en,English,Money Talks
en,English,There Will Be Blood
en,English,The Wild Thornberrys Movie
it,Italiano,The Wild Thornberrys Movie
en,English,Rugrats Go Wild
en,English,Undercover Brother
en,English,The Sisterhood of the Traveling Pants
el,ελληνικά,The Sisterhood of the Traveling Pants
es,Español,The Sisterhood of the Traveling Pants
en,English,Kiss of the Dragon
fr,Français,Kiss of the Dragon
zh,普通话,Kiss of the Dragon
en,English,The House Bunny
en,English,Beauty Shop
hi,हिन्दी,Million Dollar Arm
en,English,Million Dollar Arm
en,English,The Giver
en,English,What a Girl Wants
en,English,Jeepers Creepers 2
en,English,Good Luck Chuck
en,English,Cradle 2 the Grave
ko,한국어/조선말,Cradle 2 the Grave
ru,Pусский,Cradle 2 the Grave
fr,Français,Elizabeth
en,English,Elizabeth
en,English,The Hours
en,English,She's the Man
en,English,Mr. Bean's Holiday
en,English,Anacondas: The Hunt for the Blood Orchid
ru,Pусский,Anacondas: The Hunt for the Blood Orchid
es,Español,Blood Ties
en,English,Blood Ties
it,Italiano,Blood Ties
en,English,Bride of Chucky
en,English,Tora! Tora! Tora!
ja,日本語,Tora! Tora! Tora!
en,English,Spice World
en,English,The Sitter
en,English,Dance Flick
en,English,The Shawshank Redemption
en,English,Crocodile Dundee in Los Angeles
en,English,Kingpin
en,English,The Gambler
en,English,August: Osage County
en,English,Ice Princess
en,English,A Lot Like Love
en,English,Eddie the Eagle
de,Deutsch,Eddie the Eagle
no,Norsk,Eddie the Eagle
en,English,King's Ransom
en,English,He Got Game
en,English,Don Juan DeMarco
en,English,Dear John
en,English,The Losers
en,English,Don't Be Afraid of the Dark
cn,广州话 / 廣州話,War
en,English,War
ja,日本語,War
zh,普通话,War
en,English,Punch-Drunk Love
en,English,EuroTrip
fr,Français,EuroTrip
it,Italiano,EuroTrip
ja,日本語,EuroTrip
de,Deutsch,EuroTrip
en,English,Half Past Dead
en,English,Unaccompanied Minors
en,English,"Bright Lights, Big City"
ja,日本語,Blindness
en,English,Blindness
en,English,The Adventures of Pinocchio
it,Italiano,The Adventures of Pinocchio
en,English,The Greatest Game Ever Played
en,English,The Box
en,English,The Ruins
pl,Polski,The Ruins
ru,Pусский,The Ruins
en,English,Ghost
fr,Français,The Next Best Thing
en,English,The Next Best Thing
en,English,My Soul to Take
en,English,The Girl Next Door
en,English,Maximum Risk
en,English,Stealing Harvard
en,English,Legend
en,English,There's Something About Mary
en,English,Hot Rod
en,English,Shark Night
pt,Português,Shark Night
en,English,Angela's Ashes
en,English,Draft Day
en,English,Lifeforce
es,Español,Lifeforce
en,English,The Conspirator
en,English,Lords of Dogtown
es,Español,Lords of Dogtown
es,Español,The 33
en,English,The 33
cn,广州话 / 廣州話,Big Trouble in Little China
en,English,Big Trouble in Little China
fr,Français,Fly Me to the Moon
it,Italiano,Fly Me to the Moon
pl,Polski,Fly Me to the Moon
en,English,Warrior
en,English,Michael Collins
en,English,Gettysburg
en,English,Stop-Loss
it,Italiano,Abandon
en,English,Abandon
en,English,Brokedown Palace
th,ภาษาไทย,Brokedown Palace
en,English,The Possession
en,English,Mrs. Winterbourne
en,English,Straw Dogs
en,English,The Hoax
en,English,Stone Cold
en,English,The Road
en,English,BloodRayne
pt,Português,BloodRayne
en,English,Sheena
en,English,Underclassman
en,English,Say It Isn't So
en,English,The World's Fastest Indian
fr,Français,The World's Fastest Indian
ru,Pусский,The World's Fastest Indian
en,English,Tank Girl
en,English,Carnage
en,English,Where the Truth Lies
en,English,Cirque du Soleil: Worlds Away
en,English,Without Limits
en,English,Love Ranch
en,English,Me and Orson Welles
en,English,The Best Offer
es,Español,The Bad Lieutenant: Port of Call - New Orleans
en,English,The Bad Lieutenant: Port of Call - New Orleans
en,English,A Turtle's Tale: Sammy's Adventures
fr,Français,Little White Lies
cs,Český,The True Story of Puss 'n Boots
en,English,The True Story of Puss 'n Boots
fr,Français,The True Story of Puss 'n Boots
pl,Polski,The True Story of Puss 'n Boots
ru,Pусский,Space Dogs
en,English,The Counselor
da,Dansk,Ironclad
en,English,Ironclad
hu,Magyar,Ironclad
la,Latin,Ironclad
en,English,Waterloo
ru,Pусский,Waterloo
cn,广州话 / 廣州話,Kung Fu Jungle
zh,普通话,Kung Fu Jungle
en,English,Red Sky
en,English,Dangerous Liaisons
en,English,On the Road
fr,Français,On the Road
en,English,The Longshots
en,English,Star Trek IV: The Voyage Home
fi,suomi,Star Trek IV: The Voyage Home
en,English,Rocky Balboa
es,Español,Rocky Balboa
en,English,Scream 2
en,English,Jane Got a Gun
en,English,Think Like a Man Too
en,English,Derailed
fr,Français,Derailed
en,English,The Whole Nine Yards
fr,Français,The Whole Nine Yards
es,Español,The Whole Nine Yards
en,English,Footloose
en,English,Old School
en,English,The Fisher King
en,English,I Still Know What You Did Last Summer
en,English,Return to Me
it,Italiano,Return to Me
en,English,Zack and Miri Make a Porno
es,Español,Nurse Betty
en,English,Nurse Betty
en,English,The Men Who Stare at Goats
en,English,Double Take
en,English,"Girl, Interrupted"
en,English,Win a Date with Tad Hamilton!
en,English,Muppets from Space
en,English,The Wiz
en,English,Ready to Rumble
en,English,Play It to the Bone
fr,Français,Play It to the Bone
en,English,I Don't Know How She Does It
en,English,Piranha 3D
en,English,Beyond the Sea
en,English,Meet the Deedles
en,English,The Thief and the Cobbler
en,English,The Bridge of San Luis Rey
en,English,Faster
ja,日本語,Howl's Moving Castle
en,English,Zombieland
en,English,The Waterboy
en,English,The Empire Strikes Back
en,English,Bad Boys
en,English,The Naked Gun 2½: The Smell of Fear
en,English,Final Destination
fr,Français,Final Destination
en,English,The Ides of March
en,English,Pitch Black
en,English,Someone Like You...
en,English,Her
en,English,Joy Ride
en,English,The Adventurer: The Curse of the Midas Box
en,English,Anywhere But Here
en,English,The Crew
es,Español,The Crew
en,English,Haywire
es,Español,Haywire
en,English,Jaws: The Revenge
en,English,Marvin's Room
es,Español,Marvin's Room
en,English,The End of the Affair
fr,Français,The End of the Affair
en,English,Harley Davidson and the Marlboro Man
en,English,In the Valley of Elah
fr,Français,Coco Before Chanel
en,English,Coco Before Chanel
en,English,Forsaken
ru,Pусский,The Water Diviner
tr,Türkçe,The Water Diviner
el,ελληνικά,The Water Diviner
en,English,The Water Diviner
en,English,Cheri
fr,Français,Cheri
it,Italiano,Cheri
la,Latin,Cheri
en,English,Vanity Fair
fr,Français,Vanity Fair
de,Deutsch,Vanity Fair
zh,普通话,Bodyguards and Assassins
cn,广州话 / 廣州話,Bodyguards and Assassins
en,English,Bodyguards and Assassins
en,English,1408
en,English,Spaceballs
en,English,The Santa Clause
en,English,The Rookie
en,English,The Game Plan
en,English,The Bridges of Madison County
en,English,The Animal
en,English,Gandhi
hi,हिन्दी,Gandhi
hi,हिन्दी,The Hundred-Foot Journey
en,English,The Hundred-Foot Journey
fr,Français,The Hundred-Foot Journey
en,English,The Net
es,Español,The Net
en,English,I Am Sam
en,English,Son of God
he,עִבְרִית,Son of God
en,English,Underworld
en,English,The Informant!
en,English,Shadowlands
nl,Nederlands,Deuce Bigalow: European Gigolo
en,English,Deuce Bigalow: European Gigolo
pl,Polski,Deuce Bigalow: European Gigolo
pt,Português,Deuce Bigalow: European Gigolo
en,English,Delivery Man
ru,Pусский,Our Kind of Traitor
en,English,Our Kind of Traitor
fr,Français,Our Kind of Traitor
en,English,Saving Silverman
pl,Polski,Saving Silverman
pt,Português,Saving Silverman
es,Español,Saving Silverman
en,English,Diary of a Wimpy Kid: Dog Days
en,English,Summer of Sam
it,Italiano,Summer of Sam
en,English,Jay and Silent Bob Strike Back
es,Español,The Glass House
en,English,The Glass House
en,English,"Hail, Caesar!"
en,English,Josie and the Pussycats
en,English,Homefront
en,English,The Little Vampire
de,Deutsch,The Little Vampire
en,English,I Heart Huckabees
en,English,Before I Go to Sleep
en,English,RoboCop 3
ja,日本語,RoboCop 3
en,English,Megiddo: The Omega Code 2
de,Deutsch,Darling Lili
en,English,Darling Lili
en,English,Dudley Do-Right
en,English,The Transporter Refueled
en,English,The Libertine
nl,Nederlands,Black Book
de,Deutsch,Black Book
en,English,Black Book
he,עִבְרִית,Black Book
en,English,Joyeux Noël
fr,Français,Joyeux Noël
de,Deutsch,Joyeux Noël
la,Latin,Joyeux Noël
en,English,Hit & Run
fr,Français,Hit & Run
pl,Polski,Hit & Run
en,English,Mad Money
en,English,Sorcerer
fr,Français,Sorcerer
de,Deutsch,Sorcerer
es,Español,Sorcerer
en,English,Stone
fr,Français,Moliere
hu,Magyar,Moliere
en,English,Out of the Furnace
en,English,Michael Clayton
en,English,My Fellow Americans
en,English,Arlington Road
es,Español,Underdogs
en,English,Underdogs
it,Italiano,To Rome with Love
en,English,To Rome with Love
ru,Pусский,Firefox
en,English,Firefox
en,English,"South Park: Bigger, Longer & Uncut"
en,English,Death at a Funeral
en,English,Teenage Mutant Ninja Turtles III
en,English,Hardball
en,English,Silver Linings Playbook
en,English,Freedom Writers
es,Español,Freedom Writers
en,English,One Missed Call
en,English,For Colored Girls
en,English,The Transporter
fr,Français,The Transporter
zh,普通话,The Transporter
en,English,Never Back Down
en,English,The Rage: Carrie 2
en,English,Away We Go
en,English,Swing Vote
en,English,School of Rock
en,English,Moonlight Mile
he,עִבְרִית,Moonlight Mile
fr,Français,Tinker Tailor Soldier Spy
en,English,Tinker Tailor Soldier Spy
ru,Pусский,Tinker Tailor Soldier Spy
hu,Magyar,Tinker Tailor Soldier Spy
en,English,Molly
en,English,The Beaver
en,English,Edward Scissorhands
en,English,The Best Little Whorehouse in Texas
en,English,eXistenZ
en,English,Raiders of the Lost Ark
es,Español,Raiders of the Lost Ark
de,Deutsch,Raiders of the Lost Ark
he,עִבְרִית,Raiders of the Lost Ark
ar,العربية,Raiders of the Lost Ark
ne,,Raiders of the Lost Ark
en,English,Home Alone 2: Lost in New York
fr,Français,Home Alone 2: Lost in New York
hi,हिन्दी,Close Encounters of the Third Kind
en,English,Close Encounters of the Third Kind
fr,Français,Close Encounters of the Third Kind
es,Español,Close Encounters of the Third Kind
en,English,Mortal Kombat
en,English,Pulse
pl,Polski,Pulse
en,English,Beverly Hills Cop II
en,English,Bringing Down the House
fr,Français,Bringing Down the House
en,English,The Silence of the Lambs
cn,广州话 / 廣州話,Wayne's World
en,English,Wayne's World
en,English,White Chicks
ro,Română,Jackass 3D
en,English,Jackass 3D
en,English,Jaws 2
en,English,Beverly Hills Chihuahua
en,English,The Conjuring
en,English,Are We There Yet?
en,English,Tammy
en,English,The Descendants
en,English,Holes
en,English,The Last Song
en,English,12 Years a Slave
en,English,Drumline
en,English,Why Did I Get Married Too?
en,English,Me Before You
en,English,Madea's Witness Protection
en,English,The French Connection
fr,Français,The French Connection
ru,Pусский,Bad Moms
en,English,Bad Moms
en,English,Date Movie
en,English,Return to Never Land
en,English,Selma
en,English,The Jungle Book 2
en,English,Boogeyman
fr,Français,Boogeyman
pl,Polski,Boogeyman
en,English,Premonition
en,English,The Tigger Movie
en,English,Orphan
et,Eesti,Orphan
fr,Français,Orphan
en,English,Max
en,English,Epic Movie
en,English,Spotlight
en,English,Lakeview Terrace
en,English,The Grudge 2
ja,日本語,The Grudge 2
ru,Pусский,The Grudge 2
en,English,How Stella Got Her Groove Back
en,English,Bill & Ted's Bogus Journey
en,English,Man of the Year
en,English,The Black Hole
en,English,The American
it,Italiano,The American
es,Español,Selena
en,English,Selena
en,English,Vampires Suck
es,Español,Vampires Suck
ar,العربية,Babel
en,English,Babel
es,Español,Babel
fr,Français,Babel
ja,日本語,Babel
ru,Pусский,Babel
en,English,This Is Where I Leave You
en,English,Doubt
ar,العربية,Team America: World Police
en,English,Team America: World Police
fr,Français,Team America: World Police
ko,한국어/조선말,Team America: World Police
en,English,Copycat
de,Deutsch,Copycat
en,English,Scary Movie 5
en,English,Paint Your Wagon
es,Español,Paint Your Wagon
en,English,Milk
en,English,Risen
en,English,Ghost Ship
it,Italiano,Ghost Ship
es,Español,Ghost Ship
en,English,A Very Harold & Kumar Christmas
en,English,Wild Things
en,English,The Stepfather
ru,Pусский,The Debt
en,English,The Debt
de,Deutsch,The Debt
da,Dansk,High Fidelity
en,English,High Fidelity
en,English,The Bank Job
en,English,Eternal Sunshine of the Spotless Mind
en,English,You Again
en,English,Street Kings
tr,Türkçe,Street Kings
en,English,A Dangerous Method
en,English,The World's End
cs,Český,Nancy Drew
en,English,Nancy Drew
en,English,Daybreakers
en,English,She's Out of My League
en,English,Monte Carlo
en,English,Stay Alive
en,English,Shorts
en,English,Quigley Down Under
en,English,Alpha and Omega
en,English,The Covenant
en,English,Stick It
en,English,One Night with the King
en,English,To Die For
en,English,Nerve
en,English,Appaloosa
es,Español,Appaloosa
en,English,Vampires
la,Latin,Vampires
en,English,Psycho
en,English,Three to Tango
en,English,My Best Friend's Girl
en,English,Endless Love
en,English,Georgia Rule
fr,Français,Georgia Rule
de,Deutsch,Georgia Rule
en,English,Under the Rainbow
en,English,Ladyhawke
en,English,Simon Birch
en,English,Reign Over Me
da,Dansk,Into the Wild
en,English,Into the Wild
en,English,School for Scoundrels
en,English,Silent Hill: Revelation 3D
en,English,From Dusk Till Dawn
es,Español,From Dusk Till Dawn
en,English,Pooh's Heffalump Movie
en,English,Home for the Holidays
es,Español,Home for the Holidays
cn,广州话 / 廣州話,Kung Fu Hustle
en,English,The Country Bears
en,English,The Kite Runner
pt,Português,The Kite Runner
ps,پښتو,The Kite Runner
ru,Pусский,The Kite Runner
ur,اردو,The Kite Runner
en,English,21 Grams
en,English,Paparazzi
es,Español,Paparazzi
en,English,A Guy Thing
en,English,Loser
en,English,Capitalism: A Love Story
pl,Polski,Capitalism: A Love Story
en,English,Little Boy
en,English,The Greatest Story Ever Told
en,English,Secret in Their Eyes
en,English,Disaster Movie
en,English,Armored
de,Deutsch,Armored
en,English,The Man Who Knew Too Little
en,English,What's Your Number?
en,English,Lockout
en,English,Envy
en,English,Crank: High Voltage
en,English,Bullets Over Broadway
en,English,The Quiet American
fr,Français,The Quiet American
vi,Tiếng Việt,The Quiet American
cs,Český,The Weather Man
en,English,The Weather Man
en,English,Undisputed
en,English,Ghost Town
es,Español,Ghost Town
cs,Český,12 Rounds
en,English,12 Rounds
en,English,Let Me In
en,English,3 Ninjas Kick Back
fr,Français,3 Ninjas Kick Back
en,English,Be Kind Rewind
en,English,Mrs Henderson Presents
en,English,Triple 9
en,English,Deconstructing Harry
fr,Français,Burnt
en,English,Burnt
en,English,We're No Angels
hu,Magyar,We're No Angels
it,Italiano,We're No Angels
en,English,Everyone Says I Love You
en,English,Death Sentence
en,English,Everybody's Fine
en,English,Superbabies: Baby Geniuses 2
en,English,The Man
en,English,Code Name: The Cleaner
en,English,Connie and Carla
en,English,Sweet Charity
en,English,Inherent Vice
en,English,Doogal
en,English,Battle of the Year
en,English,An American Carol
en,English,Machete Kills
es,Español,Machete Kills
en,English,Willard
en,English,Strange Wilderness
en,English,Topsy-Turvy
fr,Français,Topsy-Turvy
de,Deutsch,Topsy-Turvy
it,Italiano,Topsy-Turvy
ja,日本語,Topsy-Turvy
en,English,A Scanner Darkly
en,English,Chasing Mavericks
en,English,Alone in the Dark
pt,Português,Alone in the Dark
en,English,Bandslam
en,English,Birth
zh,普通话,Mongol: The Rise of Genghis Khan
mn,,Mongol: The Rise of Genghis Khan
es,Español,A Most Violent Year
en,English,A Most Violent Year
en,English,Passchendaele
de,Deutsch,Passchendaele
en,English,Flash of Genius
en,English,I'm Not There.
en,English,The Cold Light of Day
es,Español,The Cold Light of Day
en,English,The Brothers Bloom
fr,Français,The Brothers Bloom
cs,Český,The Brothers Bloom
ja,日本語,The Brothers Bloom
en,English,"Synecdoche, New York"
ja,日本語,Princess Mononoke
it,Italiano,Bon voyage
fr,Français,Bon voyage
de,Deutsch,Bon voyage
en,English,Bon voyage
en,English,Can't Stop the Music
en,English,The Proposition
en,English,My All American
en,English,Marci X
en,English,Equilibrium
ja,日本語,The Children of Huang Shi
zh,普通话,The Children of Huang Shi
en,English,The Children of Huang Shi
en,English,The Yards
es,Español,The Yards
en,English,Lottery Ticket
en,English,The Oogieloves in the Big Balloon Adventure
uk,Український,By the Sea
en,English,By the Sea
fr,Français,By the Sea
en,English,Steamboy
ja,日本語,Steamboy
pl,Polski,Steamboy
en,English,The Game of Their Lives
en,English,All Good Things
en,English,Rapa Nui
cn,广州话 / 廣州話,CJ7
fr,Français,The Visitors II: The Corridors of Time
en,English,Dylan Dog: Dead of Night
tr,Türkçe,Dylan Dog: Dead of Night
en,English,People I Know
en,English,ATL
en,English,The Tempest
en,English,Regression
zh,普通话,Three Kingdoms: Resurrection of the Dragon
en,English,Butterfly on a Wheel
en,English,Zambezia
es,Español,Escobar: Paradise Lost
en,English,Escobar: Paradise Lost
ta,தமிழ்,Ramanujan
en,English,Dwegons
en,English,Hands of Stone
es,Español,Hands of Stone
en,English,Survivor
en,English,The Frozen Ground
fr,Français,The Painted Veil
zh,普通话,The Painted Veil
en,English,The Painted Veil
en,English,The Baader Meinhof Complex
fr,Français,The Baader Meinhof Complex
de,Deutsch,The Baader Meinhof Complex
sv,svenska,The Baader Meinhof Complex
en,English,Dances with Wolves
en,English,Bad Teacher
en,English,Sea of Love
cs,Český,A Cinderella Story
en,English,A Cinderella Story
de,Deutsch,A Cinderella Story
en,English,Scream
en,English,United 93
ar,العربية,United 93
de,Deutsch,United 93
en,English,Thir13en Ghosts
en,English,The Shining
en,English,Back to the Future
en,English,House on Haunted Hill
en,English,I Can Do Bad All By Myself
pt,Português,Fight Valley
en,English,Fight Valley
en,English,The Switch
en,English,Just Married
it,Italiano,Just Married
de,Deutsch,Just Married
fr,Français,Just Married
en,English,The Devil's Double
en,English,Thomas and the Magic Railroad
de,Deutsch,Thomas and the Magic Railroad
en,English,The Crazies
ja,日本語,Spirited Away
en,English,The Fall of the Roman Empire
zh,普通话,Firestorm
cn,广州话 / 廣州話,Firestorm
en,English,The Bounty
en,English,The Book Thief
de,Deutsch,The Book Thief
en,English,Sex Drive
en,English,Leap Year
en,English,Take Me Home Tonight
en,English,Won't Back Down
en,English,The Nutcracker
en,English,Kansas City
en,English,Indignation
en,English,The Amityville Horror
en,English,Adaptation.
la,Latin,Adaptation.
en,English,Land of the Dead
fr,Français,Land of the Dead
it,Italiano,Land of the Dead
pl,Polski,Land of the Dead
es,Español,Land of the Dead
cn,广州话 / 廣州話,Out of Inferno
en,English,Fear and Loathing in Las Vegas
en,English,The Invention of Lying
pt,Português,The Invention of Lying
en,English,Neighbors
en,English,The Exorcism of Emily Rose
sv,svenska,The Mask
en,English,The Mask
en,English,Big
en,English,Borat: Cultural Learnings of America for Make Benefit Glorious Nation of Kazakhstan
he,עִבְרִית,Borat: Cultural Learnings of America for Make Benefit Glorious Nation of Kazakhstan
kk,қазақ,Borat: Cultural Learnings of America for Make Benefit Glorious Nation of Kazakhstan
en,English,Legally Blonde
en,English,Star Trek III: The Search for Spock
ru,Pусский,Star Trek III: The Search for Spock
en,English,Deuce Bigalow: Male Gigolo
en,English,Left Behind
en,English,The Family Stone
en,English,Barbershop 2:  Back in Business
en,English,Bad Santa
sw,Kiswahili,Mean Girls
en,English,Mean Girls
de,Deutsch,Mean Girls
vi,Tiếng Việt,Mean Girls
en,English,Austin Powers: International Man of Mystery
en,English,My Big Fat Greek Wedding 2
en,English,Diary of a Wimpy Kid: Rodrick Rules
en,English,Predator
es,Español,Predator
en,English,Amadeus
de,Deutsch,Amadeus
it,Italiano,Amadeus
la,Latin,Amadeus
it,Italiano,Prom Night
en,English,Prom Night
cs,Český,Under the Tuscan Sun
en,English,Under the Tuscan Sun
fr,Français,Under the Tuscan Sun
de,Deutsch,Under the Tuscan Sun
it,Italiano,Under the Tuscan Sun
pl,Polski,Under the Tuscan Sun
es,Español,Under the Tuscan Sun
en,English,Gosford Park
en,English,Peggy Sue Got Married
en,English,Birdman
en,English,Blue Jasmine
en,English,Honey
en,English,Spy Hard
en,English,The Fog
en,English,Soul Surfer
en,English,Catch-22
it,Italiano,Catch-22
en,English,Observe and Report
en,English,Conan the Destroyer
en,English,Raging Bull
en,English,Love Happens
en,English,Young Sherlock Holmes
en,English,The Tailor of Panama
es,Español,The Tailor of Panama
en,English,Fame
en,English,127 Hours
en,English,Small Time Crooks
en,English,Center Stage
en,English,Love the Coopers
en,English,Catch That Kid
en,English,Life as a House
en,English,Steve Jobs
en,English,"I Love You, Beth Cooper"
en,English,Youth in Revolt
fr,Français,Youth in Revolt
en,English,The Legend of the Lone Ranger
en,English,Blow Out
en,English,Getaway
en,English,The Ice Storm
en,English,And So It Goes
en,English,Ed Wood
en,English,Labor Day
en,English,Troop Beverly Hills
en,English,Being Julia
en,English,Nine 1/2 Weeks
en,English,Dragonslayer
hu,Magyar,Dragonslayer
en,English,The Last Station
en,English,RockNRolla
ru,Pусский,RockNRolla
en,English,Megaforce
en,English,Hamlet
en,English,Mao's Last Dancer
zh,普通话,Mao's Last Dancer
en,English,Midnight Special
en,English,Anything Else
en,English,The Railway Man
de,Deutsch,The White Ribbon
it,Italiano,The White Ribbon
la,Latin,The White Ribbon
pl,Polski,The White Ribbon
en,English,Restoration
en,English,The Wraith
en,English,I Come with the Rain
en,English,Salton Sea
en,English,Metallica: Through the Never
en,English,The Informers
fr,Français,Carlos
de,Deutsch,Carlos
en,English,Carlos
es,Español,Carlos
ar,العربية,Carlos
hu,Magyar,Carlos
ja,日本語,Carlos
ru,Pусский,Carlos
en,English,Little Women
de,Deutsch,Little Women
fr,Français,Little Women
en,English,One Man's Hero
en,English,Day of the Dead
en,English,I Am Wrath
en,English,Renaissance
fr,Français,Renaissance
en,English,Red Sonja
en,English,Hoodwinked!
en,English,Red Lights
en,English,Superbad
en,English,Madea Goes to Jail
en,English,Wolves
ru,Pусский,Step Up 2: The Streets
en,English,Step Up 2: The Streets
en,English,Aliens
en,English,Hotel Rwanda
fr,Français,Hotel Rwanda
en,English,Hitman
ru,Pусский,Hitman
sr,Srpski,Hitman
en,English,Black Nativity
en,English,The Prince
en,English,City of Ghosts
fr,Français,The Others
en,English,The Others
en,English,My Fair Lady
en,English,I Know What You Did Last Summer
en,English,Let's Be Cops
hy,,Sideways
en,English,Sideways
en,English,Beerfest
de,Deutsch,Beerfest
en,English,"McFarland, USA"
it,Italiano,"McFarland, USA"
en,English,Halloween
de,Deutsch,Good Boy!
en,English,The Best Man Holiday
en,English,Smokin' Aces
en,English,Saw: The Final Chapter
en,English,40 Days and 40 Nights
en,English,A Night at the Roxbury
en,English,Beastly
en,English,The Hills Have Eyes
en,English,Dickie Roberts: Former Child Star
en,English,Pitch Perfect
en,English,Summer Catch
en,English,A Simple Plan
en,English,They
en,English,Larry the Cable Guy: Health Inspector
en,English,The Adventures of Elmo in Grouchland
en,English,Brooklyn's Finest
en,English,55 Days at Peking
en,English,Evil Dead
en,English,My Life in Ruins
en,English,American Dreamz
es,Español,American Dreamz
en,English,Superman IV: The Quest for Peace
fr,Français,Superman IV: The Quest for Peace
it,Italiano,Superman IV: The Quest for Peace
ru,Pусский,Superman IV: The Quest for Peace
th,ภาษาไทย,Superman IV: The Quest for Peace
en,English,How She Move
en,English,Running Scared
ru,Pусский,Running Scared
en,English,Bobby Jones: Stroke of Genius
en,English,Shanghai Surprise
en,English,The Illusionist
en,English,Roar
en,English,Veronica Guerin
en,English,Southland Tales
fr,Français,Dragon Hunters
es,Español,Damnation Alley
en,English,Damnation Alley
en,English,The Apparition
cs,Český,My Girl
en,English,My Girl
en,English,Fur: An Imaginary Portrait of Diane Arbus
en,English,Wall Street
en,English,Sense and Sensibility
en,English,Becoming Jane
tr,Türkçe,Becoming Jane
en,English,Sydney White
en,English,House of Sand and Fog
fa,فارسی,House of Sand and Fog
en,English,Dead Poets Society
en,English,Dumb and Dumber
en,English,When Harry Met Sally...
en,English,The Verdict
en,English,The Texas Chainsaw Massacre: The Beginning
en,English,Road Trip
en,English,Varsity Blues
fr,Français,The Artist
en,English,The Unborn
he,עִבְרִית,The Unborn
en,English,Moonrise Kingdom
en,English,The Young Messiah
en,English,The Master of Disguise
es,Español,Pan's Labyrinth
fr,Français,See Spot Run
en,English,Baby Boy
en,English,The Roommate
en,English,Joe Dirt
en,English,Double Impact
en,English,Hot Fuzz
en,English,The Women
en,English,Madison
es,Español,Vicky Cristina Barcelona
en,English,Vicky Cristina Barcelona
ar,العربية,Arn: The Knight Templar
en,English,Arn: The Knight Templar
sv,svenska,Arn: The Knight Templar
en,English,Boys and Girls
en,English,White Oleander
es,Español,Jennifer's Body
en,English,Jennifer's Body
en,English,Drowning Mona
en,English,Radio Days
en,English,Remember Me
en,English,How to Deal
en,English,My Stepmother is an Alien
en,English,Philadelphia
en,English,The Thirteenth Floor
en,English,The Cookout
en,English,Meteor
fr,Français,Meteor
ru,Pусский,Meteor
en,English,Duets
zh,普通话,Hollywood Ending
en,English,Hollywood Ending
en,English,Detroit Rock City
en,English,Highlander
en,English,Things We Lost in the Fire
en,English,Steel
la,Latin,The Immigrant
en,English,The Immigrant
pl,Polski,The Immigrant
en,English,The White Countess
fr,Français,The White Countess
zh,普通话,The White Countess
ru,Pусский,The White Countess
es,Español,The White Countess
en,English,Trance
fr,Français,Trance
es,Español,Soul Plane
en,English,Soul Plane
fr,Français,Welcome to the Sticks
en,English,Good
hy,,Ararat
en,English,Ararat
fr,Français,Ararat
de,Deutsch,Ararat
tr,Türkçe,Ararat
en,English,Enter the Void
ja,日本語,Enter the Void
en,English,Vamps
en,English,Hachi: A Dog's Tale
ja,日本語,Hachi: A Dog's Tale
en,English,Zulu
en,English,The Homesman
en,English,Juwanna Mann
en,English,Slow Burn
fr,Français,Wasabi
ja,日本語,Wasabi
ru,Pусский,Wasabi
en,English,Slither
fr,Français,Slither
en,English,Beverly Hills Cop
en,English,Home Alone
en,English,Three Men and a Baby
fr,Français,Three Men and a Baby
ru,Pусский,Three Men and a Baby
en,English,Tootsie
zh,普通话,"Crouching Tiger, Hidden Dragon"
en,English,American Beauty
en,English,The King's Speech
en,English,Twins
en,English,The Yellow Handkerchief
en,English,Diary of a Wimpy Kid
en,English,The Color Purple
en,English,Tidal Wave
ko,한국어/조선말,Tidal Wave
en,English,The Imitation Game
en,English,Private Benjamin
en,English,Coal Miner's Daughter
en,English,Mama
en,English,National Lampoon's Vacation
en,English,Bad Grandpa
de,Deutsch,The Queen
en,English,The Queen
fr,Français,The Queen
en,English,Beetlejuice
en,English,Why Did I Get Married?
en,English,The Woman in Black
en,English,When a Stranger Calls
en,English,Big Fat Liar
fr,Français,Big Fat Liar
it,Italiano,Big Fat Liar
en,English,The Deer Hunter
fr,Français,The Deer Hunter
ru,Pусский,The Deer Hunter
vi,Tiếng Việt,The Deer Hunter
sq,shqip,Wag the Dog
en,English,Wag the Dog
en,English,Not Another Teen Movie
it,Italiano,The Lizzie McGuire Movie
en,English,The Lizzie McGuire Movie
en,English,Snitch
es,Español,Snitch
de,Deutsch,Krampus
en,English,Krampus
en,English,The Faculty
en,English,What's Love Got to Do with It
en,English,Cop Land
en,English,End of Watch
es,Español,End of Watch
en,English,The Skulls
la,Latin,The Theory of Everything
en,English,The Theory of Everything
fr,Français,The Theory of Everything
it,Italiano,The Theory of Everything
en,English,Malibu's Most Wanted
en,English,Where the Heart Is
ar,العربية,Lawrence of Arabia
en,English,Lawrence of Arabia
tr,Türkçe,Lawrence of Arabia
en,English,Halloween II
en,English,Wild
en,English,The Last House on the Left
en,English,The Wedding Date
en,English,Halloween: Resurrection
en,English,The Princess Bride
en,English,The Great Debaters
en,English,Drive
en,English,Confessions of a Teenage Drama Queen
en,English,The Object of My Affection
en,English,28 Weeks Later
en,English,When the Game Stands Tall
en,English,Because of Winn-Dixie
en,English,Love & Basketball
es,Español,Love & Basketball
en,English,Grosse Pointe Blank
es,Español,All About Steve
en,English,All About Steve
en,English,Brazil
en,English,Book of Shadows: Blair Witch 2
en,English,The Craft
en,English,Match Point
en,English,Ramona and Beezus
en,English,The Remains of the Day
en,English,Boogie Nights
en,English,The In Crowd
fr,Français,The In Crowd
en,English,Nowhere to Run
en,English,Flicka
en,English,The Hills Have Eyes 2
es,Español,The Hills Have Eyes 2
en,English,Urban Legends: Final Cut
en,English,Tuck Everlasting
fr,Français,Tuck Everlasting
ar,العربية,The Marine
en,English,The Marine
en,English,Keanu
en,English,Country Strong
en,English,Disturbing Behavior
en,English,The Place Beyond the Pines
es,Español,The Place Beyond the Pines
en,English,The November Man
en,English,Eye of the Beholder
fr,Français,Eye of the Beholder
en,English,The Hurt Locker
ar,العربية,The Hurt Locker
tr,Türkçe,The Hurt Locker
en,English,Firestarter
it,Italiano,Firestarter
en,English,Killing Them Softly
en,English,A Most Wanted Man
en,English,The Collection
en,English,Freddy Got Fingered
[],[],VeggieTales: The Pirates Who Don't Do Anything
en,English,U2 3D
en,English,Highlander: Endgame
fr,Français,Highlander: Endgame
gd,,Highlander: Endgame
en,English,Idlewild
en,English,One Day
en,English,Whip It
cs,Český,Knockaround Guys
en,English,Knockaround Guys
en,English,Confidence
en,English,The Muse
en,English,The Three Burials of Melquiades Estrada
es,Español,The Three Burials of Melquiades Estrada
en,English,De-Lovely
fr,Français,De-Lovely
it,Italiano,De-Lovely
en,English,New York Stories
en,English,Barney's Great Adventure
en,English,The Man with the Iron Fists
en,English,Home Fries
en,English,Here On Earth
en,English,Raise Your Voice
fr,Français,Raise Your Voice
en,English,The Big Lebowski
he,עִבְרִית,The Big Lebowski
es,Español,The Big Lebowski
de,Deutsch,The Big Lebowski
cs,Český,Black Snake Moan
en,English,Black Snake Moan
en,English,Dark Blue
en,English,All The Queen's Men
de,Deutsch,All The Queen's Men
en,English,A Mighty Heart
fr,Français,A Mighty Heart
ur,اردو,A Mighty Heart
en,English,Whatever It Takes
en,English,Boat Trip
es,Español,Boat Trip
sv,svenska,Boat Trip
de,Deutsch,The Importance of Being Earnest
en,English,The Importance of Being Earnest
[],[],The Love Letter
en,English,Hoot
en,English,In Bruges
en,English,Peeples
en,English,The Rocker
fr,Français,The Rocker
en,English,Post Grad
en,English,Promised Land
en,English,Whatever Works
en,English,Jakob the Liar
en,English,Kiss Kiss Bang Bang
en,English,Idle Hands
es,Español,Mulholland Drive
en,English,Mulholland Drive
en,English,Blood and Chocolate
pl,Polski,Blood and Chocolate
en,English,You Will Meet a Tall Dark Stranger
en,English,Never Let Me Go
[],[],The Company
en,English,Transsiberian
fr,Français,Transsiberian
zh,普通话,Transsiberian
ru,Pусский,Transsiberian
es,Español,Transsiberian
en,English,The Clan of the Cave Bear
en,English,Crazy in Alabama
ru,Pусский,Crazy in Alabama
en,English,Funny Games
en,English,Listening
en,English,Felicia's Journey
fr,Français,Felicia's Journey
gd,,Felicia's Journey
xx,No Language,Metropolis
fr,Français,District B13
en,English,Things to Do in Denver When You're Dead
zh,普通话,The Assassin
en,English,Buffalo Soldiers
ru,Pусский,The Return
en,English,Sarah's Key
fr,Français,Sarah's Key
de,Deutsch,Sarah's Key
it,Italiano,Sarah's Key
yi,,Sarah's Key
cs,Český,Ong Bak 2
zh,普通话,Ong Bak 2
ru,Pусский,Ong Bak 2
th,ภาษาไทย,Ong Bak 2
en,English,Centurion
gd,,Centurion
en,English,Silent Trigger
en,English,The Midnight Meat Train
fr,Français,The Midnight Meat Train
en,English,Winnie Mandela
en,English,The Son of No One
en,English,The Good Night
it,Italiano,The Good Night
en,English,Bathory: Countess of Blood
en,English,Khumba
en,English,Automata
en,English,Dungeons & Dragons: Wrath of the Dragon God
es,Español,Chiamatemi Francesco - Il Papa della gente
ja,日本語,Shinjuku Incident
zh,普通话,Shinjuku Incident
cn,广州话 / 廣州話,Shinjuku Incident
en,English,Shinjuku Incident
en,English,Pandaemonium
en,English,Groundhog Day
fr,Français,Groundhog Day
it,Italiano,Groundhog Day
en,English,Magic Mike XXL
en,English,Romeo + Juliet
en,English,Superstar
en,English,Freedom
en,English,Unforgiven
en,English,Manderlay
fr,Français,Slumdog Millionaire
hi,हिन्दी,Slumdog Millionaire
en,English,Slumdog Millionaire
en,English,Fatal Attraction
en,English,Tea with Mussolini
it,Italiano,Tea with Mussolini
ru,Pусский,Tea with Mussolini
en,English,Pretty Woman
it,Italiano,Pretty Woman
ja,日本語,Pretty Woman
en,English,Crocodile Dundee II
en,English,Broken Horses
en,English,Born on the Fourth of July
es,Español,Born on the Fourth of July
en,English,Cool Runnings
fr,Français,Cool Runnings
de,Deutsch,Cool Runnings
ru,Pусский,Cool Runnings
en,English,My Bloody Valentine
en,English,Stomp the Yard
en,English,The Spy Who Loved Me
it,Italiano,The Spy Who Loved Me
ar,العربية,The Spy Who Loved Me
en,English,Urban Legend
it,Italiano,Urban Legend
en,English,Good Deeds
en,English,White Fang
en,English,The Iron Lady
cs,Český,Jonah: A VeggieTales Movie
en,English,Jonah: A VeggieTales Movie
en,English,Poetic Justice
fr,Français,Poetic Justice
en,English,All About the Benjamins
fr,Français,All About the Benjamins
en,English,Vampire in Brooklyn
en,English,Exorcist II: The Heretic
fr,Français,Exorcist II: The Heretic
es,Español,Exorcist II: The Heretic
en,English,An American Haunting
en,English,My Boss's Daughter
en,English,A Perfect Getaway
en,English,Our Family Wedding
en,English,Dead Man on Campus
en,English,Thinner
en,English,"New York, New York"
en,English,Crooklyn
en,English,I Think I Love My Wife
en,English,The Caveman's Valentine
en,English,Jason X
en,English,Bobby
de,Deutsch,Bobby
es,Español,Bobby
en,English,Head Over Heels
en,English,Fun Size
fr,Français,The Diving Bell and the Butterfly
en,English,Little Children
en,English,Gossip
it,Italiano,Gossip
en,English,A Walk on the Moon
af,Afrikaans,Catch a Fire
en,English,Catch a Fire
zu,isiZulu,Catch a Fire
en,English,Soul Survivors
en,English,Jefferson in Paris
it,Italiano,The Funeral
en,English,The Funeral
en,English,Easy Virtue
[],[],Caravans
en,English,Mr. Turner
fr,Français,Wild Grass
en,English,Amen.
fr,Français,Amen.
de,Deutsch,Amen.
it,Italiano,Amen.
zh,普通话,Reign of Assassins
en,English,Reign of Assassins
en,English,The Lucky Ones
en,English,Margaret
en,English,Stan Helsing
en,English,Flipped
en,English,Brokeback Mountain
en,English,Think Like a Man
es,Español,Clueless
en,English,Clueless
en,English,Far from Heaven
en,English,Hot Tub Time Machine 2
en,English,Quills
en,English,Seven Psychopaths
vi,Tiếng Việt,Seven Psychopaths
en,English,Act of Valor
ru,Pусский,Act of Valor
hu,Magyar,Downfall
de,Deutsch,Downfall
ru,Pусский,Downfall
gl,Galego,The Sea Inside
es,Español,The Sea Inside
en,English,Under the Skin
en,English,"Good Morning, Vietnam"
ko,한국어/조선말,The Last Godfather
en,English,Step Up
en,English,Justin Bieber: Never Say Never
en,English,Black Swan
fr,Français,Black Swan
it,Italiano,Black Swan
en,English,The Godfather: Part II
it,Italiano,The Godfather: Part II
la,Latin,The Godfather: Part II
es,Español,The Godfather: Part II
en,English,Save the Last Dance
en,English,A Nightmare on Elm Street 4: The Dream Master
en,English,Baby Geniuses
es,Español,Baby Geniuses
en,English,Miracles from Heaven
en,English,"Dude, Where’s My Car?"
fr,Français,"Dude, Where’s My Car?"
ja,日本語,"Dude, Where’s My Car?"
en,English,Young Guns
en,English,St. Vincent
en,English,About Last Night
en,English,10 Things I Hate About You
fr,Français,10 Things I Hate About You
en,English,The New Guy
it,Italiano,The New Guy
pt,Português,The New Guy
en,English,National Lampoon's Loaded Weapon 1
en,English,The Shallows
en,English,The Butterfly Effect
en,English,Snow Day
en,English,This Christmas
en,English,21 & Over
en,English,The Big Hit
en,English,Harriet the Spy
en,English,Child's Play 2
tr,Türkçe,Child's Play 2
en,English,No Good Deed
en,English,The Mist
en,English,Ex Machina
cs,Český,Beavis and Butt-Head Do America
en,English,Beavis and Butt-Head Do America
en,English,Being John Malkovich
fr,Français,Being John Malkovich
en,English,Two Can Play That Game
en,English,Earth to Echo
es,Español,Crazy/Beautiful
en,English,Crazy/Beautiful
en,English,Letters from Iwo Jima
ja,日本語,Letters from Iwo Jima
en,English,Teacher's Pet
en,English,The Astronaut Farmer
en,English,Woo
en,English,Room
en,English,Dirty Work
en,English,Serial Mom
es,Español,"Paris, je t'aime"
fr,Français,"Paris, je t'aime"
en,English,"Paris, je t'aime"
zh,普通话,"Paris, je t'aime"
ar,العربية,"Paris, je t'aime"
en,English,Dick
fr,Français,Dick
en,English,Light It Up
en,English,54
en,English,Bubble Boy
en,English,Birthday Girl
ru,Pусский,Birthday Girl
en,English,Resurrecting the Champ
en,English,Admission
fr,Français,The Widow of Saint-Pierre
en,English,Chloe
en,English,The Claim
en,English,Faithful
en,English,Find Me Guilty
pl,Polski,Find Me Guilty
en,English,The Perks of Being a Wallflower
en,English,Excessive Force
en,English,Infamous
de,Deutsch,Infamous
en,English,The Vatican Tapes
de,Deutsch,The Vatican Tapes
bs,Bosanski,In the Land of Blood and Honey
hr,Hrvatski,In the Land of Blood and Honey
en,English,In the Land of Blood and Honey
sr,Srpski,In the Land of Blood and Honey
en,English,The Call
en,English,Operation Chromite
ko,한국어/조선말,Operation Chromite
en,English,The Crocodile Hunter: Collision Course
en,English,Crash
fa,فارسی,Crash
es,Español,Crash
zh,普通话,Crash
ko,한국어/조선말,Crash
en,English,I Love You Phillip Morris
xx,No Language,Quest for Fire
en,English,Antwone Fisher
ja,日本語,Antwone Fisher
ru,Pусский,Antwone Fisher
es,Español,Antwone Fisher
en,English,The Emperor's Club
en,English,True Romance
it,Italiano,True Romance
[],[],Blood Done Sign My Name
en,English,Womb
en,English,Glengarry Glen Ross
en,English,The Killer Inside Me
en,English,Cat People
en,English,Sorority Row
en,English,Def Jam's How to Be a Player
es,Español,The Prisoner of Zenda
en,English,The Prisoner of Zenda
en,English,Lars and the Real Girl
es,Español,Lars and the Real Girl
en,English,The Boy in the Striped Pyjamas
en,English,Dancer in the Dark
fr,Français,Oscar and Lucinda
en,English,Oscar and Lucinda
en,English,Solitary Man
en,English,Machete
es,Español,Machete
en,English,Casino Jack
fr,Français,Casino Jack
en,English,The Land Before Time
ko,한국어/조선말,Tae Guk Gi: The Brotherhood of War
en,English,The Perfect Game
de,Deutsch,The Exorcist
fr,Français,The Exorcist
la,Latin,The Exorcist
ar,العربية,The Exorcist
el,ελληνικά,The Exorcist
en,English,The Exorcist
en,English,Jaws
en,English,American Pie
fr,Français,Ernest & Celestine
cs,Český,The Golden Child
en,English,The Golden Child
it,Italiano,The Golden Child
en,English,Barbershop
en,English,Star Trek II: The Wrath of Khan
en,English,Ace Ventura: Pet Detective
en,English,WarGames
de,Deutsch,Witness
en,English,Witness
en,English,Jackie Brown
en,English,Harold & Kumar Escape from Guantanamo Bay
en,English,Chronicle
en,English,Yentl
en,English,Time Bandits
en,English,Crossroads
en,English,Project X
en,English,Patton
en,English,One Hour Photo
en,English,Quarantine
es,Español,The Eye
en,English,The Eye
en,English,Johnson Family Vacation
en,English,How High
en,English,The Muppet Christmas Carol
en,English,Frida
fr,Français,Frida
ru,Pусский,Frida
en,English,Katy Perry: Part of Me
en,English,The Fault in Our Stars
ru,Pусский,Rounders
en,English,Rounders
he,עִבְרִית,Rounders
en,English,Top Five
en,English,Prophecy
en,English,Stir of Echoes
de,Deutsch,Das Boot
en,English,Das Boot
fr,Français,Das Boot
en,English,Philomena
en,English,The Upside of Anger
en,English,The Boys from Brazil
en,English,Aquamarine
en,English,E.T. the Extra-Terrestrial
en,English,Paper Towns
en,English,My Baby's Daddy
en,English,Nebraska
es,Español,Nebraska
en,English,Tales from the Crypt: Demon Knight
en,English,Max Keeble's Big Move
en,English,Young Adult
en,English,Crank
es,Español,Crank
ko,한국어/조선말,Crank
en,English,Living Out Loud
en,English,Just Wright
en,English,Rachel Getting Married
en,English,The Postman Always Rings Twice
en,English,Girl with a Pearl Earring
en,English,Sorority Boys
en,English,About Time
zh,普通话,House of Flying Daggers
en,English,Arbitrage
en,English,Project Almanac
en,English,Cadillac Records
en,English,Screwed
en,English,Fortress
en,English,For Your Consideration
en,English,Celebrity
en,English,Running with Scissors
en,English,From Justin to Kelly
en,English,Motherhood
en,English,Girl 6
en,English,In the Cut
en,English,Two Lovers
en,English,Last Orders
ko,한국어/조선말,The Host
en,English,The Pursuit of D.B. Cooper
en,English,Ravenous
it,Italiano,Ravenous
es,Español,Ravenous
en,English,Charlie Bartlett
it,Italiano,The Great Beauty
ja,日本語,The Great Beauty
es,Español,The Great Beauty
zh,普通话,The Great Beauty
en,English,The Dangerous Lives of Altar Boys
en,English,Stoker
cn,广州话 / 廣州話,2046
ja,日本語,2046
zh,普通话,2046
en,English,Married Life
en,English,Duma
en,English,Ondine
fr,Français,Ondine
ro,Română,Ondine
en,English,Brother
it,Italiano,Brother
ja,日本語,Brother
es,Español,Brother
en,English,The Blue Butterfly
en,English,Welcome to Collinwood
en,English,Critical Care
en,English,The Life Before Her Eyes
en,English,Darling Companion
ru,Pусский,Trade
en,English,Trade
es,Español,Trade
pl,Polski,Trade
en,English,Fateless
de,Deutsch,Fateless
he,עִבְרִית,Fateless
hu,Magyar,Fateless
pl,Polski,Fateless
yi,,Fateless
cs,Český,Breakfast of Champions
en,English,Breakfast of Champions
fr,Français,Breakfast of Champions
zh,普通话,"A Woman, a Gun and a Noodle Shop"
en,English,Cypher
en,English,Bill & Ted's Excellent Adventure
fr,Français,Bill & Ted's Excellent Adventure
de,Deutsch,Bill & Ted's Excellent Adventure
el,ελληνικά,Bill & Ted's Excellent Adventure
en,English,City of Life and Death
de,Deutsch,City of Life and Death
ja,日本語,City of Life and Death
zh,普通话,City of Life and Death
en,English,Legend of a Rabbit
de,Deutsch,Legend of a Rabbit
zh,普通话,Legend of a Rabbit
ru,Pусский,Legend of a Rabbit
ja,日本語,Space Battleship Yamato
en,English,5 Days of War
ka,ქართული,5 Days of War
en,English,Triangle
en,English,10 Days in a Madhouse
en,English,Heaven is for Real
en,English,Snatch
ru,Pусский,Snatch
en,English,Dancin' It's On
en,English,Pet Sematary
en,English,Madadayo
ja,日本語,Madadayo
en,English,The Cry of the Owl
zh,普通话,A Tale of Three Cities
cn,广州话 / 廣州話,A Tale of Three Cities
en,English,Gremlins
es,Español,Gremlins
en,English,Jackass Number Two
en,English,Star Wars
en,English,Dirty Grandpa
en,English,Doctor Zhivago
ru,Pусский,Doctor Zhivago
en,English,Trash
pt,Português,Trash
en,English,High School Musical 3: Senior Year
en,English,The Fighter
en,English,My Cousin Vinny
en,English,If I Stay
en,English,Drive Hard
en,English,Major League
en,English,St. Trinian's
en,English,Phone Booth
sw,Kiswahili,Phone Booth
en,English,A Walk to Remember
en,English,Dead Man Walking
vi,Tiếng Việt,Cruel Intentions
en,English,Cruel Intentions
fr,Français,Cruel Intentions
en,English,Saw VI
en,English,Brooklyn
fr,Français,History of the World: Part I
la,Latin,History of the World: Part I
en,English,History of the World: Part I
en,English,The Secret Life of Bees
en,English,Corky Romano
es,Español,Corky Romano
th,ภาษาไทย,Corky Romano
vi,Tiếng Việt,Corky Romano
en,English,Raising Cain
en,English,F.I.S.T.
en,English,Invaders from Mars
de,Deutsch,Barry Lyndon
fr,Français,Barry Lyndon
en,English,Barry Lyndon
en,English,Out Cold
en,English,The Ladies Man
en,English,Quartet
fr,Français,Quartet
en,English,Tomcats
en,English,Frailty
en,English,Woman in Gold
de,Deutsch,Woman in Gold
en,English,Kinsey
en,English,Army of Darkness
en,English,Slackers
en,English,What's Eating Gilbert Grape
en,English,The Visual Bible: The Gospel of John
en,English,Vera Drake
en,English,The Guru
hi,हिन्दी,The Guru
hu,Magyar,The Guru
es,Español,The Guru
en,English,The Perez Family
en,English,O
fr,Français,O
en,English,Return to the Blue Lagoon
en,English,The Molly Maguires
en,English,Romance & Cigarettes
ru,Pусский,Romance & Cigarettes
en,English,The Boy
de,Deutsch,Copying Beethoven
en,English,Brighton Rock
en,English,Saw V
en,English,Machine Gun McCain
en,English,LOL
en,English,In the Land of Women
en,English,Jindabyne
en,English,Kabhi Alvida Naa Kehna
hi,हिन्दी,Kabhi Alvida Naa Kehna
en,English,An Ideal Husband
en,English,The Last Days on Mars
en,English,Darkness
en,English,2001: A Space Odyssey
ru,Pусский,2001: A Space Odyssey
en,English,There Goes My Baby
hi,हिन्दी,Housefull
en,English,September Dawn
es,Español,For Greater Glory - The True Story of Cristiada
en,English,For Greater Glory - The True Story of Cristiada
fr,Français,The Bélier Family
en,English,Good Will Hunting
es,Español,Devil
en,English,Devil
uk,Український,Devil
en,English,Misconduct
it,Italiano,Misconduct
en,English,Saw III
en,English,Stripes
ru,Pусский,Stripes
pl,Polski,Stripes
en,English,Bring It On
en,English,The Purge: Election Year
en,English,Sinister 2
en,English,She's All That
en,English,Saw IV
en,English,White Noise
en,English,Madea's Family Reunion
es,Español,Madea's Family Reunion
en,English,The Color of Money
es,Español,The Color of Money
en,English,The Longest Day
fr,Français,The Longest Day
de,Deutsch,The Longest Day
en,English,The Mighty Ducks
en,English,The Grudge
ja,日本語,The Grudge
en,English,Happy Gilmore
en,English,Jeepers Creepers
en,English,Body Double
en,English,Oliver!
hi,हिन्दी,The Best Exotic Marigold Hotel
en,English,The Best Exotic Marigold Hotel
en,English,Recess: School's Out
en,English,Mad Max Beyond Thunderdome
en,English,Commando
en,English,Friday After Next
fr,Français,Friday After Next
pt,Português,Friday After Next
en,English,Insidious: Chapter 3
th,ภาษาไทย,Insidious: Chapter 3
en,English,The Last Dragon
en,English,The Lawnmower Man
en,English,Nick and Norah's Infinite Playlist
en,English,Dogma
en,English,The Banger Sisters
en,English,Twilight Zone: The Movie
fr,Français,Twilight Zone: The Movie
de,Deutsch,Twilight Zone: The Movie
vi,Tiếng Việt,Twilight Zone: The Movie
en,English,Road House
pt,Português,Road House
en,English,A Low Down Dirty Shame
en,English,Swimfan
en,English,American History X
en,English,Employee of the Month
hu,Magyar,Employee of the Month
en,English,Can't Hardly Wait
en,English,The Outsiders
en,English,Pete's Dragon
en,English,The Dead Zone
ru,Pусский,The Dead Zone
en,English,Sparkle
fr,Français,Sparkle
en,English,Valentine
en,English,The Fourth Kind
en,English,A Prairie Home Companion
no,Norsk,A Prairie Home Companion
en,English,Sugar Hill
en,English,Invasion U.S.A.
en,English,Roll Bounce
es,Español,Roll Bounce
fr,Français,Rushmore
en,English,Rushmore
la,Latin,Rushmore
es,Español,Rushmore
en,English,Skyline
en,English,The Second Best Exotic Marigold Hotel
en,English,Kit Kittredge: An American Girl
en,English,The Perfect Man
de,Deutsch,The Perfect Man
en,English,Mo' Better Blues
en,English,Kung Pow: Enter the Fist
en,English,Tremors
en,English,Wrong Turn
en,English,The Long Riders
sv,svenska,The Long Riders
cn,广州话 / 廣州話,The Corruptor
en,English,The Corruptor
zh,普通话,The Corruptor
en,English,Mud
en,English,Reno 911!: Miami
es,Español,Reno 911!: Miami
pt,Português,One Direction: This Is Us
en,English,One Direction: This Is Us
en,English,"The Goods: Live Hard, Sell Hard"
en,English,Hey Arnold! The Movie
en,English,My Week with Marilyn
en,English,The Matador
pl,Polski,The Matador
en,English,Love Jones
en,English,The Gift
en,English,End of the Spear
es,Español,End of the Spear
en,English,Get Over It
en,English,Office Space
en,English,Drop Dead Gorgeous
it,Italiano,Big Eyes
en,English,Big Eyes
fr,Français,Big Eyes
en,English,Very Bad Things
pt,Português,Sleepover
en,English,Sleepover
en,English,MacGruber
ru,Pусский,MacGruber
fr,Français,Dirty Pretty Things
so,Somali,Dirty Pretty Things
es,Español,Dirty Pretty Things
en,English,Dirty Pretty Things
en,English,Movie 43
en,English,Over Her Dead Body
en,English,Seeking a Friend for the End of the World
en,English,Cedar Rapids
en,English,The Red Violin
fr,Français,The Red Violin
de,Deutsch,The Red Violin
it,Italiano,The Red Violin
zh,普通话,The Red Violin
es,Español,The Red Violin
en,English,The Straight Story
en,English,Deuces Wild
en,English,Bad Words
en,English,"Run, Fatboy, Run"
en,English,Heartbeeps
en,English,Black or White
en,English,On the Line
fr,Français,On the Line
hu,Magyar,On the Line
en,English,Rescue Dawn
en,English,Danny Collins
it,Italiano,Danny Collins
en,English,"Jeff, Who Lives at Home"
en,English,I Am Love
it,Italiano,I Am Love
ru,Pусский,I Am Love
en,English,Atlas Shrugged Part II
en,English,Romeo Is Bleeding
en,English,The Limey
fr,Français,The Limey
en,English,The House of Mirth
fr,Français,The House of Mirth
en,English,Malone
en,English,Peaceful Warrior
en,English,Bucky Larson: Born to Be a Star
pl,Polski,Bucky Larson: Born to Be a Star
en,English,Bamboozled
hu,Magyar,Bamboozled
en,English,The Forest
en,English,Sphinx
en,English,While We're Young
en,English,A Better Life
es,Español,A Better Life
en,English,Spider
en,English,Gun Shy
en,English,Nicholas Nickleby
en,English,City Island
en,English,The Iceman
hi,हिन्दी,Krrish
en,English,Cecil B. Demented
en,English,Killer Joe
cs,Český,The Joneses
en,English,The Joneses
fr,Français,The Joneses
en,English,Owning Mahowny
en,English,The Brothers Solomon
en,English,My Blueberry Nights
en,English,Illuminata
it,Italiano,Swept Away
el,ελληνικά,Swept Away
en,English,Swept Away
en,English,The Betrayed
en,English,"War, Inc."
cn,广州话 / 廣州話,Shaolin Soccer
zh,普通话,Shaolin Soccer
pt,Português,Shaolin Soccer
th,ภาษาไทย,Shaolin Soccer
en,English,The Brown Bunny
de,Deutsch,The Brown Bunny
fr,Français,The Swindle
hu,Magyar,The Swindle
en,English,Rosewater
hu,Magyar,The Chambermaid on the Titanic
en,English,The Chambermaid on the Titanic
fr,Français,The Chambermaid on the Titanic
en,English,Coriolanus
en,English,Imaginary Heroes
en,English,High Heels and Low Lifes
en,English,World's Greatest Dad
en,English,Severance
hu,Magyar,Severance
ru,Pусский,Severance
en,English,Edmond
en,English,Welcome to the Rileys
en,English,Police Academy: Mission to Moscow
fr,Français,Cinco de Mayo: La Batalla
es,Español,Cinco de Mayo: La Batalla
fr,Français,Elsa & Fred
en,English,"An Alan Smithee Film: Burn, Hollywood, Burn"
ru,Pусский,"An Alan Smithee Film: Burn, Hollywood, Burn"
en,English,The Open Road
pl,Polski,The Open Road
ru,Pусский,The Good Guy
en,English,Free Style
en,English,Strangerland
en,English,Janky Promoters
no,Norsk,Blonde Ambition
en,English,Blonde Ambition
en,English,The Oxford Murders
en,English,The Reef
pl,Polski,The Reef
en,English,Eulogy
en,English,White Noise 2: The Light
en,English,Beat the World
en,English,Fifty Dead Men Walking
hu,Magyar,Fifty Dead Men Walking
en,English,Jungle Shuffle
en,English,Adam Resurrected
en,English,Of Horses and Men
is,Íslenska,Of Horses and Men
ru,Pусский,Of Horses and Men
es,Español,Of Horses and Men
sv,svenska,Of Horses and Men
en,English,It's a Wonderful Afterlife
pa,ਪੰਜਾਬੀ,It's a Wonderful Afterlife
en,English,The Devil's Tomb
en,English,Partition
en,English,Good Intentions
ko,한국어/조선말,"The Good, The Bad, The Weird"
en,English,Nurse 3-D
en,English,Gunless
en,English,Adventureland
en,English,The Lost City
en,English,Re-Kill
en,English,Next Friday
en,English,American Heist
en,English,You Only Live Twice
ja,日本語,You Only Live Twice
ru,Pусский,You Only Live Twice
en,English,Plastic
fr,Français,Amour
en,English,Poltergeist III
en,English,"It's a Mad, Mad, Mad, Mad World"
es,Español,Volver
en,English,Heavy Metal
hu,Magyar,Heavy Metal
en,English,Gentlemen Broncos
en,English,Richard III
en,English,Into the Grizzly Maze
en,English,The Purge: Anarchy
en,English,Kites
hi,हिन्दी,Kites
es,Español,Kites
en,English,Melancholia
en,English,Red Dog
pl,Polski,Red Dog
hi,हिन्दी,Jab Tak Hai Jaan
en,English,Alien
es,Español,Alien
en,English,The Texas Chain Saw Massacre
en,English,The Runaways
en,English,Fiddler on the Roof
he,עִבְרִית,Fiddler on the Roof
ru,Pусский,Fiddler on the Roof
en,English,Thunderball
fr,Français,Thunderball
en,English,Detention
it,Italiano,Loose Cannons
en,English,Set It Off
en,English,The Best Man
en,English,Child's Play
en,English,Sicko
fr,Français,Sicko
ru,Pусский,Sicko
es,Español,Sicko
en,English,Down to You
fr,Français,Down to You
en,English,Harold & Kumar Go to White Castle
hi,हिन्दी,Harold & Kumar Go to White Castle
en,English,The Contender
en,English,Boiler Room
ru,Pусский,Boiler Room
en,English,Trading Places
pt,Português,Trading Places
en,English,Chasing Papi
en,English,Black Christmas
it,Italiano,Black Christmas
en,English,Breakin' All the Rules
en,English,Henry V
fr,Français,Henry V
en,English,The Savages
th,ภาษาไทย,Skin Trade
en,English,Skin Trade
en,English,The Way of the Gun
fr,Français,The Way of the Gun
en,English,Igby Goes Down
en,English,PCU
es,Español,The Ultimate Gift
en,English,The Ultimate Gift
en,English,The Ice Pirates
en,English,The Lost Boys
en,English,Gracie
en,English,Trust the Man
en,English,Hamlet 2
en,English,Velvet Goldmine
ja,日本語,The Wailing
ko,한국어/조선말,The Wailing
es,Español,The Wailing
en,English,Glee: The Concert Movie
th,ภาษาไทย,The Legend of Suriyothai
en,English,Two Evil Eyes
fr,Français,Barbecue
ar,العربية,All or Nothing
en,English,All or Nothing
fr,Français,All or Nothing
en,English,Princess Kaiulani
en,English,Opal Dream
da,Dansk,Flame & Citron
de,Deutsch,Flame & Citron
en,English,Undiscovered
en,English,Red Riding: In the Year of Our Lord 1974
fr,Français,The Girl on the Train
en,English,Veronika Decides to Die
en,English,Crocodile Dundee
en,English,"Ultramarines: A Warhammer 40,000 Movie"
en,English,Crazy Heart
es,Español,Crazy Heart
en,English,The I Inside
en,English,Beneath Hill 60
ar,العربية,Polisse
fr,Français,Polisse
ja,日本語,Awake
en,English,Awake
en,English,Star Wars: Clone Wars: Volume 1
en,English,The Inkwell
en,English,The Rose
en,English,Baggage Claim
en,English,Barbarella
en,English,Shipwrecked
no,Norsk,Shipwrecked
en,English,Election
bn,বাংলা,The Namesake
cs,Český,The Namesake
en,English,The Namesake
fr,Français,The Namesake
hi,हिन्दी,The Namesake
en,English,The DUFF
en,English,Glitter
en,English,The Haunting in Connecticut 2: Ghosts of Georgia
en,English,Swelter
ko,한국어/조선말,Silmido
fr,Français,Bright Star
en,English,Bright Star
en,English,My Name Is Khan
hi,हिन्दी,My Name Is Khan
ur,اردو,My Name Is Khan
en,English,All Is Lost
en,English,Limbo
en,English,Dope
it,Italiano,Namastey London
hi,हिन्दी,Namastey London
en,English,The Wind That Shakes the Barley
ga,Gaeilge,The Wind That Shakes the Barley
la,Latin,The Wind That Shakes the Barley
hi,हिन्दी,Yeh Jawaani Hai Deewani
en,English,Quo Vadis
en,English,Repo! The Genetic Opera
ar,العربية,Valley of the Wolves: Iraq
en,English,Valley of the Wolves: Iraq
ku,,Valley of the Wolves: Iraq
tr,Türkçe,Valley of the Wolves: Iraq
en,English,Pulp Fiction
es,Español,Pulp Fiction
fr,Français,Pulp Fiction
en,English,The Muppet Movie
en,English,Nightcrawler
en,English,Club Dread
en,English,The Sound of Music
fr,Français,The Sound of Music
it,Italiano,The Sound of Music
en,English,Antarctic Edge: 70° South
en,English,Splash
it,Italiano,Splash
en,English,Little Miss Sunshine
en,English,Stand by Me
es,Español,28 Days Later
en,English,28 Days Later
en,English,You Got Served
en,English,Escape from Alcatraz
[],[],Brown Sugar
en,English,A Thin Line Between Love and Hate
en,English,50/50
en,English,Shutter
ja,日本語,Shutter
en,English,That Awkward Moment
en,English,Modern Problems
en,English,Shadow of the Vampire
de,Deutsch,Shadow of the Vampire
en,English,Kicks
en,English,Much Ado About Nothing
en,English,On Her Majesty's Secret Service
de,Deutsch,On Her Majesty's Secret Service
en,English,New Nightmare
en,English,Drive Me Crazy
en,English,Prom
en,English,Akeelah and the Bee
en,English,Half Baked
tr,Türkçe,Half Baked
en,English,New in Town
es,Español,New in Town
en,English,American Psycho
es,Español,American Psycho
cn,广州话 / 廣州話,American Psycho
en,English,The Good Girl
en,English,Bon Cop Bad Cop
fr,Français,Bon Cop Bad Cop
en,English,The Boondock Saints II: All Saints Day
it,Italiano,The Boondock Saints II: All Saints Day
es,Español,The Boondock Saints II: All Saints Day
en,English,The City of Your Final Destination
de,Deutsch,The City of Your Final Destination
pl,Polski,The City of Your Final Destination
en,English,Enough Said
en,English,Easy A
en,English,The Pallbearer
en,English,Held Up
it,Italiano,Held Up
pt,Português,Held Up
es,Español,Held Up
pt,Português,Woman on Top
en,English,Woman on Top
en,English,Howards End
de,Deutsch,Howards End
en,English,Anomalisa
en,English,The Outrageous Sophie Tucker
en,English,Another Year
fr,Français,8 Women
ja,日本語,Showdown in Little Tokyo
en,English,Showdown in Little Tokyo
en,English,Clay Pigeons
en,English,It's Kind of a Funny Story
en,English,Made in Dagenham
en,English,When Did You Last See Your Father?
en,English,Prefontaine
en,English,The Wicked Lady
en,English,The Secret of Kells
en,English,Begin Again
pt,Português,Elite Squad
en,English,Down in the Valley
it,Italiano,Down in the Valley
en,English,Brooklyn Rules
en,English,Restless
en,English,The Singing Detective
en,English,The Land Girls
en,English,Fido
en,English,Annabelle
en,English,The Wendell Baker Story
en,English,Wild Target
en,English,Pathology
en,English,Wuthering Heights
en,English,10th & Wolf
en,English,The Rocket: The Legend of Rocket Richard
fr,Français,The Rocket: The Legend of Rocket Richard
en,English,Dear Wendy
fr,Français,Aloft
en,English,Aloft
ja,日本語,Akira
en,English,The Death and Life of Bobby Z
zh,普通话,My Lucky Star
en,English,Imagine Me & You
en,English,Mr. Church
en,English,Swimming Pool
fr,Français,Swimming Pool
en,English,Green Street Hooligans: Underground
en,English,The Blood of Heroes
en,English,Code of Honor
de,Deutsch,Code of Honor
en,English,Driving Miss Daisy
hu,Magyar,Driving Miss Daisy
pl,Polski,Driving Miss Daisy
it,Italiano,Soul Food
en,English,Soul Food
cn,广州话 / 廣州話,Rumble in the Bronx
en,English,Rumble in the Bronx
it,Italiano,In Too Deep
en,English,In Too Deep
ru,Pусский,In Too Deep
ar,العربية,Far from Men
fr,Français,Far from Men
es,Español,Far from Men
en,English,Thank You for Smoking
en,English,Hostel: Part II
pl,Polski,Hostel: Part II
en,English,An Education
en,English,House of 1000 Corpses
en,English,Shopgirl
pl,Polski,Shopgirl
en,English,The Hotel New Hampshire
en,English,Narc
de,Deutsch,Narc
pl,Polski,Narc
en,English,Men with Brooms
en,English,Witless Protection
en,English,The Work and the Glory
en,English,Extract
en,English,Masked and Anonymous
fr,Français,Betty Fisher and Other Stories
en,English,Code 46
en,English,Outside Bet
en,English,Albert Nobbs
fr,Français,Albert Nobbs
[],[],Black November
en,English,Ta Ra Rum Pum
hi,हिन्दी,Ta Ra Rum Pum
en,English,Persepolis
fr,Français,Persepolis
de,Deutsch,Persepolis
fa,فارسی,Persepolis
en,English,The Piano
mi,,The Piano
en,English,The Hole
de,Deutsch,The Wave
en,English,The Neon Demon
en,English,Harry Brown
en,English,The Omega Code
it,Italiano,The Omega Code
en,English,Juno
th,ภาษาไทย,The Man with the Golden Gun
cn,广州话 / 廣州話,The Man with the Golden Gun
en,English,The Man with the Golden Gun
en,English,Pound of Flesh
en,English,Diamonds Are Forever
de,Deutsch,Diamonds Are Forever
en,English,The Godfather
it,Italiano,The Godfather
la,Latin,The Godfather
en,English,Flashdance
pt,Português,Flashdance
en,English,(500) Days of Summer
fr,Français,(500) Days of Summer
sv,svenska,(500) Days of Summer
en,English,Magic Mike
en,English,Darkness Falls
en,English,Live and Let Die
hu,Magyar,Live and Let Die
en,English,My Dog Skip
en,English,"Definitely, Maybe"
[],[],Bran Nue Dae
en,English,Jumping the Broom
en,English,"Good Night, and Good Luck."
en,English,Capote
en,English,Desperado
en,English,Logan's Run
en,English,Action Jackson
fr,Français,Action Jackson
en,English,The Descent
en,English,Michael Jordan to the Max
en,English,Devil's Due
en,English,Flirting with Disaster
es,Español,The Devil's Rejects
en,English,The Devil's Rejects
en,English,Alien Zone
en,English,A Serious Man
he,עִבְרִית,A Serious Man
yi,,A Serious Man
en,English,Get Low
fr,Français,Get Low
en,English,Warlock
en,English,Beyond the Lights
en,English,Freeheld
en,English,A Single Man
es,Español,A Single Man
en,English,The Last Temptation of Christ
en,English,Outside Providence
en,English,Bride & Prejudice
hi,हिन्दी,Bride & Prejudice
hu,Magyar,Bride & Prejudice
it,Italiano,Bride & Prejudice
pa,ਪੰਜਾਬੀ,Bride & Prejudice
es,Español,Bride & Prejudice
en,English,Redbelt
en,English,Rabbit-Proof Fence
en,English,Who's Your Caddy?
en,English,Split Second
en,English,The Other Side of Heaven
to,,The Other Side of Heaven
hi,हिन्दी,Veer-Zaara
en,English,Cyrus
pl,Polski,Cyrus
en,English,A Dog Of Flanders
en,English,Auto Focus
en,English,Factory Girl
fr,Français,Factory Girl
sk,Slovenčina,Factory Girl
en,English,We Need to Talk About Kevin
en,English,The Heart of Me
fr,Français,The Heart of Me
en,English,The Christmas Candle
en,English,The Mighty Macs
en,English,Losin' It
es,Español,Losin' It
en,English,Mother and Child
en,English,March or Die
en,English,Facing the Giants
fr,Français,The Visitors
en,English,Somewhere
it,Italiano,Somewhere
en,English,I Hope They Serve Beer in Hell
en,English,Chairman of the Board
en,English,Hesher
en,English,Dom Hemingway
en,English,Gerry
en,English,The Extra Man
ru,Pусский,Hard to Be a God
en,English,Ca$h
fr,Français,Ca$h
en,English,Wah-Wah
[],[],I Want Someone to Eat Cheese With
en,English,The Boondock Saints
es,Español,The Boondock Saints
cn,广州话 / 廣州話,Z Storm
en,English,Twixt
ru,Pусский,The Snow Queen
en,English,Alpha and Omega: The Legend of the Saw Tooth Cave
en,English,Perrier’s Bounty
en,English,Pale Rider
en,English,Stargate: The Ark of Truth
en,English,Dazed and Confused
en,English,High School Musical 2
en,English,Two Lovers and a Bear
en,English,Criminal Activities
de,Deutsch,Aimee & Jaguar
en,English,The Chumscrubber
en,English,Shade
en,English,House at the End of the Street
fr,Français,Incendies
ar,العربية,Incendies
en,English,Incendies
en,English,"Remember Me, My Love"
fr,Français,"Remember Me, My Love"
it,Italiano,"Remember Me, My Love"
en,English,Boyz n the Hood
en,English,La Bamba
en,English,The Four Seasons
en,English,Dressed to Kill
en,English,The Adventures of Huck Finn
fr,Français,The Adventures of Huck Finn
de,Deutsch,The Adventures of Huck Finn
ru,Pусский,The Adventures of Huck Finn
en,English,Go
en,English,Friends with Money
en,English,The Andromeda Strain
en,English,Bats
en,English,Nowhere in Africa
de,Deutsch,Nowhere in Africa
sw,Kiswahili,Nowhere in Africa
en,English,Mooz-lum
en,English,Shame
en,English,Layer Cake
ro,Română,Layer Cake
en,English,The Work and the Glory II: American Zion
en,English,The East
en,English,A Home at the End of the World
en,English,The Wrestler
en,English,Aberdeen
en,English,The Messenger
es,Español,The Messenger
en,English,Tracker
en,English,Control
en,English,The Terminator
de,Deutsch,"Good bye, Lenin!"
en,English,The Damned United
en,English,The Return of the Living Dead
en,English,Mallrats
en,English,Grease
en,English,Platoon
vi,Tiếng Việt,Platoon
en,English,Capricorn One
ar,العربية,Fahrenheit 9/11
en,English,Fahrenheit 9/11
en,English,Butch Cassidy and the Sundance Kid
es,Español,Butch Cassidy and the Sundance Kid
en,English,Mary Poppins
en,English,Ordinary People
en,English,West Side Story
fr,Français,Simply Irresistible
en,English,Simply Irresistible
en,English,Caddyshack
en,English,The Brothers
en,English,The Wood
es,Español,The Usual Suspects
en,English,The Usual Suspects
fr,Français,The Usual Suspects
hu,Magyar,The Usual Suspects
en,English,A Nightmare on Elm Street 5: The Dream Child
en,English,National Lampoon’s Van Wilder
en,English,Annie Hall
de,Deutsch,Annie Hall
en,English,Duel in the Sun
en,English,Best in Show
en,English,Escape from New York
en,English,School Daze
en,English,Daddy Day Camp
zh,普通话,Mr. Nice Guy
cn,广州话 / 廣州話,Mr. Nice Guy
en,English,Mr. Nice Guy
en,English,A Mighty Wind
en,English,Mystic Pizza
fr,Français,Mystic Pizza
en,English,Sliding Doors
en,English,Tales from the Hood
en,English,The Last King of Scotland
fr,Français,The Last King of Scotland
de,Deutsch,The Last King of Scotland
sw,Kiswahili,The Last King of Scotland
en,English,Casa De Mi Padre
es,Español,Casa De Mi Padre
en,English,Halloween 5: The Revenge of Michael Myers
en,English,Bernie
en,English,Dolphins and Whales: Tribes of the Ocean
en,English,Pollock
en,English,200 Cigarettes
en,English,The Words
fr,Français,The Words
ga,Gaeilge,The Guard
en,English,The Guard
en,English,College
en,English,The Virgin Suicides
en,English,Little Voice
en,English,Miss March
en,English,Wish I Was Here
en,English,Hedwig and the Angry Inch
de,Deutsch,Hedwig and the Angry Inch
en,English,Only the Strong
en,English,Goddess of Love
de,Deutsch,Goddess of Love
en,English,Shattered Glass
fr,Français,Shattered Glass
hu,Magyar,Shattered Glass
en,English,Novocaine
en,English,The Business of Strangers
en,English,The Wild Bunch
de,Deutsch,The Wild Bunch
es,Español,The Wild Bunch
en,English,The Wackness
en,English,The First Great Train Robbery
en,English,Morvern Callar
es,Español,Morvern Callar
en,English,Reservoir Dogs
en,English,Beastmaster 2: Through the Portal of Time
en,English,The 5th Quarter
fr,Français,The Flower of Evil
en,English,The Greatest
zh,普通话,Snow Flower and the Secret Fan
en,English,Snow Flower and the Secret Fan
en,English,Come Early Morning
en,English,Lucky Break
en,English,Julia
fr,Français,Julia
de,Deutsch,Julia
ru,Pусский,Julia
en,English,"Surfer, Dude"
pl,Polski,"Surfer, Dude"
en,English,Lake of Fire
en,English,Emma
en,English,Certifiably Jonathan
en,English,11:14
en,English,Men of War
fr,Français,Men of War
en,English,Don McKay
en,English,Deadfall
en,English,A Shine of Rainbows
en,English,The Hit List
en,English,Videodrome
it,Italiano,The Spanish Apartment
fr,Français,The Spanish Apartment
es,Español,The Spanish Apartment
en,English,The Spanish Apartment
ca,Català,The Spanish Apartment
da,Dansk,The Spanish Apartment
de,Deutsch,The Spanish Apartment
en,English,Song One
nl,Nederlands,Winter in Wartime
en,English,Winter in Wartime
de,Deutsch,Winter in Wartime
en,English,Freaky Deaky
de,Deutsch,The Train
en,English,The Train
en,English,Trade Of Innocents
zh,普通话,Trade Of Innocents
en,English,The Protector
zh,普通话,The Protector
th,ภาษาไทย,The Protector
vi,Tiếng Việt,The Protector
en,English,Stiff Upper Lips
en,English,Iris
en,English,Bend It Like Beckham
pa,ਪੰਜਾਬੀ,Bend It Like Beckham
en,English,Sunshine State
en,English,Crossover
hi,हिन्दी,Khiladi 786
es,Español,[REC]²
en,English,Standing Ovation
en,English,The Sting
en,English,Chariots of Fire
fr,Français,Chariots of Fire
en,English,Diary of a Mad Black Woman
en,English,Shine
yi,,Shine
en,English,Don Jon
en,English,High Plains Drifter
en,English,Ghost World
en,English,Galaxina
fr,Français,The Chorus
en,English,Mambo Italiano
fr,Français,Mambo Italiano
it,Italiano,Mambo Italiano
en,English,Wonderland
en,English,Do the Right Thing
en,English,Harvard Man
fr,Français,Le Havre
fr,Français,Irreversible
ja,日本語,R100
hi,हिन्दी,Rang De Basanti
en,English,Animals
en,English,Salvation Boulevard
es,Español,The Ten
en,English,The Ten
en,English,A Room for Romeo Brass
da,Dansk,Headhunters
en,English,Headhunters
no,Norsk,Headhunters
ru,Pусский,Headhunters
en,English,Grabbers
en,English,Saint Ralph
en,English,Miss Julie
en,English,Somewhere in Time
en,English,Dum Maaro Dum
hi,हिन्दी,Dum Maaro Dum
en,English,Insidious: Chapter 2
th,ภาษาไทย,Insidious: Chapter 2
en,English,Saw II
en,English,10 Cloverfield Lane
en,English,Jackass: The Movie
en,English,Lights Out
en,English,Paranormal Activity 3
en,English,Ouija
en,English,A Nightmare on Elm Street 3: Dream Warriors
es,Español,Instructions Not Included
en,English,Instructions Not Included
en,English,Paranormal Activity 4
en,English,The Robe
en,English,The Return of the Pink Panther
en,English,Freddy's Dead: The Final Nightmare
en,English,Monster
en,English,"20,000 Leagues Under the Sea"
en,English,Paranormal Activity: The Marked Ones
en,English,The Elephant Man
en,English,Dallas Buyers Club
ja,日本語,Dallas Buyers Club
en,English,The Lazarus Effect
en,English,Memento
en,English,Oculus
en,English,Clerks II
en,English,Billy Elliot
en,English,The Way Way Back
en,English,House Party 2
en,English,The Man from Snowy River
en,English,Doug's 1st Movie
en,English,The Apostle
en,English,Mommie Dearest
en,English,Spring Breakers
en,English,Our Idiot Brother
en,English,Race
en,English,The Players Club
en,English,"As Above, So Below"
en,English,Addicted
en,English,Eve's Bayou
fr,Français,No Escape
en,English,No Escape
th,ภาษาไทย,No Escape
en,English,Still Alice
el,ελληνικά,The Egyptian
en,English,The Egyptian
en,English,Nighthawks
fr,Français,Nighthawks
en,English,Friday the 13th Part VIII: Jason Takes Manhattan
el,ελληνικά,My Big Fat Greek Wedding
en,English,My Big Fat Greek Wedding
en,English,Halloween: The Curse of Michael Myers
es,Español,Y Tu Mamá También
en,English,Shaun of the Dead
en,English,The Haunting of Molly Hartley
ru,Pусский,The Haunting of Molly Hartley
en,English,Lone Star
es,Español,Lone Star
en,English,Halloween 4: The Return of Michael Myers
en,English,April Fool's Day
en,English,Diner
en,English,Lone Wolf McQuade
es,Español,Lone Wolf McQuade
cs,Český,Apollo 18
en,English,Apollo 18
en,English,Sunshine Cleaning
es,Español,Sunshine Cleaning
en,English,The Beastmaster
en,English,Solomon and Sheba
en,English,Fifty Shades of Black
en,English,Not Easily Broken
fr,Français,Not Easily Broken
en,English,A Farewell to Arms
en,English,The Perfect Match
de,Deutsch,Digimon: The Movie
en,English,Digimon: The Movie
en,English,Saved!
en,English,The Barbarian Invasions
fr,Français,The Barbarian Invasions
en,English,Robin and Marian
en,English,Once Upon a Time in the West
en,English,The Forsaken
en,English,Force 10 from Navarone
es,Español,Force 10 from Navarone
en,English,UHF
en,English,Grandma's Boy
pt,Português,Grandma's Boy
en,English,Slums of Beverly Hills
en,English,Made
es,Español,Moon
en,English,Moon
en,English,Keeping Up with the Steins
he,עִבְרִית,Keeping Up with the Steins
en,English,Sea Rex 3D: Journey to a Prehistoric World
en,English,The Sweet Hereafter
es,Español,The Sweet Hereafter
en,English,Flying By
ar,العربية,Of Gods and Men
fr,Français,Of Gods and Men
fr,Français,Bottle Shock
en,English,Bottle Shock
de,Deutsch,Bottle Shock
en,English,Jekyll and Hyde ... Together Again
en,English,Heavenly Creatures
en,English,90 Minutes in Heaven
pt,Português,90 Minutes in Heaven
en,English,Tucker and Dale vs Evil
en,English,Everything Must Go
en,English,Zero Effect
en,English,The Machinist
en,English,Light Sleeper
en,English,Kill the Messenger
en,English,Rabbit Hole
en,English,Party Monster
en,English,Green Room
en,English,The Oh in Ohio
en,English,Atlas Shrugged Part III: Who is John Galt?
es,Español,Bottle Rocket
en,English,Bottle Rocket
en,English,Albino Alligator
hi,हिन्दी,"Gandhi, My Father"
en,English,"Gandhi, My Father"
en,English,Standard Operating Procedure
en,English,Out of the Blue
de,Deutsch,"Lovely, Still"
en,English,Tycoon
en,English,Desert Blue
en,English,Decoys
en,English,The Visit
en,English,Redacted
es,Español,Redacted
en,English,Fascination
en,English,Area 51
pt,Português,Area 51
es,Español,Sleep Tight
en,English,The Cottage
fr,Français,The Cottage
pl,Polski,The Cottage
en,English,Dead Like Me: Life After Death
en,English,Farce of the Penguins
en,English,Now Is Good
fr,Français,Now Is Good
de,Deutsch,Now Is Good
en,English,Rudderless
en,English,Henry & Me
pt,Português,Christmas Eve
en,English,Christmas Eve
en,English,We Have Your Husband
ar,العربية,Dying of the Light
en,English,Dying of the Light
ro,Română,Dying of the Light
en,English,Born Of War
en,English,Should've Been Romeo
[],[],Running Forever
en,English,Yoga Hosers
fr,Français,Yoga Hosers
de,Deutsch,Yoga Hosers
en,English,Navy Seals vs. Zombies
pl,Polski,I Served the King of England
cs,Český,I Served the King of England
de,Deutsch,Soul Kitchen
el,ελληνικά,Soul Kitchen
en,English,Sling Blade
fr,Français,The Awakening
en,English,The Awakening
en,English,Hostel
en,English,A Cock and Bull Story
en,English,Take Shelter
en,English,Lady in White
en,English,Driving Lessons
en,English,Let's Kill Ward's Wife
en,English,The Texas Chainsaw Massacre 2
en,English,Pat Garrett & Billy the Kid
en,English,Only God Forgives
th,ภาษาไทย,Only God Forgives
fr,Français,Camping Sauvage
en,English,Without Men
en,English,Dear Frankie
en,English,All Hat
fr,Français,The Names of Love
en,English,Treading Water
en,English,Savage Grace
en,English,Out of the Blue
en,English,Police Academy
en,English,The Blue Lagoon
en,English,Four Weddings and a Funeral
en,English,Fast Times at Ridgemont High
en,English,Moby Dick
en,English,25th Hour
en,English,Bound
en,English,Blue Ruin
en,English,Requiem for a Dream
en,English,State Fair
es,Español,Tango
en,English,Salvador
es,Español,Salvador
en,English,Moms' Night Out
en,English,Donnie Darko
[],[],Saving Private Perez
nl,Nederlands,Character
en,English,Character
fr,Français,Character
de,Deutsch,Character
en,English,Spun
en,English,Life During Wartime
en,English,Sympathy for Lady Vengeance
ja,日本語,Sympathy for Lady Vengeance
ko,한국어/조선말,Sympathy for Lady Vengeance
fr,Français,Mozart's Sister
en,English,Mean Machine
it,Italiano,Mean Machine
cn,广州话 / 廣州話,Exiled
es,Español,Blackthorn
en,English,Blackthorn
ru,Pусский,Lilya 4-ever
sv,svenska,Lilya 4-ever
en,English,Lilya 4-ever
en,English,After.Life
hi,हिन्दी,Fugly
en,English,Fugly
en,English,One Flew Over the Cuckoo's Nest
en,English,R.L. Stine's Monsterville: The Cabinet of Souls
fr,Français,Silent Movie
ar,العربية,Airlift
hi,हिन्दी,Airlift
ml,,Airlift
en,English,Anne of Green Gables
en,English,Falcon Rising
sr,Srpski,The Sweeney
en,English,The Sweeney
en,English,Sexy Beast
de,Deutsch,Easy Money
en,English,Easy Money
es,Español,Easy Money
sr,Srpski,Easy Money
sv,svenska,Easy Money
en,English,Whale Rider
mi,,Whale Rider
hi,हिन्दी,Paa
fr,Français,Cargo
de,Deutsch,Cargo
en,English,High School Musical
en,English,Love and Death on Long Island
de,Deutsch,Night Watch
ru,Pусский,Night Watch
en,English,3 Strikes
en,English,The Crying Game
en,English,Porky's
en,English,Survival of the Dead
en,English,Night of the Living Dead
ja,日本語,Lost in Translation
en,English,Lost in Translation
en,English,The Greatest Show on Earth
de,Deutsch,The Greatest Show on Earth
en,English,Monster's Ball
en,English,Maggie
en,English,Leaving Las Vegas
en,English,Hansel and Gretel Get Baked
en,English,The Front Page
en,English,The Boy Next Door
en,English,Trapeze
it,Italiano,Trapeze
en,English,The Kids Are All Right
en,English,They Live
en,English,A Haunted House 2
en,English,The Great Escape
de,Deutsch,The Great Escape
fr,Français,The Great Escape
ru,Pусский,The Great Escape
en,English,What the #$*! Do We (K)now!?
de,Deutsch,What the #$*! Do We (K)now!?
es,Español,What the #$*! Do We (K)now!?
en,English,The Last Exorcism Part II
es,Español,Boyhood
en,English,Boyhood
en,English,Scoop
en,English,The Wash
en,English,The Cooler
ru,Pусский,The Cooler
en,English,The Misfits
en,English,The Night Listener
en,English,The Jerky Boys
es,Español,The Orphanage
en,English,The Rules of Attraction
de,Deutsch,The Rules of Attraction
en,English,Topaz
fr,Français,Topaz
ru,Pусский,Topaz
es,Español,Topaz
en,English,Let's Go to Prison
pl,Polski,Let's Go to Prison
pt,Português,Let's Go to Prison
es,Español,Let's Go to Prison
en,English,Four Rooms
en,English,Secretary
en,English,The Real Cancun
en,English,Zipper
en,English,Talk Radio
en,English,Waiting for Guffman
pt,Português,Love Stinks
en,English,Love Stinks
en,English,You Kill Me
en,English,Thumbsucker
en,English,Poolhall Junkies
en,English,Red State
en,English,Mirrormask
en,English,Samsara
en,English,The Barbarians
it,Italiano,The Barbarians
es,Español,The Barbarians
en,English,The Art of Getting By
en,English,The Loss of Sexual Innocence
fr,Français,Holy Motors
en,English,Joe
en,English,Shooting Fish
en,English,Prison
de,Deutsch,Futuro Beach
pt,Português,Futuro Beach
en,English,Psycho Beach Party
en,English,The Big Tease
de,Deutsch,"Guten Tag, Ramón"
es,Español,"Guten Tag, Ramón"
en,English,Trust
en,English,An Everlasting Piece
en,English,Among Giants
en,English,Adore
en,English,The Velocity of Gary
es,Español,Mondays in the Sun
de,Deutsch,Mondays in the Sun
en,English,Stake Land
en,English,The Last Time I Committed Suicide
en,English,Another Happy Day
fr,Français,Another Happy Day
de,Deutsch,Another Happy Day
en,English,A Lonely Place to Die
it,Italiano,A Lonely Place to Die
en,English,Nothing
ru,Pусский,The Geographer Drank His Globe Away
en,English,1776
en,English,Desert Dancer
ar,العربية,Inescapable
en,English,Inescapable
fr,Français,Hell's Angels
en,English,Hell's Angels
de,Deutsch,Hell's Angels
en,English,Purple Violets
it,Italiano,Purple Violets
en,English,The Veil
en,English,The Loved Ones
en,English,Airplane!
en,English,The Helpers
en,English,How to Fall in Love
en,English,The Perfect Wave
en,English,A Man for All Seasons
fr,Français,A Man for All Seasons
la,Latin,A Man for All Seasons
es,Español,A Man for All Seasons
en,English,Network
de,Deutsch,Network
en,English,Gone with the Wind
en,English,Major Dundee
fr,Français,Major Dundee
es,Español,Major Dundee
en,English,Annie Get Your Gun
ar,العربية,Four Lions
en,English,Four Lions
ur,اردو,Four Lions
pt,Português,The House of Sand
en,English,Defendor
en,English,Chain of Command
en,English,The Pirate
en,English,The Good Heart
it,Italiano,The Good Heart
en,English,The History Boys
en,English,Midnight Cowboy
it,Italiano,Midnight Cowboy
en,English,The Full Monty
en,English,Friday
en,English,Menace II Society
en,English,Creepshow 2
en,English,The Ballad of Cable Hogue
en,English,In Cold Blood
en,English,Harper
en,English,Frenzy
en,English,The Witch
en,English,I Got the Hook Up
en,English,She's the One
fr,Français,She's the One
en,English,Gods and Monsters
hu,Magyar,Gods and Monsters
es,Español,The Secret in Their Eyes
en,English,Train
en,English,Evil Dead II
en,English,Pootie Tang
en,English,Sharknado
es,Español,The Other Conquest
no,Norsk,Troll Hunter
[],[],Ira & Abby
en,English,Winter Passing
en,English,D.E.B.S.
en,English,The Masked Saint
en,English,Taxman
ru,Pусский,Taxman
[],[],The Secret
en,English,2:13
en,English,"Batman: The Dark Knight Returns, Part 2"
en,English,Time to Choose
en,English,Krush Groove
en,English,In the Name of the King III
en,English,Wicked Blood
en,English,Stranded
it,Italiano,Lords of London
en,English,Lords of London
en,English,High Anxiety
hu,Magyar,High Anxiety
en,English,Next Day Air
fr,Français,March of the Penguins
en,English,March of the Penguins
en,English,Margin Call
es,Español,August
en,English,August
en,English,Choke
en,English,Whiplash
pt,Português,City of God
en,English,Human Traffic
en,English,To Write Love on Her Arms
en,English,The Dead Girl
da,Dansk,The Hunt
pl,Polski,The Hunt
en,English,The Hunt
en,English,A Christmas Story
en,English,Rosemary's Baby
en,English,Bella
es,Español,Bella
en,English,Class of 1984
en,English,The Opposite Sex
en,English,Dreaming of Joseph Lees
fr,Français,The Class
en,English,Adam
en,English,Maria Full of Grace
es,Español,Maria Full of Grace
en,English,Beginners
fr,Français,Beginners
en,English,Feast
en,English,Animal House
zh,普通话,Goldfinger
en,English,Goldfinger
es,Español,Goldfinger
en,English,Fuel
en,English,Antiviral
en,English,It's a Wonderful Life
en,English,Trainspotting
en,English,The Original Kings of Comedy
en,English,Paranormal Activity 2
en,English,The Purge
en,English,Waking Ned
ga,Gaeilge,Waking Ned
la,Latin,Waking Ned
en,English,Bowling for Columbine
zh,普通话,Coming Home
en,English,A Nightmare on Elm Street Part 2: Freddy's Revenge
en,English,A Room with a View
it,Italiano,A Room with a View
en,English,Sinister
pt,Português,Sinister
fr,Français,Sinister
br,,Sinister
en,English,Martin Lawrence Live: Runteldat
en,English,Cat on a Hot Tin Roof
en,English,Beneath the Planet of the Apes
en,English,Spaced Invaders
en,English,Air Bud
en,English,Pokémon: Spell of the Unknown
en,English,Friday the 13th Part VI: Jason Lives
ja,日本語,The Bridge on the River Kwai
th,ภาษาไทย,The Bridge on the River Kwai
en,English,The Bridge on the River Kwai
en,English,Slow West
tr,Türkçe,Slow West
en,English,Family Plot
en,English,The Apartment
en,English,Jason Goes to Hell: The Final Friday
en,English,Torn Curtain
de,Deutsch,Torn Curtain
no,Norsk,Torn Curtain
sv,svenska,Torn Curtain
en,English,Dave Chappelle's Block Party
de,Deutsch,Dave Chappelle's Block Party
en,English,Elmer Gantry
en,English,Judgment at Nuremberg
en,English,Trippin'
en,English,Red River
de,Deutsch,Red River
it,Italiano,Red River
es,Español,Red River
en,English,Phat Girlz
en,English,Before Midnight
el,ελληνικά,Before Midnight
fr,Français,Before Midnight
en,English,Teen Wolf Too
en,English,Phantasm II
en,English,Woman Thou Art Loosed
en,English,Real Women Have Curves
hi,हिन्दी,Water
en,English,East Is East
ru,Pусский,East Is East
ur,اردو,East Is East
en,English,Valley of the Heart's Delight
it,Italiano,Whipped
en,English,Whipped
en,English,Kama Sutra - A Tale of Love
en,English,Please Give
en,English,Willy Wonka & the Chocolate Factory
fr,Français,Willy Wonka & the Chocolate Factory
de,Deutsch,Willy Wonka & the Chocolate Factory
en,English,Warlock: The Armageddon
es,Español,8 Heads in a Duffel Bag
en,English,8 Heads in a Duffel Bag
en,English,Days of Heaven
it,Italiano,Days of Heaven
en,English,Thirteen Conversations About One Thing
en,English,Jawbreaker
en,English,Basquiat
es,Español,Basquiat
en,English,Frances Ha
af,Afrikaans,Tsotsi
xh,,Tsotsi
zu,isiZulu,Tsotsi
en,English,Happiness
ru,Pусский,Happiness
en,English,DysFunktional Family
en,English,Tusk
en,English,Tim and Eric's Billion Dollar Movie
ko,한국어/조선말,Oldboy
en,English,Letters to God
en,English,Hobo with a Shotgun
en,English,Compadres
en,English,Freeway
en,English,Demonic
en,English,Love's Abiding Joy
en,English,Fish Tank
en,English,Damsels in Distress
en,English,Creature
en,English,Bachelorette
en,English,Brave New Girl
de,Deutsch,Summer Storm
[],[],Fort McCoy
en,English,Chain Letter
en,English,Just Looking
en,English,The Divide
en,English,The Eclipse
en,English,My Big Fat Independent Movie
en,English,The Deported
en,English,Tanner Hall
de,Deutsch,Tanner Hall
en,English,Open Road
pt,Português,Open Road
ru,Pусский,Open Road
en,English,They Came Together
en,English,30 Nights of Paranormal Activity With the Devil Inside the Girl With the Dragon Tattoo
en,English,Never Back Down 2: The Beatdown
en,English,Point Blank
it,Italiano,Four Single Fathers
en,English,Four Single Fathers
en,English,Enter the Dangerous Mind
en,English,Something Wicked
en,English,AWOL-72
en,English,Iguana
es,Español,Iguana
en,English,Chicago Overcoat
en,English,Barry Munday
pt,Português,Central Station
en,English,Pocketful of Miracles
es,Español,Pocketful of Miracles
en,English,Close Range
en,English,Boynton Beach Club
en,English,Do You Believe?
en,English,Amnesiac
en,English,Freakonomics
it,Italiano,High Tension
en,English,High Tension
fr,Français,High Tension
en,English,Griff the Invisible
pt,Português,Griff the Invisible
en,English,Unnatural
hi,हिन्दी,Lage Raho Munna Bhai
en,English,Hustle & Flow
en,English,Some Like It Hot
en,English,Friday the 13th Part VII: The New Blood
en,English,The Wizard of Oz
en,English,Young Frankenstein
de,Deutsch,Young Frankenstein
en,English,Diary of the Dead
en,English,Ulee's Gold
ar,العربية,The Black Stallion
en,English,The Black Stallion
it,Italiano,The Black Stallion
[],[],Sardaarji
da,Dansk,Journey to Saturn
en,English,Donovan's Reef
fr,Français,Donovan's Reef
nl,Nederlands,The Dress
en,English,A Guy Named Joe
en,English,Blazing Saddles
de,Deutsch,Blazing Saddles
yi,,Blazing Saddles
en,English,Friday the 13th: The Final Chapter
es,Español,Friday the 13th: The Final Chapter
pl,Polski,Ida
en,English,Maurice
en,English,Impact Point
en,English,Beer League
en,English,Riding Giants
es,Español,Timecrimes
zh,普通话,Silver Medalist
en,English,Timber Falls
en,English,Singin' in the Rain
en,English,"Fat, Sick & Nearly Dead"
en,English,A Haunted House
en,English,2016: Obama's America
en,English,That Thing You Do!
en,English,Halloween III: Season of the Witch
en,English,Escape from the Planet of the Apes
en,English,Hud
en,English,Kevin Hart: Let Me Explain
en,English,My Own Private Idaho
en,English,Garden State
en,English,Before Sunrise
de,Deutsch,Before Sunrise
fr,Français,Before Sunrise
fr,Français,Evil Words
en,English,Jesus' Son
ar,العربية,Religulous
en,English,Religulous
he,עִבְרִית,Religulous
fa,فارسی,Religulous
es,Español,Religulous
en,English,Saving Face
zh,普通话,Saving Face
[],[],Brick Lane
en,English,Robot & Frank
en,English,My Life Without Me
en,English,The Spectacular Now
en,English,Eye of the Dolphin
en,English,8: The Mormon Proposition
en,English,The Other End of the Line
hi,हिन्दी,The Other End of the Line
de,Deutsch,Anatomy
la,Latin,Anatomy
en,English,No End in Sight
en,English,Sleep Dealer
es,Español,Sleep Dealer
en,English,Super
en,English,Christmas Mail
en,English,Stung
en,English,Antibirth
en,English,Get on the Bus
en,English,Thr3e
de,Deutsch,Thr3e
en,English,Idiocracy
en,English,The Rise of the Krays
en,English,This Is England
en,English,U.F.O.
fr,Français,U.F.O.
en,English,The Diary of a Teenage Girl
en,English,Bathing Beauty
es,Español,Bathing Beauty
fr,Français,Bathing Beauty
en,English,Go for It!
en,English,"Dancer, Texas Pop. 81"
en,English,Show Boat
en,English,Redemption Road
en,English,The Calling
nl,Nederlands,The Brave Little Toaster
en,English,The Brave Little Toaster
pl,Polski,The Brave Little Toaster
en,English,Fantasia
en,English,8 Days
en,English,Friday the 13th Part III
en,English,Friday the 13th: A New Beginning
en,English,The Last Sin Eater
pt,Português,The Last Sin Eater
en,English,The Valley of Decision
en,English,Eden
en,English,Chicken Tikka Masala
en,English,There's Always Woodstock
en,English,Jack Brooks: Monster Slayer
hu,Magyar,In the Shadow of the Moon
en,English,The Best Years of Our Lives
en,English,Bully
no,Norsk,Elling
es,Español,Mi America
en,English,Mi America
ja,日本語,[REC]
es,Español,[REC]
en,English,Lies in Plain Sight
[],[],Sharkskin
en,English,Containment
en,English,The Timber
en,English,From Russia with Love
ru,Pусский,From Russia with Love
tr,Türkçe,From Russia with Love
ro,Română,From Russia with Love
en,English,The Toxic Avenger Part II
ja,日本語,The Toxic Avenger Part II
en,English,Sleeper
yi,,Sleeper
en,English,It Follows
en,English,Everything You Always Wanted to Know About Sex *But Were Afraid to Ask
it,Italiano,Everything You Always Wanted to Know About Sex *But Were Afraid to Ask
en,English,To Kill a Mockingbird
en,English,Mad Max 2: The Road Warrior
cn,广州话 / 廣州話,The Legend of Drunken Master
en,English,Boom Town
en,English,Boys Don't Cry
en,English,Silent House
de,Deutsch,The Lives of Others
en,English,Courageous
en,English,The Hustler
fr,Français,The Triplets of Belleville
pt,Português,The Triplets of Belleville
en,English,Smoke Signals
en,English,American Splendor
en,English,Before Sunset
fr,Français,Before Sunset
es,Español,Amores perros
en,English,Thirteen
pt,Português,Thirteen
es,Español,Thirteen
en,English,Gentleman's Agreement
en,English,Winter's Bone
en,English,Touching the Void
en,English,Alexander's Ragtime Band
en,English,Me and You and Everyone We Know
en,English,Inside Job
en,English,We Are Your Friends
it,Italiano,We Are Your Friends
en,English,Ghost Dog: The Way of the Samurai
en,English,Harsh Times
es,Español,Harsh Times
ko,한국어/조선말,Harsh Times
en,English,Captive
en,English,Full Frontal
de,Deutsch,Witchboard
en,English,Shortbus
he,עִבְרִית,Waltz with Bashir
ar,العربية,Waltz with Bashir
de,Deutsch,Waltz with Bashir
en,English,Waltz with Bashir
[],[],"The Book of Mormon Movie, Volume 1: The Journey"
en,English,Meek's Cutoff
en,English,Inside Deep Throat
en,English,Dinner Rush
fr,Français,Dinner Rush
it,Italiano,Dinner Rush
en,English,Clockwatchers
en,English,The Virginity Hit
fr,Français,The Virginity Hit
fr,Français,Subway
en,English,24 7: Twenty Four Seven
en,English,House of D
fr,Français,House of D
en,English,Teeth
en,English,Six-String Samurai
[],[],Hum To Mohabbat Karega
en,English,It's All Gone Pete Tong
en,English,Saint John of Las Vegas
it,Italiano,Saint John of Las Vegas
en,English,Stonewall
en,English,Roadside Romeo
hi,हिन्दी,Roadside Romeo
[],[],This Thing of Ours
en,English,The Lost Medallion: The Adventures of Billy Stone
de,Deutsch,The Lost Medallion: The Adventures of Billy Stone
en,English,The Last Five Years
en,English,The Missing Person
cs,Český,Return of the Living Dead 3
en,English,Return of the Living Dead 3
it,Italiano,Return of the Living Dead 3
en,English,London
en,English,Sherrybaby
en,English,Circle
en,English,Eden Lake
en,English,Plush
en,English,Lesbian Vampire Killers
af,Afrikaans,Gangster's Paradise: Jerusalema
en,English,Gangster's Paradise: Jerusalema
en,English,Freeze Frame
en,English,Grave Encounters
en,English,Stitches
en,English,Nine Dead
[],[],"To Be Frank, Sinatra at 100"
yi,,Bananas
en,English,Bananas
en,English,Supercapitalist
en,English,Rockaway
de,Deutsch,Rockaway
ru,Pусский,Rockaway
es,Español,Rockaway
cn,广州话 / 廣州話,The Lady from Shanghai
en,English,The Lady from Shanghai
en,English,No Man's Land: The Rise of Reeker
pl,Polski,No Man's Land: The Rise of Reeker
en,English,Hellraiser
en,English,Highway
en,English,Small Apartments
en,English,Coffee Town
en,English,The Ghastly Love of Johnny X
en,English,All Is Bright
de,Deutsch,The Torture Chamber of Dr. Sadism
en,English,Straight A's
en,English,A Funny Thing Happened on the Way to the Forum
en,English,Slacker Uprising
en,English,The Legend of Hell's Gate: An American Conspiracy
fr,Français,The Legend of Hell's Gate: An American Conspiracy
en,English,The Walking Deceased
de,Deutsch,The Walking Deceased
en,English,The Curse of Downers Grove
en,English,Shark Lake
en,English,River's Edge
en,English,Northfork
en,English,The Marine 4: Moving Target
en,English,Buried
en,English,Submarine
ar,العربية,The Square
fr,Français,One to Another
hi,हिन्दी,ABCD (Any Body Can Dance)
en,English,Hang 'em High
en,English,Man on Wire
fr,Français,Man on Wire
en,English,Abandoned
en,English,Brotherly Love
en,English,The Last Exorcism
en,English,Nowhere Boy
en,English,"First Love, Last Rites"
en,English,A Streetcar Named Desire
en,English,Dr. Strangelove or: How I Learned to Stop Worrying and Love the Bomb
es,Español,The Crime of Padre Amaro
en,English,Beasts of the Southern Wild
en,English,May
en,English,Battle for the Planet of the Apes
en,English,Songcatcher
en,English,Higher Ground
ta,தமிழ்,Vaalu
en,English,The Greatest Movie Ever Sold
en,English,Ed and His Dead Mother
dz,,Travellers and Magicians
en,English,Deadline - U.S.A.
de,Deutsch,Deadline - U.S.A.
en,English,Sublime
en,English,A Beginner's Guide to Snuff
en,English,Independence Daysaster
fr,Français,Independence Daysaster
de,Deutsch,Independence Daysaster
en,English,Dysfunctional Friends
de,Deutsch,Run Lola Run
en,English,Run Lola Run
ja,日本語,Run Lola Run
en,English,Against the Wild
en,English,Under the Same Moon
es,Español,Under the Same Moon
en,English,Conquest of the Planet of the Apes
sh,,In the Bedroom
en,English,In the Bedroom
en,English,You Can't Take It With You
ru,Pусский,You Can't Take It With You
en,English,Fighting Tommy Riley
en,English,I Spit on Your Grave
en,English,"Happy, Texas"
en,English,My Summer of Love
en,English,The Lunchbox
hi,हिन्दी,The Lunchbox
en,English,Yes
en,English,From Here to Eternity
en,English,She Wore a Yellow Ribbon
en,English,Grace Unplugged
en,English,Foolish
[],[],N-Secure
fr,Français,Mississippi Mermaid
fr,Français,Caramel
ar,العربية,Caramel
en,English,Out of the Dark
he,עִבְרִית,The Bubble
en,English,The Conversation
en,English,Dil Jo Bhi Kahey...
hi,हिन्दी,Dil Jo Bhi Kahey...
en,English,Royal Kill
de,Deutsch,I Love Your Work
en,English,Cabin Fever
en,English,Waitress
en,English,Bloodsport
en,English,Mr. Smith Goes to Washington
en,English,Kids
en,English,The Squid and the Whale
fr,Français,The Squid and the Whale
en,English,Kissing Jessica Stein
en,English,Kickboxer: Vengeance
th,ภาษาไทย,Kickboxer: Vengeance
en,English,Spellbound
en,English,Exotica
he,עִבְרִית,Exotica
en,English,Buffalo '66
en,English,Insidious
en,English,Repo Man
es,Español,Nine Queens
en,English,The Gatekeepers
he,עִבְרִית,The Gatekeepers
en,English,The Ballad of Jack and Rose
en,English,The To Do List
en,English,Killing Zoe
fr,Français,Killing Zoe
en,English,The Believer
he,עִבְרִית,The Believer
hu,Magyar,The Believer
en,English,Snow Angels
en,English,Unsullied
en,English,Session 9
en,English,Hatchet
en,English,Modern Times
en,English,Stolen Summer
en,English,My Name Is Bruce
en,English,The Salon
en,English,Road Hard
en,English,Forty Shades of Blue
en,English,Amigo
hy,,Pontypool
en,English,Pontypool
fr,Français,Pontypool
en,English,Trucker
[],[],Me You and Five Bucks
en,English,The Lords of Salem
en,English,Housebound
en,English,Wal-Mart: The High Cost of Low Price
en,English,Fetching Cody
en,English,Last I Heard
en,English,Closer to the Moon
ro,Română,Closer to the Moon
[],[],Mutant World
en,English,Growing Up Smith
en,English,Checkmate
en,English,#Horror
es,Español,#Horror
en,English,Wind Walkers
en,English,Snow White and the Seven Dwarfs
es,Español,The Holy Girl
de,Deutsch,Shalako
en,English,Shalako
es,Español,Shalako
[],[],Incident at Loch Ness
en,English,The Dog Lover
en,English,GirlHouse
fr,Français,The Blue Room
en,English,House at the End of the Drive
en,English,Batman
en,English,"Lock, Stock and Two Smoking Barrels"
en,English,The Ballad of Gregorio Cortez
da,Dansk,The Celebration
de,Deutsch,The Celebration
en,English,The Celebration
it,Italiano,Trees Lounge
en,English,Trees Lounge
en,English,Journey from the Fall
vi,Tiếng Việt,Journey from the Fall
[],[],The Basket
en,English,Eddie: The Sleepwalking Cannibal
ky,??????,Queen of the Mountains
en,English,Def-Con 4
ru,Pусский,The Hebrew Hammer
fr,Français,Neal 'n' Nikki
en,English,Neal 'n' Nikki
hi,हिन्दी,Neal 'n' Nikki
en,English,The 41–Year–Old Virgin Who Knocked Up Sarah Marshall and Felt Superbad About It
ru,Pусский,The 41–Year–Old Virgin Who Knocked Up Sarah Marshall and Felt Superbad About It
fr,Français,Forget Me Not
de,Deutsch,Forget Me Not
en,English,Rebecca
fr,Français,Rebecca
en,English,Friday the 13th Part 2
en,English,The Lost Weekend
en,English,Below Zero
en,English,C.H.U.D.
[],[],Filly Brown
en,English,The Lion of Judah
en,English,Niagara
en,English,How Green Was My Valley
cy,Cymraeg,How Green Was My Valley
en,English,Da Sweet Blood of Jesus
[],[],Crowsnest
en,English,"Sex, Lies, and Videotape"
en,English,Saw
en,English,Super Troopers
[],[],The Algerian
es,Español,The Amazing Catfish
en,English,From a Whisper to a Scream
de,Deutsch,From a Whisper to a Scream
en,English,Monsoon Wedding
hi,हिन्दी,Monsoon Wedding
en,English,You Can Count on Me
en,English,The Trouble with Harry
en,English,But I'm a Cheerleader
en,English,Home Run
de,Deutsch,Home Run
en,English,The Blue Bird
fr,Français,The Blue Bird
it,Italiano,"The Good, the Bad and the Ugly"
pt,Português,The Second Mother
en,English,Blue Like Jazz
[],[],Down & Out With The Dolls
en,English,"Pink Ribbons, Inc."
fr,Français,Desire
es,Español,The Blade of Don Juan
en,English,Grand Theft Parsons
en,English,Extreme Movie
de,Deutsch,Extreme Movie
hu,Magyar,Extreme Movie
en,English,The Charge of the Light Brigade
de,Deutsch,Casablanca
fr,Français,Casablanca
it,Italiano,Casablanca
en,English,Casablanca
en,English,Airborne
en,English,Cotton Comes to Harlem
en,English,The Wicked Within
[],[],Bleeding Hearts
en,English,Waiting...
ru,Pусский,Waiting...
en,English,Dead Man's Shoes
[],[],Sex With Strangers
en,English,Dracula: Pages from a Virgin's Diary
en,English,Faith Like Potatoes
zu,isiZulu,Faith Like Potatoes
en,English,Beyond the Black Rainbow
id,Bahasa indonesia,The Raid
en,English,The Dead Undead
it,Italiano,The Vatican Exorcisms
en,English,The Vatican Exorcisms
en,English,Lake Mungo
de,Deutsch,Lake Mungo
hi,हिन्दी,Rocket Singh: Salesman of the Year
en,English,Silent Running
de,Deutsch,Silent Running
en,English,Rocky
en,English,The Sleepwalker
en,English,Tom Jones
en,English,Unfriended
en,English,Taxi Driver
es,Español,Taxi Driver
en,English,The Howling
en,English,Dr. No
fr,Français,Dr. No
en,English,Chernobyl Diaries
en,English,God's Not Dead 2
en,English,Cry_Wolf
de,Deutsch,Cry_Wolf
pt,Português,Cry_Wolf
ja,日本語,Godzilla 2000
en,English,Blue Valentine
en,English,The Perfect Host
en,English,Transamerica
en,English,The Devil Inside
en,English,Beyond the Valley of the Dolls
en,English,Love Me Tender
en,English,An Inconvenient Truth
ur,اردو,Karachi se Lahore
en,English,Sands of Iwo Jima
en,English,Shine a Light
en,English,The Green Inferno
en,English,Departure
fr,Français,Departure
en,English,The Sessions
cn,广州话 / 廣州話,Clean
en,English,Clean
fr,Français,Clean
en,English,"Food, Inc."
en,English,October Baby
en,English,Next Stop Wonderland
en,English,The Skeleton Twins
en,English,Martha Marcy May Marlene
en,English,Obvious Child
en,English,Frozen River
fr,Français,Frozen River
ur,اردو,Frozen River
zh,普通话,Frozen River
en,English,20 Feet from Stardom
en,English,Two Girls and a Guy
en,English,Walking and Talking
en,English,Who Killed the Electric Car?
fr,Français,Who Killed the Electric Car?
hu,Magyar,Who Killed the Electric Car?
en,English,Guiana 1838
en,English,The Broken Hearts Club: A Romantic Comedy
fr,Français,The Broken Hearts Club: A Romantic Comedy
ru,Pусский,The Broken Hearts Club: A Romantic Comedy
en,English,Bubba Ho-tep
de,Deutsch,Bubba Ho-tep
[],[],Slam
en,English,Brigham City
hi,हिन्दी,Fiza
ur,اردو,Fiza
ar,العربية,Ajami
he,עִבְרִית,Ajami
en,English,Orgazmo
ja,日本語,Orgazmo
en,English,All the Real Girls
en,English,Dream with the Fishes
en,English,Blue Car
en,English,Palo Alto
en,English,Wristcutters: A Love Story
en,English,I Origins
en,English,The Battle of Shaker Heights
en,English,The Act of Killing
id,Bahasa indonesia,The Act of Killing
en,English,Taxi to the Dark Side
en,English,Once in a Lifetime: The Extraordinary Story of the New York Cosmos
en,English,Antarctica: A Year on Ice
en,English,A LEGO Brickumentary
en,English,Hardflip
hi,हिन्दी,Chocolate: Deep Dark Secrets
en,English,The House of the Devil
fa,فارسی,The Circle
en,English,Safe Men
en,English,Speedway Junky
en,English,The Last Big Thing
en,English,The Specials
en,English,16 to Life
en,English,Alone With Her
es,Español,Alone With Her
en,English,Creative Control
en,English,Special
[],[],Sparkler
en,English,The Helix... Loaded
en,English,In Her Line of Fire
en,English,The Jimmy Show
es,Español,Heli
en,English,Loving Annabelle
en,English,Hits
en,English,Jimmy and Judy
en,English,Frat Party
en,English,The Party's Over
[],[],Proud
[],[],Interview with the Assassin
en,English,The Poker House
es,Español,The Poker House
en,English,Childless
en,English,ZMD: Zombies of Mass Destruction
en,English,Snow White: A Deadly Summer
es,Español,Hidden Away
en,English,My Last Day Without You
en,English,Steppin: The Movie
[],[],Doc Holliday's Revenge
en,English,Black Rock
en,English,Truth or Dare
de,Deutsch,The Pet
en,English,Bang Bang Baby
en,English,Fear Clinic
en,English,Zombie Hunter
en,English,A Fine Step
en,English,Charly
en,English,Banshee Chapter
[],[],Water & Power
en,English,Ask Me Anything
en,English,And Then Came Love
en,English,Food Chains
en,English,On the Waterfront
en,English,L!fe Happens
ro,Română,"4 Months, 3 Weeks and 2 Days"
en,English,Everything Put Together
[],[],The Horror Network Vol. 1
en,English,Hard Candy
en,English,The Quiet
en,English,Circumstance
fr,Français,Circumstance
fa,فارسی,Circumstance
en,English,Fruitvale Station
en,English,The Brass Teapot
en,English,Bambi
en,English,The Hammer
en,English,Latter Days
fr,Français,Elza
en,English,1982
en,English,"For a Good Time, Call..."
en,English,Celeste & Jesse Forever
en,English,Time Changer
en,English,London to Brighton
en,English,American Hero
en,English,Windsor Drive
fa,فارسی,A Separation
en,English,Crying with Laughter
en,English,Welcome to the Dollhouse
en,English,Ruby in Paradise
en,English,Raising Victor Vargas
es,Español,Raising Victor Vargas
de,Deutsch,Pandora's Box
[],[],Harrison Montgomery
es,Español,Live-In Maid
en,English,Deterrence
en,English,The Mudge Boy
en,English,The Young Unknowns
en,English,Iraq for Sale: The War Profiteers
en,English,Not Cool
no,Norsk,Dead Snow
en,English,Saints and Soldiers
de,Deutsch,Saints and Soldiers
en,English,Vessel
en,English,American Graffiti
en,English,Aqua Teen Hunger Force Colon Movie Film for Theaters
en,English,Safety Not Guaranteed
en,English,Kevin Hart: Laugh at My Pain
sv,svenska,Kill List
en,English,Kill List
en,English,The Innkeepers
en,English,The Conformist
fr,Français,The Conformist
it,Italiano,The Conformist
la,Latin,The Conformist
zh,普通话,The Conformist
en,English,Donkey Punch
en,English,All the Boys Love Mandy Lane
de,Deutsch,Bled
en,English,Bled
en,English,High Noon
en,English,Hoop Dreams
en,English,Rize
en,English,L.I.E.
en,English,The Sisterhood of Night
en,English,B-Girl
en,English,Half Nelson
en,English,Naturally Native
en,English,Hav Plenty
en,English,Adulterers
en,English,Escape from Tomorrow
en,English,Starsuckers
en,English,The Hadza:  Last of the First
en,English,After
[],[],Treachery
en,English,Walter
en,English,Top Hat
it,Italiano,Top Hat
en,English,The Blair Witch Project
en,English,Woodstock
en,English,The Kentucky Fried Movie
en,English,Mercy Streets
en,English,Carousel of Revenge
[],[],Broken Vessels
fr,Français,They Will Have to Kill Us First
en,English,They Will Have to Kill Us First
bm,Bamanankan,They Will Have to Kill Us First
[],[],Light from the Darkroom
fr,Français,The Country Doctor
en,English,The Maid's Room
en,English,A Hard Day's Night
[],[],The Harvest (La Cosecha)
en,English,Love Letters
en,English,Juliet and Alfa Romeo
sl,Slovenščina,Juliet and Alfa Romeo
en,English,Fireproof
hi,हिन्दी,Faith Connections
en,English,Benji
en,English,Open Water
en,English,High Road
en,English,Kingdom of the Spiders
en,English,Mad Hot Ballroom
es,Español,Mad Hot Ballroom
en,English,The Station Agent
en,English,To Save A Life
en,English,Wordplay
en,English,Beyond the Mat
[],[],The Singles Ward
en,English,Osama
fr,Français,Osama
hu,Magyar,Osama
ps,پښتو,Osama
[],[],Sholem Aleichem: Laughing In The Darkness
en,English,Groove
en,English,The R.M.
en,English,Twin Falls Idaho
en,English,Mean Creek
en,English,Hurricane Streets
en,English,Never Again
en,English,Civil Brand
en,English,Lonesome Jim
en,English,Drinking Buddies
en,English,Deceptive Practice: The Mysteries and Mentors of Ricky Jay
ja,日本語,Seven Samurai
en,English,The Other Dream Team
en,English,Johnny Suede
en,English,Finishing The Game
en,English,Rubber
en,English,Kiss the Bride
en,English,The Slaughter Rule
en,English,Good Kill
es,Español,Monsters
en,English,Monsters
en,English,The Californians
[],[],The Living Wake
en,English,Detention of the Dead
zh,普通话,Crazy Stone
en,English,Scott Walker: 30 Century Man
en,English,Girls Gone Dead
[],[],America Is Still the Place
en,English,Subconscious
en,English,Enter Nowhere
de,Deutsch,Enter Nowhere
es,Español,El Rey de Najayo
en,English,Fight to the Finish
[],[],Alleluia! The Devil's Carnival
en,English,The Sound and the Shadow
en,English,Rodeo Girl
en,English,Born to Fly: Elizabeth Streb vs. Gravity
en,English,The Little Ponderosa Zoo
en,English,The Toxic Avenger
[],[],Straight Out of Brooklyn
en,English,Bloody Sunday
ga,Gaeilge,Bloody Sunday
[],[],Diamond Ruff
en,English,Conversations with Other Women
en,English,Poultrygeist: Night of the Chicken Dead
en,English,Mutual Friends
en,English,42nd Street
[],[],Rise of the Entrepreneur: The Search for a Better Way
en,English,Metropolitan
en,English,As It Is in Heaven
it,Italiano,As It Is in Heaven
sv,svenska,As It Is in Heaven
[],[],Roadside
en,English,Napoleon Dynamite
en,English,Paranormal Activity
en,English,Dogtown and Z-Boys
fr,Français,Monty Python and the Holy Grail
la,Latin,Monty Python and the Holy Grail
en,English,Monty Python and the Holy Grail
en,English,Quinceañera
[],[],Gory Gory Hallelujah
en,English,Tarnation
[],[],I Want Your Money
[],[],Love in the Time of Monsters
en,English,The Beyond
it,Italiano,The Beyond
en,English,What Happens in Vegas
sh,,What Happens in Vegas
en,English,The Dark Hours
pl,Polski,The Dark Hours
en,English,My Beautiful Laundrette
[],[],Fabled
en,English,Show Me
sv,svenska,Cries and Whispers
en,English,The Looking Glass
en,English,Intolerance
en,English,Trekkies
en,English,The Broadway Melody
en,English,The Evil Dead
en,English,Maniac
en,English,Death Race 2000
en,English,Censored Voices
he,עִבְרִית,Censored Voices
en,English,Murderball
en,English,American Ninja 2: The Confrontation
[],[],51 Birch Street
[],[],Rotor DR1
en,English,12 Angry Men
en,English,My Dog Tulip
en,English,It Happened One Night
el,ελληνικά,Dogtooth
en,English,Tupac: Resurrection
en,English,Tumbleweeds
en,English,Super Hybrid
en,English,The Prophecy
fr,Français,When the Cat's Away
zh,普通话,Pieces of April
en,English,Pieces of April
en,English,The Big Swap
en,English,Old Joy
en,English,Baghead
en,English,Wendy and Lucy
en,English,3 Backyards
fr,Français,Pierrot le Fou
en,English,Sisters in Law
en,English,Ayurveda: Art of Being
hi,हिन्दी,Ayurveda: Art of Being
en,English,Nothing But a Man
en,English,American Beast
en,English,Locker 13
en,English,Midnight Cabaret
en,English,Anderson's Cross
en,English,Bizarre
en,English,Graduation Day
en,English,Some Guy Who Kills People
en,English,Compliance
fr,Français,Compliance
de,Deutsch,Compliance
en,English,Chasing Amy
en,English,Lovely & Amazing
[],[],Death Calls
en,English,Better Luck Tomorrow
en,English,The Incredibly True Adventure of Two Girls In Love
en,English,Chuck & Buck
en,English,Shotgun Stories
en,English,American Desi
en,English,Amidst the Devil's Wings
de,Deutsch,Cube
en,English,Cube
en,English,Love and Other Catastrophes
en,English,I Married a Strange Person!
en,English,November
en,English,The Christmas Bunny
de,Deutsch,The Christmas Bunny
en,English,Like Crazy
en,English,Teeth and Blood
en,English,Sugar Town
en,English,The Motel
zh,普通话,The Motel
en,English,The Canyons
en,English,On the Outs
en,English,Along the Roadside
cn,广州话 / 廣州話,Exam
en,English,Exam
fr,Français,Exam
[],[],The Sticky Fingers of Time
[],[],Sunday School Musical
[],[],Rust
en,English,Ink
fr,Français,The Case of the Grinning Cat
de,Deutsch,Butterfly
en,English,Butterfly
[],[],UnDivided
[],[],The Frozen
en,English,Horse Camp
en,English,Give Me Shelter
[],[],The Big Parade
en,English,Little Big Top
en,English,Bronson
en,English,Western Religion
en,English,Burn
[],[],Urbania
[],[],The Stewardesses
en,English,"The Beast from 20,000 Fathoms"
fr,Français,"The Beast from 20,000 Fathoms"
en,English,Perfect Cowboy
en,English,Mad Max
en,English,Swingers
it,Italiano,A Fistful of Dollars
es,Español,A Fistful of Dollars
en,English,She Done Him Wrong
[],[],Short Cut to Nirvana: Kumbh Mela
en,English,The Grace Card
en,English,Middle of Nowhere
en,English,Three
de,Deutsch,Three
en,English,The Business of Fancydancing
[],[],Call + Response
pl,Polski,Malevolence
en,English,Malevolence
[],[],Reality Show
da,Dansk,Ordet
en,English,Good Dick
en,English,The Man from Earth
en,English,The Trials Of Darryl Hunt
en,English,Samantha: An American Girl Holiday
[],[],Cavite
en,English,Yesterday Was a Lie
en,English,Theresa Is a Mother
en,English,H.
en,English,Archaeology of a Woman
fa,فارسی,Children of Heaven
en,English,A Charlie Brown Christmas
es,Español,A Charlie Brown Christmas
en,English,Weekend
en,English,She's Gotta Have It
en,English,Butterfly Girl
ro,Română,The World Is Mine
en,English,Another Earth
en,English,Sweet Sweetback's Baadasssss Song
en,English,Tadpole
fr,Français,Tadpole
en,English,Once
en,English,The Woman Chaser
en,English,The Horse Boy
de,Deutsch,The Horse Boy
mn,,The Horse Boy
en,English,When the Lights Went Out
en,English,Heroes of Dirt
en,English,Aroused
en,English,Top Spin
en,English,Roger & Me
en,English,An American in Hollywood
en,English,Sound of My Voice
[],[],The Blood of My Brother: A Story of Death in Iraq
en,English,The Lost Skeleton of Cadavra
en,English,Your Sister's Sister
[],[],A Dog's Breakfast
fr,Français,The Married Woman
en,English,The Birth of a Nation
en,English,The Work and The Story
en,English,The Gallows
en,English,Eraserhead
en,English,Hollywood Shuffle
en,English,The Mighty
en,English,Penitentiary
[],[],Dude Where's My Dog?
en,English,Cheap Thrills
en,English,Indie Game: The Movie
en,English,Straightheads
en,English,Open Secret
en,English,Echo Dr.
en,English,The Night Visitor
en,English,The Past Is a Grotesque Animal
en,English,"Peace, Propaganda & the Promised Land"
en,English,Pi
en,English,"I Love You, Don't Touch Me!"
en,English,The Signal
en,English,20 Dates
en,English,Queen Crab
en,English,Super Size Me
en,English,The FP
en,English,Happy Christmas
[],[],Her Cry: La Llorona Investigation
en,English,The Brain That Wouldn't Die
en,English,Tiger Orange
en,English,Supporting Characters
en,English,Absentia
en,English,The Brothers McMullen
en,English,The Dirties
pt,Português,Gabriela
en,English,Tiny Furniture
en,English,Hayride
[],[],The Naked Ape
en,English,Counting
en,English,The Call of Cthulhu
en,English,Bending Steel
en,English,The Image Revolution
en,English,This Is Martin Bonner
[],[],A True Story
en,English,George Washington
en,English,Smiling Fish & Goat On Fire
en,English,Down Terrace
en,English,Dawn of the Crescent Moon
en,English,Raymond Did It
en,English,The Last Waltz
en,English,"Run, Hide, Die"
en,English,The Exploding Girl
[],[],The Legend of God's Gun
en,English,Mutual Appreciation
en,English,Clerks
en,English,Pink Narcissus
fr,Français,Pink Narcissus
en,English,Funny Ha Ha
en,English,In the Company of Men
es,Español,Manito
en,English,Manito
en,English,Rampage
en,English,Slacker
[],[],Dutch Kills
en,English,Dry Spell
en,English,Flywheel
en,English,Backmask
[],[],The Puffy Chair
sw,Kiswahili,Stories of Our Lives
en,English,Stories of Our Lives
en,English,Breaking Upwards
en,English,All Superheroes Must Die
en,English,Pink Flamingos
en,English,Tin Can Man
ja,日本語,Cure
[],[],On The Downlow
en,English,Sanctuary: Quite a Conundrum
en,English,Bang
en,English,Primer
es,Español,El Mariachi
[],[],Newlyweds
en,English,"Signed, Sealed, Delivered"
en,English,Shanghai Calling
en,English,My Date with Drew
